strekning_id,cell_index,rad,kolonne,x_midten,y_midten,overlapp_m2,andel_av_buffer,nve_data_stottet
46_RV13_S20,1606192,1344,112,37500,6655500,137279.9285704825,0.002789989870666008,True
46_RV13_S20,1606193,1344,113,38500,6655500,808220.4929019489,0.016425758753971065,True
46_RV13_S20,1606194,1344,114,39500,6655500,952730.6939524962,0.019362692079456685,True
46_RV13_S20,1606195,1344,115,40500,6655500,515807.7945464567,0.010482949233589695,True
46_RV13_S20,1607387,1345,112,37500,6654500,642458.1172635044,0.013056909762100059,True
46_RV13_S20,1607388,1345,113,38500,6654500,1000000.0,0.020323363362136124,True
46_RV13_S20,1607389,1345,114,39500,6654500,1000000.0,0.020323363362136124,True
46_RV13_S20,1607390,1345,115,40500,6654500,999911.7335765158,0.020321569491538977,True
46_RV13_S20,1607391,1345,116,41500,6654500,182398.3656494443,0.0037069482617534243,True
46_RV13_S20,1608581,1346,111,36500,6653500,92970.80763026528,0.0018894795055411388,True
46_RV13_S20,1608582,1346,112,37500,6653500,892809.9838121103,0.018144901714356388,True
46_RV13_S20,1608583,1346,113,38500,6653500,1000000.0,0.020323363362136124,True
46_RV13_S20,1608584,1346,114,39500,6653500,1000000.0,0.020323363362136124,True
46_RV13_S20,1608585,1346,115,40500,6653500,1000000.0,0.020323363362136124,True
46_RV13_S20,1608586,1346,116,41500,6653500,341485.1362795087,0.006940126507377028,True
46_RV13_S20,1609775,1347,110,35500,6652500,283463.6920789445,0.005760935614093057,True
46_RV13_S20,1609776,1347,111,36500,6652500,886463.0809052227,0.018015911300355514,True
46_RV13_S20,1609777,1347,112,37500,6652500,1000000.0,0.020323363362136124,True
46_RV13_S20,1609778,1347,113,38500,6652500,1000000.0,0.020323363362136124,True
46_RV13_S20,1609779,1347,114,39500,6652500,1000000.0,0.020323363362136124,True
46_RV13_S20,1609780,1347,115,40500,6652500,1000000.0,0.020323363362136124,True
46_RV13_S20,1609781,1347,116,41500,6652500,417700.07308505574,0.008489070361698403,True
46_RV13_S20,1610969,1348,109,34500,6651500,365172.1952958523,0.007421527214746542,True
46_RV13_S20,1610970,1348,110,35500,6651500,962363.5474490382,0.01955846406128113,True
46_RV13_S20,1610971,1348,111,36500,6651500,1000000.0,0.020323363362136124,True
46_RV13_S20,1610972,1348,112,37500,6651500,1000000.0,0.020323363362136124,True
46_RV13_S20,1610973,1348,113,38500,6651500,1000000.0,0.020323363362136124,True
46_RV13_S20,1610974,1348,114,39500,6651500,1000000.0,0.020323363362136124,True
46_RV13_S20,1610975,1348,115,40500,6651500,983861.2386002869,0.019995369449994936,True
46_RV13_S20,1610976,1348,116,41500,6651500,179521.172074943,0.003648474011275631,True
46_RV13_S20,1612163,1349,108,33500,6650500,236816.46054446185,0.004812906977780071,True
46_RV13_S20,1612164,1349,109,34500,6650500,995543.5883456183,0.020232794088792867,True
46_RV13_S20,1612165,1349,110,35500,6650500,1000000.0,0.020323363362136124,True
46_RV13_S20,1612166,1349,111,36500,6650500,1000000.0,0.020323363362136124,True
46_RV13_S20,1612167,1349,112,37500,6650500,1000000.0,0.020323363362136124,True
46_RV13_S20,1612168,1349,113,38500,6650500,1000000.0,0.020323363362136124,True
46_RV13_S20,1612169,1349,114,39500,6650500,809541.5999825962,0.016452608093211352,True
46_RV13_S20,1612170,1349,115,40500,6650500,301423.00586322043,0.006125929273865516,True
46_RV13_S20,1613358,1350,108,33500,6649500,503334.3933385324,0.010229447768479342,True
46_RV13_S20,1613359,1350,109,34500,6649500,1000000.0,0.020323363362136124,True
46_RV13_S20,1613360,1350,110,35500,6649500,1000000.0,0.020323363362136124,True
46_RV13_S20,1613361,1350,111,36500,6649500,1000000.0,0.020323363362136124,True
46_RV13_S20,1613362,1350,112,37500,6649500,1000000.0,0.020323363362136124,True
46_RV13_S20,1613363,1350,113,38500,6649500,683247.2661236502,0.013885882455617064,True
46_RV13_S20,1613364,1350,114,39500,6649500,34115.12845565953,0.0006933341517503184,True
46_RV13_S20,1614553,1351,108,33500,6648500,349151.55850386893,0.007095933991930257,True
46_RV13_S20,1614554,1351,109,34500,6648500,1000000.0,0.020323363362136124,True
46_RV13_S20,1614555,1351,110,35500,6648500,1000000.0,0.020323363362136124,True
46_RV13_S20,1614556,1351,111,36500,6648500,1000000.0,0.020323363362136124,True
46_RV13_S20,1614557,1351,112,37500,6648500,987963.8356166803,0.020078748019887516,True
46_RV13_S20,1614558,1351,113,38500,6648500,45183.540535341795,0.0009182815122875578,True
46_RV13_S20,1615748,1352,108,33500,6647500,124600.89617267135,0.0025323092881649957,True
46_RV13_S20,1615749,1352,109,34500,6647500,1000000.0,0.020323363362136124,True
46_RV13_S20,1615750,1352,110,35500,6647500,1000000.0,0.020323363362136124,True
46_RV13_S20,1615751,1352,111,36500,6647500,1000000.0,0.020323363362136124,True
46_RV13_S20,1615752,1352,112,37500,6647500,999096.9347168477,0.02030501003824689,True
46_RV13_S20,1615753,1352,113,38500,6647500,86538.42614259468,0.0017587518792833315,True
46_RV13_S20,1616943,1353,108,33500,6646500,39392.33702837662,0.0008005847791114275,True
46_RV13_S20,1616944,1353,109,34500,6646500,972542.2611843116,0.019765329759082257,True
46_RV13_S20,1616945,1353,110,35500,6646500,1000000.0,0.020323363362136124,True
46_RV13_S20,1616946,1353,111,36500,6646500,1000000.0,0.020323363362136124,True
46_RV13_S20,1616947,1353,112,37500,6646500,833401.2479411957,0.01693751638836662,True
46_RV13_S20,1618139,1354,109,34500,6645500,408220.48421118193,0.008296413232491003,True
46_RV13_S20,1618140,1354,110,35500,6645500,955339.8778815265,0.019415719472525014,True
46_RV13_S20,1618141,1354,111,36500,6645500,911578.5798841512,0.018526342712125637,True
46_RV13_S20,1618142,1354,112,37500,6645500,269395.3086922792,0.005475018746608018,True
46_RV13_S20,1619335,1355,110,35500,6644500,9307.32599775335,0.00018915616818219747,True
46_RV13_S20,1619336,1355,111,36500,6644500,4102.003442091069,8.33665064663499e-05,True
46_RV13_S21,1599023,1338,113,38500,6661500,137024.38067593426,0.003930246256558139,True
46_RV13_S21,1599024,1338,114,39500,6661500,313928.56746957445,0.009004357991166246,True
46_RV13_S21,1599025,1338,115,40500,6661500,63024.67547244068,0.001807725702713983,True
46_RV13_S21,1600217,1339,112,37500,6660500,248740.099674626,0.007134568613115402,True
46_RV13_S21,1600218,1339,113,38500,6660500,976341.4862908651,0.028004231456388,True
46_RV13_S21,1600219,1339,114,39500,6660500,1000000.0,0.02868282445189999,True
46_RV13_S21,1600220,1339,115,40500,6660500,883814.4231999388,0.02535029394870109,True
46_RV13_S21,1600221,1339,116,41500,6660500,69304.047794848,0.0019878358367057115,True
46_RV13_S21,1601412,1340,112,37500,6659500,688850.5283582399,0.01975817877849795,True
46_RV13_S21,1601413,1340,113,38500,6659500,1000000.0,0.02868282445189999,True
46_RV13_S21,1601414,1340,114,39500,6659500,1000000.0,0.02868282445189999,True
46_RV13_S21,1601415,1340,115,40500,6659500,1000000.0,0.02868282445189999,True
46_RV13_S21,1601416,1340,116,41500,6659500,342213.23036987806,0.009815642011816821,True
46_RV13_S21,1602606,1341,111,36500,6658500,27153.74358166565,0.0007788460603648219,True
46_RV13_S21,1602607,1341,112,37500,6658500,949655.7337809771,0.027238808701780033,True
46_RV13_S21,1602608,1341,113,38500,6658500,1000000.0,0.02868282445189999,True
46_RV13_S21,1602609,1341,114,39500,6658500,1000000.0,0.02868282445189999,True
46_RV13_S21,1602610,1341,115,40500,6658500,1000000.0,0.02868282445189999,True
46_RV13_S21,1602611,1341,116,41500,6658500,233254.99227666907,0.006690411996000987,True
46_RV13_S21,1603801,1342,111,36500,6657500,221364.8714653572,0.006349369748058245,True
46_RV13_S21,1603802,1342,112,37500,6657500,1000000.0,0.02868282445189999,True
46_RV13_S21,1603803,1342,113,38500,6657500,1000000.0,0.02868282445189999,True
46_RV13_S21,1603804,1342,114,39500,6657500,1000000.0,0.02868282445189999,True
46_RV13_S21,1603805,1342,115,40500,6657500,967155.1777273704,0.027740742180500298,True
46_RV13_S21,1603806,1342,116,41500,6657500,15985.382332934292,0.0004585059152520578,True
46_RV13_S21,1604996,1343,111,36500,6656500,241446.15117658826,0.006925357568784987,True
46_RV13_S21,1604997,1343,112,37500,6656500,1000000.0,0.02868282445189999,True
46_RV13_S21,1604998,1343,113,38500,6656500,1000000.0,0.02868282445189999,True
46_RV13_S21,1604999,1343,114,39500,6656500,1000000.0,0.02868282445189999,True
46_RV13_S21,1605000,1343,115,40500,6656500,824480.9426105419,0.023648442140835203,True
46_RV13_S21,1606191,1344,111,36500,6655500,182302.17475476625,0.005228941275690554,True
46_RV13_S21,1606192,1344,112,37500,6655500,1000000.0,0.02868282445189999,True
46_RV13_S21,1606193,1344,113,38500,6655500,1000000.0,0.02868282445189999,True
46_RV13_S21,1606194,1344,114,39500,6655500,1000000.0,0.02868282445189999,True
46_RV13_S21,1606195,1344,115,40500,6655500,931825.3537152536,0.02672738304044423,True
46_RV13_S21,1606196,1344,116,41500,6655500,5487.360223536081,0.00015739298999602408,True
46_RV13_S21,1607386,1345,111,36500,6654500,9629.39321846709,0.00027619819526360776,True
46_RV13_S21,1607387,1345,112,37500,6654500,973754.9199161489,0.027930041427128828,True
46_RV13_S21,1607388,1345,113,38500,6654500,1000000.0,0.02868282445189999,True
46_RV13_S21,1607389,1345,114,39500,6654500,1000000.0,0.02868282445189999,True
46_RV13_S21,1607390,1345,115,40500,6654500,1000000.0,0.02868282445189999,True
46_RV13_S21,1607391,1345,116,41500,6654500,178294.57346440575,0.005113991951405936,True
46_RV13_S21,1608582,1346,112,37500,6653500,712191.4366910747,0.02042766195475654,True
46_RV13_S21,1608583,1346,113,38500,6653500,1000000.0,0.02868282445189999,True
46_RV13_S21,1608584,1346,114,39500,6653500,1000000.0,0.02868282445189999,True
46_RV13_S21,1608585,1346,115,40500,6653500,1000000.0,0.02868282445189999,True
46_RV13_S21,1608586,1346,116,41500,6653500,180574.62298188414,0.005179390211457408,True
46_RV13_S21,1609777,1347,112,37500,6652500,147106.27926000007,0.004219423583786758,True
46_RV13_S21,1609778,1347,113,38500,6652500,829023.7449868585,0.023778742543914762,True
46_RV13_S21,1609779,1347,114,39500,6652500,971374.5553577073,0.027861765848367526,True
46_RV13_S21,1609780,1347,115,40500,6652500,536537.7659304716,0.015389418551998322,True
46_RV13_S21,1609781,1347,116,41500,6652500,6.695303623215644,1.9204021847686426e-07,True
46_RV13_S21,1610974,1348,114,39500,6651500,2222.707761570336,6.375353653299753e-05,True
46_RV13_S25,1572723,1316,103,28500,6683500,85050.08736106557,0.001702926244101911,True
46_RV13_S25,1572724,1316,104,29500,6683500,645446.0953314016,0.012923526935683287,True
46_RV13_S25,1572725,1316,105,30500,6683500,756912.4517655731,0.01515537630346024,True
46_RV13_S25,1572726,1316,106,31500,6683500,302163.647751555,0.006050110255445147,True
46_RV13_S25,1573918,1317,103,28500,6682500,640591.2195915855,0.012826319565700371,True
46_RV13_S25,1573919,1317,104,29500,6682500,1000000.0,0.020022627806041273,True
46_RV13_S25,1573920,1317,105,30500,6682500,1000000.0,0.020022627806041273,True
46_RV13_S25,1573921,1317,106,31500,6682500,971347.5923385208,0.01944893131168851,True
46_RV13_S25,1573922,1317,107,32500,6682500,137615.89175441282,0.0027554317807950723,True
46_RV13_S25,1575113,1318,103,28500,6681500,747933.945188485,0.01497560300801311,True
46_RV13_S25,1575114,1318,104,29500,6681500,1000000.0,0.020022627806041273,True
46_RV13_S25,1575115,1318,105,30500,6681500,1000000.0,0.020022627806041273,True
46_RV13_S25,1575116,1318,106,31500,6681500,1000000.0,0.020022627806041273,True
46_RV13_S25,1575117,1318,107,32500,6681500,442214.00747035246,0.008854286482196824,True
46_RV13_S25,1576308,1319,103,28500,6680500,704764.0794568141,0.014111228854031087,True
46_RV13_S25,1576309,1319,104,29500,6680500,1000000.0,0.020022627806041273,True
46_RV13_S25,1576310,1319,105,30500,6680500,1000000.0,0.020022627806041273,True
46_RV13_S25,1576311,1319,106,31500,6680500,1000000.0,0.020022627806041273,True
46_RV13_S25,1576312,1319,107,32500,6680500,414623.0793196398,0.008301843597011875,True
46_RV13_S25,1577503,1320,103,28500,6679500,837513.8508846834,0.016769228118668367,True
46_RV13_S25,1577504,1320,104,29500,6679500,1000000.0,0.020022627806041273,True
46_RV13_S25,1577505,1320,105,30500,6679500,1000000.0,0.020022627806041273,True
46_RV13_S25,1577506,1320,106,31500,6679500,1000000.0,0.020022627806041273,True
46_RV13_S25,1577507,1320,107,32500,6679500,322829.094787382,0.006463886809888969,True
46_RV13_S25,1578698,1321,103,28500,6678500,694266.5861509981,0.013901041452672324,True
46_RV13_S25,1578699,1321,104,29500,6678500,1000000.0,0.020022627806041273,True
46_RV13_S25,1578700,1321,105,30500,6678500,1000000.0,0.020022627806041273,True
46_RV13_S25,1578701,1321,106,31500,6678500,1000000.0,0.020022627806041273,True
46_RV13_S25,1578702,1321,107,32500,6678500,405809.97151978686,0.008125382019720902,True
46_RV13_S25,1579893,1322,103,28500,6677500,646940.837210774,0.012953455596000064,True
46_RV13_S25,1579894,1322,104,29500,6677500,1000000.0,0.020022627806041273,True
46_RV13_S25,1579895,1322,105,30500,6677500,1000000.0,0.020022627806041273,True
46_RV13_S25,1579896,1322,106,31500,6677500,1000000.0,0.020022627806041273,True
46_RV13_S25,1579897,1322,107,32500,6677500,415438.440263556,0.008318169265719494,True
46_RV13_S25,1581088,1323,103,28500,6676500,524825.5857947614,0.01050838736745609,True
46_RV13_S25,1581089,1323,104,29500,6676500,1000000.0,0.020022627806041273,True
46_RV13_S25,1581090,1323,105,30500,6676500,1000000.0,0.020022627806041273,True
46_RV13_S25,1581091,1323,106,31500,6676500,1000000.0,0.020022627806041273,True
46_RV13_S25,1581092,1323,107,32500,6676500,554767.5462069655,0.011107904096572875,True
46_RV13_S25,1582283,1324,103,28500,6675500,375480.51534146693,0.007518106607102763,True
46_RV13_S25,1582284,1324,104,29500,6675500,1000000.0,0.020022627806041273,True
46_RV13_S25,1582285,1324,105,30500,6675500,1000000.0,0.020022627806041273,True
46_RV13_S25,1582286,1324,106,31500,6675500,1000000.0,0.020022627806041273,True
46_RV13_S25,1582287,1324,107,32500,6675500,670656.7102813564,0.013428309695587653,True
46_RV13_S25,1583477,1325,102,27500,6674500,176.9562086678224,3.543128304123983e-06,True
46_RV13_S25,1583478,1325,103,28500,6674500,759764.9174697523,0.015212490162584516,True
46_RV13_S25,1583479,1325,104,29500,6674500,1000000.0,0.020022627806041273,True
46_RV13_S25,1583480,1325,105,30500,6674500,1000000.0,0.020022627806041273,True
46_RV13_S25,1583481,1325,106,31500,6674500,1000000.0,0.020022627806041273,True
46_RV13_S25,1583482,1325,107,32500,6674500,758868.2667214904,0.01519453685838006,True
46_RV13_S25,1584672,1326,102,27500,6673500,119002.08345688149,0.0023827344252005996,True
46_RV13_S25,1584673,1326,103,28500,6673500,1000000.0,0.020022627806041273,True
46_RV13_S25,1584674,1326,104,29500,6673500,1000000.0,0.020022627806041273,True
46_RV13_S25,1584675,1326,105,30500,6673500,1000000.0,0.020022627806041273,True
46_RV13_S25,1584676,1326,106,31500,6673500,1000000.0,0.020022627806041273,True
46_RV13_S25,1584677,1326,107,32500,6673500,658970.5571136841,0.013194322200226961,True
46_RV13_S25,1585867,1327,102,27500,6672500,68872.42773683363,0.0013790069866730934,True
46_RV13_S25,1585868,1327,103,28500,6672500,972115.809241139,0.019464313032803944,True
46_RV13_S25,1585869,1327,104,29500,6672500,1000000.0,0.020022627806041273,True
46_RV13_S25,1585870,1327,105,30500,6672500,1000000.0,0.020022627806041273,True
46_RV13_S25,1585871,1327,106,31500,6672500,975765.7657879652,0.01953739475424927,True
46_RV13_S25,1585872,1327,107,32500,6672500,200298.05562474098,0.00401049341804794,True
46_RV13_S25,1587063,1328,103,28500,6671500,340534.5342680418,0.006818396234752609,True
46_RV13_S25,1587064,1328,104,29500,6671500,838657.4291365237,0.01679212556037205,True
46_RV13_S25,1587065,1328,105,30500,6671500,756960.1162162188,0.015156330671015097,True
46_RV13_S25,1587066,1328,106,31500,6671500,196316.2600147782,0.0039307674065499265,True
46_RV13_S26,1561969,1307,104,29500,6692500,289244.1404842696,0.005705018087655483,True
46_RV13_S26,1561970,1307,105,30500,6692500,723611.3736545033,0.014272427328071257,False
46_RV13_S26,1561971,1307,106,31500,6692500,597830.5528394436,0.011791540916237119,True
46_RV13_S26,1561972,1307,107,32500,6692500,61749.13889486942,0.0012179328981481625,True
46_RV13_S26,1563163,1308,103,28500,6691500,116005.5069522225,0.0022880792479392184,True
46_RV13_S26,1563164,1308,104,29500,6691500,975722.1002295086,0.019245030239903076,False
46_RV13_S26,1563165,1308,105,30500,6691500,1000000.0,0.019723884736623547,False
46_RV13_S26,1563166,1308,106,31500,6691500,1000000.0,0.019723884736623547,True
46_RV13_S26,1563167,1308,107,32500,6691500,599384.4233272957,0.011822189278635155,True
46_RV13_S26,1564358,1309,103,28500,6690500,352633.9515918743,0.006955311415418217,True
46_RV13_S26,1564359,1309,104,29500,6690500,1000000.0,0.019723884736623547,True
46_RV13_S26,1564360,1309,105,30500,6690500,1000000.0,0.019723884736623547,True
46_RV13_S26,1564361,1309,106,31500,6690500,1000000.0,0.019723884736623547,True
46_RV13_S26,1564362,1309,107,32500,6690500,798255.6430380328,0.01574470229364147,True
46_RV13_S26,1565553,1310,103,28500,6689500,673631.155350423,0.013286623263130294,True
46_RV13_S26,1565554,1310,104,29500,6689500,1000000.0,0.019723884736623547,True
46_RV13_S26,1565555,1310,105,30500,6689500,1000000.0,0.019723884736623547,True
46_RV13_S26,1565556,1310,106,31500,6689500,1000000.0,0.019723884736623547,True
46_RV13_S26,1565557,1310,107,32500,6689500,736771.2357026046,0.014531990930257874,True
46_RV13_S26,1566748,1311,103,28500,6688500,731076.6765681187,0.014419672102263388,True
46_RV13_S26,1566749,1311,104,29500,6688500,1000000.0,0.019723884736623547,True
46_RV13_S26,1566750,1311,105,30500,6688500,1000000.0,0.019723884736623547,True
46_RV13_S26,1566751,1311,106,31500,6688500,1000000.0,0.019723884736623547,True
46_RV13_S26,1566752,1311,107,32500,6688500,568887.6015359265,0.01122067348078884,True
46_RV13_S26,1567943,1312,103,28500,6687500,681350.9015850411,0.013438886648057886,True
46_RV13_S26,1567944,1312,104,29500,6687500,1000000.0,0.019723884736623547,True
46_RV13_S26,1567945,1312,105,30500,6687500,1000000.0,0.019723884736623547,True
46_RV13_S26,1567946,1312,106,31500,6687500,1000000.0,0.019723884736623547,True
46_RV13_S26,1567947,1312,107,32500,6687500,783239.590195557,0.01544852739817743,True
46_RV13_S26,1569138,1313,103,28500,6686500,282200.03739947965,0.005566081010338192,True
46_RV13_S26,1569139,1313,104,29500,6686500,1000000.0,0.019723884736623547,True
46_RV13_S26,1569140,1313,105,30500,6686500,1000000.0,0.019723884736623547,True
46_RV13_S26,1569141,1313,106,31500,6686500,1000000.0,0.019723884736623547,True
46_RV13_S26,1569142,1313,107,32500,6686500,802845.7733510358,0.015835237494861223,True
46_RV13_S26,1570333,1314,103,28500,6685500,301720.77005042584,0.005951105691119898,True
46_RV13_S26,1570334,1314,104,29500,6685500,1000000.0,0.019723884736623547,True
46_RV13_S26,1570335,1314,105,30500,6685500,1000000.0,0.019723884736623547,True
46_RV13_S26,1570336,1314,106,31500,6685500,1000000.0,0.019723884736623547,True
46_RV13_S26,1570337,1314,107,32500,6685500,806458.4690126248,0.015906493887678907,True
46_RV13_S26,1571528,1315,103,28500,6684500,662604.6729686977,0.013069138195582735,True
46_RV13_S26,1571529,1315,104,29500,6684500,1000000.0,0.019723884736623547,True
46_RV13_S26,1571530,1315,105,30500,6684500,1000000.0,0.019723884736623547,True
46_RV13_S26,1571531,1315,106,31500,6684500,1000000.0,0.019723884736623547,True
46_RV13_S26,1571532,1315,107,32500,6684500,737376.391269908,0.014543926948915093,True
46_RV13_S26,1572723,1316,103,28500,6683500,798474.2857217687,0.015749014776733985,True
46_RV13_S26,1572724,1316,104,29500,6683500,1000000.0,0.019723884736623547,True
46_RV13_S26,1572725,1316,105,30500,6683500,1000000.0,0.019723884736623547,True
46_RV13_S26,1572726,1316,106,31500,6683500,1000000.0,0.019723884736623547,True
46_RV13_S26,1572727,1316,107,32500,6683500,440049.22215718334,0.008679480136269133,True
46_RV13_S26,1573918,1317,103,28500,6682500,869488.9398221637,0.017149699628821364,True
46_RV13_S26,1573919,1317,104,29500,6682500,1000000.0,0.019723884736623547,True
46_RV13_S26,1573920,1317,105,30500,6682500,1000000.0,0.019723884736623547,True
46_RV13_S26,1573921,1317,106,31500,6682500,1000000.0,0.019723884736623547,True
46_RV13_S26,1573922,1317,107,32500,6682500,215238.232417074,0.004245334087108958,True
46_RV13_S26,1575113,1318,103,28500,6681500,778384.8295221394,0.015352772658231048,True
46_RV13_S26,1575114,1318,104,29500,6681500,1000000.0,0.019723884736623547,True
46_RV13_S26,1575115,1318,105,30500,6681500,1000000.0,0.019723884736623547,True
46_RV13_S26,1575116,1318,106,31500,6681500,999999.6606459958,0.019723878043244283,True
46_RV13_S26,1575117,1318,107,32500,6681500,159776.57247566176,0.003151414699122731,True
46_RV13_S26,1576308,1319,103,28500,6680500,290564.9698935968,0.005731069974681795,True
46_RV13_S26,1576309,1319,104,29500,6680500,966995.8670965406,0.01907291502340351,True
46_RV13_S26,1576310,1319,105,30500,6680500,1000000.0,0.019723884736623547,True
46_RV13_S26,1576311,1319,106,31500,6680500,668400.378811904,0.01318345202960151,True
46_RV13_S26,1576312,1319,107,32500,6680500,1411.030910405895,2.7831011036658863e-05,True
46_RV13_S26,1577504,1320,104,29500,6679500,74504.21913714665,0.0014695126306532229,True
46_RV13_S26,1577505,1320,105,30500,6679500,152953.43180612056,0.003016835859014932,True
46_RV13_S26,1577506,1320,106,31500,6679500,1109.776983293736,2.188911330184345e-05,True
46_RV13_S27,1551217,1298,107,32500,6701500,159974.54581812056,0.0032128486911302614,False
46_RV13_S27,1551218,1298,108,33500,6701500,318209.9390467787,0.0063907691123151105,False
46_RV13_S27,1551219,1298,109,34500,6701500,55106.20260718693,0.0011067253856807328,True
46_RV13_S27,1552411,1299,106,31500,6700500,292989.3791658076,0.00588425201368071,True
46_RV13_S27,1552412,1299,107,32500,6700500,987051.9236307368,0.019823456692417172,False
46_RV13_S27,1552413,1299,108,33500,6700500,1000000.0,0.020083499376100978,True
46_RV13_S27,1552414,1299,109,34500,6700500,860557.9138083692,0.01728301432506914,True
46_RV13_S27,1552415,1299,110,35500,6700500,47301.9543292751,0.0009499887702603534,True
46_RV13_S27,1553606,1300,106,31500,6699500,786933.7353124099,0.015804383182179596,True
46_RV13_S27,1553607,1300,107,32500,6699500,1000000.0,0.020083499376100978,False
46_RV13_S27,1553608,1300,108,33500,6699500,1000000.0,0.020083499376100978,True
46_RV13_S27,1553609,1300,109,34500,6699500,1000000.0,0.020083499376100978,True
46_RV13_S27,1553610,1300,110,35500,6699500,291414.99529478204,0.0058526328761892244,True
46_RV13_S27,1554800,1301,105,30500,6698500,154282.05269448544,0.003098523509033276,True
46_RV13_S27,1554801,1301,106,31500,6698500,999895.7520842601,0.020081405713150254,False
46_RV13_S27,1554802,1301,107,32500,6698500,1000000.0,0.020083499376100978,False
46_RV13_S27,1554803,1301,108,33500,6698500,1000000.0,0.020083499376100978,True
46_RV13_S27,1554804,1301,109,34500,6698500,999997.7727762175,0.02008345464565353,True
46_RV13_S27,1554805,1301,110,35500,6698500,203566.4055473521,0.004088325778805364,True
46_RV13_S27,1555995,1302,105,30500,6697500,475067.9507827652,0.009541026893151235,True
46_RV13_S27,1555996,1302,106,31500,6697500,1000000.0,0.020083499376100978,False
46_RV13_S27,1555997,1302,107,32500,6697500,1000000.0,0.020083499376100978,True
46_RV13_S27,1555998,1302,108,33500,6697500,1000000.0,0.020083499376100978,True
46_RV13_S27,1555999,1302,109,34500,6697500,852752.3366604026,0.017126251021287845,True
46_RV13_S27,1557189,1303,104,29500,6696500,2598.7527653948596,5.2192049542448355e-05,True
46_RV13_S27,1557190,1303,105,30500,6696500,928867.3440553251,0.018654906724815692,True
46_RV13_S27,1557191,1303,106,31500,6696500,1000000.0,0.020083499376100978,False
46_RV13_S27,1557192,1303,107,32500,6696500,1000000.0,0.020083499376100978,True
46_RV13_S27,1557193,1303,108,33500,6696500,1000000.0,0.020083499376100978,True
46_RV13_S27,1557194,1303,109,34500,6696500,677601.7704861407,0.013608614734803326,True
46_RV13_S27,1558384,1304,104,29500,6695500,177911.15325966498,0.003573078535491887,True
46_RV13_S27,1558385,1304,105,30500,6695500,1000000.0,0.020083499376100978,False
46_RV13_S27,1558386,1304,106,31500,6695500,1000000.0,0.020083499376100978,False
46_RV13_S27,1558387,1304,107,32500,6695500,1000000.0,0.020083499376100978,True
46_RV13_S27,1558388,1304,108,33500,6695500,962539.2435411197,0.019331156297130784,True
46_RV13_S27,1558389,1304,109,34500,6695500,167313.59728741628,0.003360242526735035,True
46_RV13_S27,1559579,1305,104,29500,6694500,372061.42968317383,0.007472295490913259,True
46_RV13_S27,1559580,1305,105,30500,6694500,1000000.0,0.020083499376100978,False
46_RV13_S27,1559581,1305,106,31500,6694500,1000000.0,0.020083499376100978,True
46_RV13_S27,1559582,1305,107,32500,6694500,1000000.0,0.020083499376100978,True
46_RV13_S27,1559583,1305,108,33500,6694500,788476.8076904062,0.015835373475320363,True
46_RV13_S27,1560773,1306,103,28500,6693500,19737.63562620043,0.00039640079278450475,True
46_RV13_S27,1560774,1306,104,29500,6693500,871372.2656611515,0.01750020435375743,True
46_RV13_S27,1560775,1306,105,30500,6693500,1000000.0,0.020083499376100978,False
46_RV13_S27,1560776,1306,106,31500,6693500,1000000.0,0.020083499376100978,True
46_RV13_S27,1560777,1306,107,32500,6693500,1000000.0,0.020083499376100978,True
46_RV13_S27,1560778,1306,108,33500,6693500,653217.5072664957,0.013118893399644902,True
46_RV13_S27,1561968,1307,103,28500,6692500,189054.01339370917,0.003796866160041944,True
46_RV13_S27,1561969,1307,104,29500,6692500,1000000.0,0.020083499376100978,True
46_RV13_S27,1561970,1307,105,30500,6692500,1000000.0,0.020083499376100978,False
46_RV13_S27,1561971,1307,106,31500,6692500,1000000.0,0.020083499376100978,True
46_RV13_S27,1561972,1307,107,32500,6692500,996580.0662717717,0.020014815139203796,True
46_RV13_S27,1561973,1307,108,33500,6692500,212649.47544222214,0.004270745607372069,True
46_RV13_S27,1563163,1308,103,28500,6691500,230328.26790564446,0.004625797624781429,True
46_RV13_S27,1563164,1308,104,29500,6691500,1000000.0,0.020083499376100978,False
46_RV13_S27,1563165,1308,105,30500,6691500,1000000.0,0.020083499376100978,False
46_RV13_S27,1563166,1308,106,31500,6691500,1000000.0,0.020083499376100978,True
46_RV13_S27,1563167,1308,107,32500,6691500,810106.0299658782,0.016269763947395356,True
46_RV13_S27,1564358,1309,103,28500,6690500,191872.88969941877,0.0038534790605689686,True
46_RV13_S27,1564359,1309,104,29500,6690500,1000000.0,0.020083499376100978,True
46_RV13_S27,1564360,1309,105,30500,6690500,1000000.0,0.020083499376100978,True
46_RV13_S27,1564361,1309,106,31500,6690500,1000000.0,0.020083499376100978,True
46_RV13_S27,1564362,1309,107,32500,6690500,759476.9384946679,0.015252954620420742,True
46_RV13_S27,1565553,1310,103,28500,6689500,6858.209850315427,0.00013773685324997944,True
46_RV13_S27,1565554,1310,104,29500,6689500,724081.4095393572,0.014542088536729995,True
46_RV13_S27,1565555,1310,105,30500,6689500,1000000.0,0.020083499376100978,True
46_RV13_S27,1565556,1310,106,31500,6689500,973544.5123196493,0.019552180605778208,True
46_RV13_S27,1565557,1310,107,32500,6689500,295323.1139868959,0.005931121575504021,True
46_RV13_S27,1566749,1311,104,29500,6688500,7091.732193762246,0.0001424267990888993,True
46_RV13_S27,1566750,1311,105,30500,6688500,193888.24839126327,0.003893954515599247,True
46_RV13_S27,1566751,1311,106,31500,6688500,94464.18020415361,0.0018971713041940094,True
46_RV13_S28,1540465,1289,110,35500,6710500,5321.065557431983,0.00010271400498300562,False
46_RV13_S28,1540466,1289,111,36500,6710500,203274.42868260166,0.003923862702924283,False
46_RV13_S28,1540467,1289,112,37500,6710500,123439.43863232582,0.002382785736791254,True
46_RV13_S28,1541659,1290,109,34500,6709500,656.8331342091651,1.2679032252465494e-05,True
46_RV13_S28,1541660,1290,110,35500,6709500,685030.7813506274,0.013223339259724954,False
46_RV13_S28,1541661,1290,111,36500,6709500,1000000.0,0.01930327748725892,False
46_RV13_S28,1541662,1290,112,37500,6709500,988127.1172614107,0.019074091937182243,True
46_RV13_S28,1541663,1290,113,38500,6709500,357461.8916671631,0.006900186085971737,True
46_RV13_S28,1542854,1291,109,34500,6708500,134124.41330105287,0.0025890407677660247,False
46_RV13_S28,1542855,1291,110,35500,6708500,1000000.0,0.01930327748725892,False
46_RV13_S28,1542856,1291,111,36500,6708500,1000000.0,0.01930327748725892,True
46_RV13_S28,1542857,1291,112,37500,6708500,1000000.0,0.01930327748725892,True
46_RV13_S28,1542858,1291,113,38500,6708500,795966.6475056721,0.015364765067405197,True
46_RV13_S28,1544049,1292,109,34500,6707500,591699.7407649852,0.011421744285125678,False
46_RV13_S28,1544050,1292,110,35500,6707500,1000000.0,0.01930327748725892,False
46_RV13_S28,1544051,1292,111,36500,6707500,1000000.0,0.01930327748725892,True
46_RV13_S28,1544052,1292,112,37500,6707500,1000000.0,0.01930327748725892,True
46_RV13_S28,1544053,1292,113,38500,6707500,822383.1980305319,0.01587469107244276,True
46_RV13_S28,1545243,1293,108,33500,6706500,184601.32891303478,0.0035634106765250633,True
46_RV13_S28,1545244,1293,109,34500,6706500,998908.1018735495,0.01928220027473623,False
46_RV13_S28,1545245,1293,110,35500,6706500,1000000.0,0.01930327748725892,False
46_RV13_S28,1545246,1293,111,36500,6706500,1000000.0,0.01930327748725892,True
46_RV13_S28,1545247,1293,112,37500,6706500,1000000.0,0.01930327748725892,True
46_RV13_S28,1545248,1293,113,38500,6706500,604256.7301810342,0.011664135336228244,True
46_RV13_S28,1546438,1294,108,33500,6705500,439099.1732113565,0.008476053184924783,True
46_RV13_S28,1546439,1294,109,34500,6705500,1000000.0,0.01930327748725892,False
46_RV13_S28,1546440,1294,110,35500,6705500,1000000.0,0.01930327748725892,False
46_RV13_S28,1546441,1294,111,36500,6705500,1000000.0,0.01930327748725892,True
46_RV13_S28,1546442,1294,112,37500,6705500,875596.8802701413,0.016901889546832763,True
46_RV13_S28,1546443,1294,113,38500,6705500,67280.67726000558,0.001298737582680599,True
46_RV13_S28,1547632,1295,107,32500,6704500,3914.1514633463157,7.555595182413449e-05,True
46_RV13_S28,1547633,1295,108,33500,6704500,781904.1385811575,0.015093312555468237,True
46_RV13_S28,1547634,1295,109,34500,6704500,1000000.0,0.01930327748725892,False
46_RV13_S28,1547635,1295,110,35500,6704500,1000000.0,0.01930327748725892,False
46_RV13_S28,1547636,1295,111,36500,6704500,1000000.0,0.01930327748725892,True
46_RV13_S28,1547637,1295,112,37500,6704500,482320.88789052557,0.009310373936851916,True
46_RV13_S28,1548827,1296,107,32500,6703500,258707.93008925146,0.004993910962667202,True
46_RV13_S28,1548828,1296,108,33500,6703500,1000000.0,0.01930327748725892,False
46_RV13_S28,1548829,1296,109,34500,6703500,1000000.0,0.01930327748725892,False
46_RV13_S28,1548830,1296,110,35500,6703500,1000000.0,0.01930327748725892,True
46_RV13_S28,1548831,1296,111,36500,6703500,1000000.0,0.01930327748725892,True
46_RV13_S28,1548832,1296,112,37500,6703500,262063.04425654814,0.0050586756624399635,True
46_RV13_S28,1550022,1297,107,32500,6702500,578063.3364251882,0.011158516988226116,False
46_RV13_S28,1550023,1297,108,33500,6702500,1000000.0,0.01930327748725892,False
46_RV13_S28,1550024,1297,109,34500,6702500,1000000.0,0.01930327748725892,False
46_RV13_S28,1550025,1297,110,35500,6702500,1000000.0,0.01930327748725892,True
46_RV13_S28,1550026,1297,111,36500,6702500,747046.2765954708,0.014420441572945952,True
46_RV13_S28,1550027,1297,112,37500,6702500,1620.215312807524,3.1275465772229645e-05,True
46_RV13_S28,1551216,1298,106,31500,6701500,8425.69703723716,0.00016264356793336426,True
46_RV13_S28,1551217,1298,107,32500,6701500,856013.1443439554,0.016523859258012395,False
46_RV13_S28,1551218,1298,108,33500,6701500,1000000.0,0.01930327748725892,False
46_RV13_S28,1551219,1298,109,34500,6701500,1000000.0,0.01930327748725892,True
46_RV13_S28,1551220,1298,110,35500,6701500,1000000.0,0.01930327748725892,True
46_RV13_S28,1551221,1298,111,36500,6701500,353117.59337487334,0.006816326890548242,True
46_RV13_S28,1552411,1299,106,31500,6700500,374940.32706177846,0.007237577174437125,True
46_RV13_S28,1552412,1299,107,32500,6700500,1000000.0,0.01930327748725892,False
46_RV13_S28,1552413,1299,108,33500,6700500,1000000.0,0.01930327748725892,True
46_RV13_S28,1552414,1299,109,34500,6700500,1000000.0,0.01930327748725892,True
46_RV13_S28,1552415,1299,110,35500,6700500,973471.3054713387,0.018791186735397442,True
46_RV13_S28,1552416,1299,111,36500,6700500,62459.42255394797,0.0012056715652528159,True
46_RV13_S28,1553606,1300,106,31500,6699500,661861.4895934783,0.012776095991753443,True
46_RV13_S28,1553607,1300,107,32500,6699500,1000000.0,0.01930327748725892,False
46_RV13_S28,1553608,1300,108,33500,6699500,1000000.0,0.01930327748725892,True
46_RV13_S28,1553609,1300,109,34500,6699500,1000000.0,0.01930327748725892,True
46_RV13_S28,1553610,1300,110,35500,6699500,627884.3861502523,0.012120226535775552,True
46_RV13_S28,1554801,1301,106,31500,6698500,465935.028315908,0.008994073142615813,False
46_RV13_S28,1554802,1301,107,32500,6698500,1000000.0,0.01930327748725892,False
46_RV13_S28,1554803,1301,108,33500,6698500,1000000.0,0.01930327748725892,True
46_RV13_S28,1554804,1301,109,34500,6698500,972353.3752522678,0.018769607018167326,True
46_RV13_S28,1554805,1301,110,35500,6698500,133028.7193909606,0.002567890284178414,True
46_RV13_S28,1555996,1302,106,31500,6697500,12914.744887607558,0.0002492969042426472,False
46_RV13_S28,1555997,1302,107,32500,6697500,447286.38787648163,0.008634093261453448,True
46_RV13_S28,1555998,1302,108,33500,6697500,618489.4055110369,0.01193887261750935,True
46_RV13_S28,1555999,1302,109,34500,6697500,243624.68178432438,0.004702754835227967,True
46_RV13_S29,1530908,1281,113,38500,6718500,117115.54536596176,0.0022746646810092373,True
46_RV13_S29,1530909,1281,114,39500,6718500,695780.7963152932,0.013513731231472053,False
46_RV13_S29,1530910,1281,115,40500,6718500,785013.4819485005,0.015246843926009777,True
46_RV13_S29,1530911,1281,116,41500,6718500,303884.8583804355,0.005902172527921047,True
46_RV13_S29,1532102,1282,112,37500,6717500,846.4707598038378,1.6440491608660937e-05,True
46_RV13_S29,1532103,1282,113,38500,6717500,783366.8585274637,0.015214862551316512,False
46_RV13_S29,1532104,1282,114,39500,6717500,1000000.0,0.019422397546810567,False
46_RV13_S29,1532105,1282,115,40500,6717500,1000000.0,0.019422397546810567,True
46_RV13_S29,1532106,1282,116,41500,6717500,964491.7152322588,0.018732741523846137,True
46_RV13_S29,1532107,1282,117,42500,6717500,61150.0543478674,0.0011876806655533527,True
46_RV13_S29,1533297,1283,112,37500,6716500,215513.7415077056,0.004185793564363227,True
46_RV13_S29,1533298,1283,113,38500,6716500,1000000.0,0.019422397546810567,False
46_RV13_S29,1533299,1283,114,39500,6716500,1000000.0,0.019422397546810567,False
46_RV13_S29,1533300,1283,115,40500,6716500,1000000.0,0.019422397546810567,True
46_RV13_S29,1533301,1283,116,41500,6716500,999988.2161986135,0.019422168677135424,True
46_RV13_S29,1533302,1283,117,42500,6716500,116272.79176048104,0.0022582963854495828,True
46_RV13_S29,1534492,1284,112,37500,6715500,746696.9538524623,0.014502645084714988,True
46_RV13_S29,1534493,1284,113,38500,6715500,1000000.0,0.019422397546810567,False
46_RV13_S29,1534494,1284,114,39500,6715500,1000000.0,0.019422397546810567,True
46_RV13_S29,1534495,1284,115,40500,6715500,1000000.0,0.019422397546810567,True
46_RV13_S29,1534496,1284,116,41500,6715500,802804.5690446389,0.015592389492380909,True
46_RV13_S29,1535686,1285,111,36500,6714500,424700.68561069906,0.008248705554334008,True
46_RV13_S29,1535687,1285,112,37500,6714500,999989.1968171548,0.019422187723098575,False
46_RV13_S29,1535688,1285,113,38500,6714500,1000000.0,0.019422397546810567,False
46_RV13_S29,1535689,1285,114,39500,6714500,1000000.0,0.019422397546810567,True
46_RV13_S29,1535690,1285,115,40500,6714500,1000000.0,0.019422397546810567,True
46_RV13_S29,1535691,1285,116,41500,6714500,335928.6339059955,0.006524539475079232,True
46_RV13_S29,1536880,1286,110,35500,6713500,171267.222610368,0.0033264200842766703,True
46_RV13_S29,1536881,1286,111,36500,6713500,992273.9642140048,0.019272339408314083,True
46_RV13_S29,1536882,1286,112,37500,6713500,1000000.0,0.019422397546810567,False
46_RV13_S29,1536883,1286,113,38500,6713500,1000000.0,0.019422397546810567,True
46_RV13_S29,1536884,1286,114,39500,6713500,1000000.0,0.019422397546810567,True
46_RV13_S29,1536885,1286,115,40500,6713500,758834.5755238143,0.014738386798088768,True
46_RV13_S29,1536886,1286,116,41500,6713500,89.78756962522033,1.7438898720229623e-06,True
46_RV13_S29,1538075,1287,110,35500,6712500,599349.952354274,0.011640813044286682,True
46_RV13_S29,1538076,1287,111,36500,6712500,1000000.0,0.019422397546810567,False
46_RV13_S29,1538077,1287,112,37500,6712500,1000000.0,0.019422397546810567,False
46_RV13_S29,1538078,1287,113,38500,6712500,1000000.0,0.019422397546810567,True
46_RV13_S29,1538079,1287,114,39500,6712500,999196.8029311836,0.019406797534031583,True
46_RV13_S29,1538080,1287,115,40500,6712500,298349.1718424139,0.005794656223285064,True
46_RV13_S29,1539270,1288,110,35500,6711500,781742.0171072235,0.015183304235302082,True
46_RV13_S29,1539271,1288,111,36500,6711500,1000000.0,0.019422397546810567,False
46_RV13_S29,1539272,1288,112,37500,6711500,1000000.0,0.019422397546810567,True
46_RV13_S29,1539273,1288,113,38500,6711500,1000000.0,0.019422397546810567,True
46_RV13_S29,1539274,1288,114,39500,6711500,518202.3893276798,0.010064732815229302,True
46_RV13_S29,1540464,1289,109,34500,6710500,2147.123231496282,4.1702280984113365e-05,True
46_RV13_S29,1540465,1289,110,35500,6710500,809236.2082604332,0.015717307346107722,False
46_RV13_S29,1540466,1289,111,36500,6710500,1000000.0,0.019422397546810567,False
46_RV13_S29,1540467,1289,112,37500,6710500,1000000.0,0.019422397546810567,True
46_RV13_S29,1540468,1289,113,38500,6710500,1000000.0,0.019422397546810567,True
46_RV13_S29,1540469,1289,114,39500,6710500,350247.6423944973,0.006802648950419069,True
46_RV13_S29,1541659,1290,109,34500,6709500,190162.88693076695,0.0036934191886185434,True
46_RV13_S29,1541660,1290,110,35500,6709500,1000000.0,0.019422397546810567,False
46_RV13_S29,1541661,1290,111,36500,6709500,1000000.0,0.019422397546810567,False
46_RV13_S29,1541662,1290,112,37500,6709500,1000000.0,0.019422397546810567,True
46_RV13_S29,1541663,1290,113,38500,6709500,1000000.0,0.019422397546810567,True
46_RV13_S29,1541664,1290,114,39500,6709500,269406.2409902321,0.00523251511410414,True
46_RV13_S29,1542854,1291,109,34500,6708500,212694.6834910496,0.0041310406988562115,False
46_RV13_S29,1542855,1291,110,35500,6708500,1000000.0,0.019422397546810567,False
46_RV13_S29,1542856,1291,111,36500,6708500,1000000.0,0.019422397546810567,True
46_RV13_S29,1542857,1291,112,37500,6708500,1000000.0,0.019422397546810567,True
46_RV13_S29,1542858,1291,113,38500,6708500,900033.3690010852,0.017480805898134326,True
46_RV13_S29,1542859,1291,114,39500,6708500,20607.123453786407,0.0004002397440156436,True
46_RV13_S29,1544049,1292,109,34500,6707500,49510.97026294801,0.0009616217473752924,False
46_RV13_S29,1544050,1292,110,35500,6707500,944343.9822495196,0.01834142424418839,False
46_RV13_S29,1544051,1292,111,36500,6707500,1000000.0,0.019422397546810567,True
46_RV13_S29,1544052,1292,112,37500,6707500,1000000.0,0.019422397546810567,True
46_RV13_S29,1544053,1292,113,38500,6707500,653751.3287401948,0.012697418203547708,True
46_RV13_S29,1545245,1293,110,35500,6706500,237429.35439020558,0.004611447310249145,False
46_RV13_S29,1545246,1293,111,36500,6706500,694692.726856558,0.013492598313885955,True
46_RV13_S29,1545247,1293,112,37500,6706500,602988.027590787,0.011711473187835445,True
46_RV13_S29,1545248,1293,113,38500,6706500,76847.29355173372,0.0014925586857582245,True
46_RV13_S30,1522546,1274,116,41500,6725500,13977.18929233188,0.000283821105629061,True
46_RV13_S30,1522547,1274,117,42500,6725500,212181.20837795152,0.004308556169342209,False
46_RV13_S30,1522548,1274,118,43500,6725500,107843.6638168949,0.002189875751084813,False
46_RV13_S30,1523740,1275,115,40500,6724500,42922.87762603953,0.0008715928739182853,True
46_RV13_S30,1523741,1275,116,41500,6724500,797709.3782553256,0.016198303748473086,False
46_RV13_S30,1523742,1275,117,42500,6724500,1000000.0,0.020306021453452738,False
46_RV13_S30,1523743,1275,118,43500,6724500,981894.4304677662,0.01993836937010422,False
46_RV13_S30,1523744,1275,119,44500,6724500,366032.0158333299,0.0074326539661621486,True
46_RV13_S30,1523745,1275,120,45500,6724500,5042.413275392005,0.00010239135214728494,True
46_RV13_S30,1524935,1276,115,40500,6723500,404458.98721273337,0.00821295287138353,True
46_RV13_S30,1524936,1276,116,41500,6723500,1000000.0,0.020306021453452738,False
46_RV13_S30,1524937,1276,117,42500,6723500,1000000.0,0.020306021453452738,False
46_RV13_S30,1524938,1276,118,43500,6723500,1000000.0,0.020306021453452738,False
46_RV13_S30,1524939,1276,119,44500,6723500,1000000.0,0.020306021453452738,True
46_RV13_S30,1524940,1276,120,45500,6723500,834621.160451639,0.0169478351896366,True
46_RV13_S30,1524941,1276,121,46500,6723500,100853.25169687308,0.0020479282926071734,True
46_RV13_S30,1526129,1277,114,39500,6722500,12744.078400077675,0.0002587815293964609,True
46_RV13_S30,1526130,1277,115,40500,6722500,824081.5632682362,0.016733817903119674,False
46_RV13_S30,1526131,1277,116,41500,6722500,1000000.0,0.020306021453452738,False
46_RV13_S30,1526132,1277,117,42500,6722500,1000000.0,0.020306021453452738,True
46_RV13_S30,1526133,1277,118,43500,6722500,1000000.0,0.020306021453452738,True
46_RV13_S30,1526134,1277,119,44500,6722500,1000000.0,0.020306021453452738,True
46_RV13_S30,1526135,1277,120,45500,6722500,1000000.0,0.020306021453452738,True
46_RV13_S30,1526136,1277,121,46500,6722500,514274.64550061454,0.010442871984502281,True
46_RV13_S30,1527324,1278,114,39500,6721500,435978.6614586191,0.008852992052826329,True
46_RV13_S30,1527325,1278,115,40500,6721500,1000000.0,0.020306021453452738,False
46_RV13_S30,1527326,1278,116,41500,6721500,1000000.0,0.020306021453452738,False
46_RV13_S30,1527327,1278,117,42500,6721500,1000000.0,0.020306021453452738,True
46_RV13_S30,1527328,1278,118,43500,6721500,1000000.0,0.020306021453452738,True
46_RV13_S30,1527329,1278,119,44500,6721500,1000000.0,0.020306021453452738,True
46_RV13_S30,1527330,1278,120,45500,6721500,1000000.0,0.020306021453452738,True
46_RV13_S30,1527331,1278,121,46500,6721500,462987.5095707807,0.009401434302024928,True
46_RV13_S30,1528518,1279,113,38500,6720500,123202.7091998278,0.0025017568561352026,True
46_RV13_S30,1528519,1279,114,39500,6720500,972499.0296456122,0.019747586159445774,False
46_RV13_S30,1528520,1279,115,40500,6720500,1000000.0,0.020306021453452738,False
46_RV13_S30,1528521,1279,116,41500,6720500,1000000.0,0.020306021453452738,True
46_RV13_S30,1528522,1279,117,42500,6720500,1000000.0,0.020306021453452738,True
46_RV13_S30,1528523,1279,118,43500,6720500,1000000.0,0.020306021453452738,True
46_RV13_S30,1528524,1279,119,44500,6720500,999592.6048087116,0.0202977488779584,True
46_RV13_S30,1528525,1279,120,45500,6720500,736851.0541111554,0.014962513312780387,True
46_RV13_S30,1528526,1279,121,46500,6720500,49668.69645523511,0.0010085736157850363,True
46_RV13_S30,1529713,1280,113,38500,6719500,544971.9086102584,0.011066211267768992,True
46_RV13_S30,1529714,1280,114,39500,6719500,1000000.0,0.020306021453452738,False
46_RV13_S30,1529715,1280,115,40500,6719500,1000000.0,0.020306021453452738,False
46_RV13_S30,1529716,1280,116,41500,6719500,1000000.0,0.020306021453452738,True
46_RV13_S30,1529717,1280,117,42500,6719500,958923.7363125881,0.01947192596178847,True
46_RV13_S30,1529718,1280,118,43500,6719500,221315.02661100862,0.004494027678334605,True
46_RV13_S30,1529719,1280,119,44500,6719500,75733.61127031436,0.0015378483352024535,True
46_RV13_S30,1530907,1281,112,37500,6718500,2170.026709835918,4.4064608924493616e-05,True
46_RV13_S30,1530908,1281,113,38500,6718500,918258.5874012896,0.018646178575587792,True
46_RV13_S30,1530909,1281,114,39500,6718500,1000000.0,0.020306021453452738,False
46_RV13_S30,1530910,1281,115,40500,6718500,1000000.0,0.020306021453452738,True
46_RV13_S30,1530911,1281,116,41500,6718500,1000000.0,0.020306021453452738,True
46_RV13_S30,1530912,1281,117,42500,6718500,433528.6128815326,0.008803241313858007,True
46_RV13_S30,1532102,1282,112,37500,6717500,20603.819101676312,0.0004183815927016985,True
46_RV13_S30,1532103,1282,113,38500,6717500,997146.7433480861,0.02024808316266677,False
46_RV13_S30,1532104,1282,114,39500,6717500,1000000.0,0.020306021453452738,False
46_RV13_S30,1532105,1282,115,40500,6717500,1000000.0,0.020306021453452738,True
46_RV13_S30,1532106,1282,116,41500,6717500,1000000.0,0.020306021453452738,True
46_RV13_S30,1532107,1282,117,42500,6717500,116484.10746057864,0.002365328785080804,True
46_RV13_S30,1533298,1283,113,38500,6716500,813729.2679680985,0.0165236039726626,False
46_RV13_S30,1533299,1283,114,39500,6716500,1000000.0,0.020306021453452738,False
46_RV13_S30,1533300,1283,115,40500,6716500,1000000.0,0.020306021453452738,True
46_RV13_S30,1533301,1283,116,41500,6716500,999563.0722769626,0.02029714918973513,True
46_RV13_S30,1533302,1283,117,42500,6716500,115521.06527294026,0.002345773229758039,True
46_RV13_S30,1534493,1284,113,38500,6715500,300321.459783231,0.006098334005290533,False
46_RV13_S30,1534494,1284,114,39500,6715500,962983.945693183,0.01955437266057634,True
46_RV13_S30,1534495,1284,115,40500,6715500,999525.9715524908,0.02029639582162807,True
46_RV13_S30,1534496,1284,116,41500,6715500,595274.1270273511,0.012087649194102741,True
46_RV13_S30,1535689,1285,114,39500,6714500,59081.42172357235,0.0011997086170193487,True
46_RV13_S30,1535690,1285,115,40500,6714500,111922.45073836064,0.002272699685816158,True
46_RV13_S31,1515383,1268,123,48500,6731500,112666.39977604142,0.0021811190161443264,False
46_RV13_S31,1515384,1268,124,49500,6731500,160978.8137357306,0.0031164034045048283,False
46_RV13_S31,1515385,1268,125,50500,6731500,146.94935873689997,2.8448059171890256e-06,False
46_RV13_S31,1516576,1269,121,46500,6730500,66254.70854870818,0.0012826308909483543,True
46_RV13_S31,1516577,1269,122,47500,6730500,572419.5074779309,0.01108152098100131,True
46_RV13_S31,1516578,1269,123,48500,6730500,989303.908057686,0.019152023770172628,False
46_RV13_S31,1516579,1269,124,49500,6730500,1000000.0,0.019359090380805286,False
46_RV13_S31,1516580,1269,125,50500,6730500,597384.9746210615,0.0115648297158242,True
46_RV13_S31,1517770,1270,120,45500,6729500,388828.4954699459,0.007527365986435221,True
46_RV13_S31,1517771,1270,121,46500,6729500,970673.8492032732,0.018791362777010327,False
46_RV13_S31,1517772,1270,122,47500,6729500,1000000.0,0.019359090380805286,False
46_RV13_S31,1517773,1270,123,48500,6729500,1000000.0,0.019359090380805286,True
46_RV13_S31,1517774,1270,124,49500,6729500,1000000.0,0.019359090380805286,True
46_RV13_S31,1517775,1270,125,50500,6729500,996981.5347672863,0.01930065563955386,True
46_RV13_S31,1517776,1270,126,51500,6729500,70128.95263947586,0.0013576327324588266,True
46_RV13_S31,1518964,1271,119,44500,6728500,141554.6533043748,0.0027403693271429493,False
46_RV13_S31,1518965,1271,120,45500,6728500,971357.6341104176,0.018804600230828767,False
46_RV13_S31,1518966,1271,121,46500,6728500,1000000.0,0.019359090380805286,False
46_RV13_S31,1518967,1271,122,47500,6728500,1000000.0,0.019359090380805286,True
46_RV13_S31,1518968,1271,123,48500,6728500,1000000.0,0.019359090380805286,True
46_RV13_S31,1518969,1271,124,49500,6728500,1000000.0,0.019359090380805286,True
46_RV13_S31,1518970,1271,125,50500,6728500,922591.3977573601,0.017860530253738214,True
46_RV13_S31,1518971,1271,126,51500,6728500,23748.913356793037,0.00045975736012007025,True
46_RV13_S31,1520159,1272,119,44500,6727500,540978.7674029109,0.010472856852249591,False
46_RV13_S31,1520160,1272,120,45500,6727500,1000000.0,0.019359090380805286,False
46_RV13_S31,1520161,1272,121,46500,6727500,1000000.0,0.019359090380805286,True
46_RV13_S31,1520162,1272,122,47500,6727500,1000000.0,0.019359090380805286,True
46_RV13_S31,1520163,1272,123,48500,6727500,1000000.0,0.019359090380805286,True
46_RV13_S31,1520164,1272,124,49500,6727500,922104.1436600297,0.017851097457629576,True
46_RV13_S31,1520165,1272,125,50500,6727500,232942.38770717033,0.004509552737143697,True
46_RV13_S31,1521352,1273,117,42500,6726500,10534.334094278805,0.000203935125832742,False
46_RV13_S31,1521353,1273,118,43500,6726500,528541.2892636706,0.01023207858884275,False
46_RV13_S31,1521354,1273,119,44500,6726500,979414.3219230176,0.018960570378362823,False
46_RV13_S31,1521355,1273,120,45500,6726500,1000000.0,0.019359090380805286,False
46_RV13_S31,1521356,1273,121,46500,6726500,1000000.0,0.019359090380805286,True
46_RV13_S31,1521357,1273,122,47500,6726500,1000000.0,0.019359090380805286,True
46_RV13_S31,1521358,1273,123,48500,6726500,774237.391728258,0.014988531642666293,True
46_RV13_S31,1521359,1273,124,49500,6726500,185045.2130650442,0.003582307004261562,True
46_RV13_S31,1522547,1274,117,42500,6725500,539751.6217954358,0.010449100429524074,False
46_RV13_S31,1522548,1274,118,43500,6725500,1000000.0,0.019359090380805286,False
46_RV13_S31,1522549,1274,119,44500,6725500,1000000.0,0.019359090380805286,True
46_RV13_S31,1522550,1274,120,45500,6725500,1000000.0,0.019359090380805286,False
46_RV13_S31,1522551,1274,121,46500,6725500,1000000.0,0.019359090380805286,True
46_RV13_S31,1522552,1274,122,47500,6725500,905281.5325436842,0.017525427008587106,True
46_RV13_S31,1522553,1274,123,48500,6725500,66858.92371450229,0.0012943279469524159,True
46_RV13_S31,1523741,1275,116,41500,6724500,6309.486187516821,0.0001221459133605807,False
46_RV13_S31,1523742,1275,117,42500,6724500,955434.0235122602,0.018496333614070288,False
46_RV13_S31,1523743,1275,118,43500,6724500,1000000.0,0.019359090380805286,False
46_RV13_S31,1523744,1275,119,44500,6724500,1000000.0,0.019359090380805286,True
46_RV13_S31,1523745,1275,120,45500,6724500,1000000.0,0.019359090380805286,True
46_RV13_S31,1523746,1275,121,46500,6724500,999817.7404466792,0.019355562001639782,True
46_RV13_S31,1523747,1275,122,47500,6724500,362495.66269421735,0.007017586296747261,True
46_RV13_S31,1524936,1276,116,41500,6723500,3194.5650478958705,6.184387348957773e-05,False
46_RV13_S31,1524937,1276,117,42500,6723500,934424.4839501474,0.018089608038828243,False
46_RV13_S31,1524938,1276,118,43500,6723500,1000000.0,0.019359090380805286,False
46_RV13_S31,1524939,1276,119,44500,6723500,1000000.0,0.019359090380805286,True
46_RV13_S31,1524940,1276,120,45500,6723500,1000000.0,0.019359090380805286,True
46_RV13_S31,1524941,1276,121,46500,6723500,555899.32633101,0.010761705301070793,True
46_RV13_S31,1526132,1277,117,42500,6722500,644644.0778078763,0.012479722965733553,True
46_RV13_S31,1526133,1277,118,43500,6722500,1000000.0,0.019359090380805286,True
46_RV13_S31,1526134,1277,119,44500,6722500,1000000.0,0.019359090380805286,True
46_RV13_S31,1526135,1277,120,45500,6722500,1000000.0,0.019359090380805286,True
46_RV13_S31,1526136,1277,121,46500,6722500,609880.6236358759,0.011806734114468814,True
46_RV13_S31,1527327,1278,117,42500,6721500,308764.0821327793,0.005977391772354861,True
46_RV13_S31,1527328,1278,118,43500,6721500,1000000.0,0.019359090380805286,True
46_RV13_S31,1527329,1278,119,44500,6721500,1000000.0,0.019359090380805286,True
46_RV13_S31,1527330,1278,120,45500,6721500,1000000.0,0.019359090380805286,True
46_RV13_S31,1527331,1278,121,46500,6721500,482391.5720379189,0.009338662042020817,True
46_RV13_S31,1528522,1279,117,42500,6720500,5968.77211902197,0.000115549998914577,True
46_RV13_S31,1528523,1279,118,43500,6720500,548561.3152538602,0.010619648081412901,True
46_RV13_S31,1528524,1279,119,44500,6720500,879086.23275457,0.017018309832417353,True
46_RV13_S31,1528525,1279,120,45500,6720500,646463.5691727987,0.01251494666351418,True
46_RV13_S31,1528526,1279,121,46500,6720500,41273.40724285869,0.0007990156211382848,True
46_RV13_S32,1508213,1262,123,48500,6737500,478005.43752082216,0.009902851708586218,True
46_RV13_S32,1508214,1262,124,49500,6737500,937349.6581648666,0.01941909847729778,True
46_RV13_S32,1508215,1262,125,50500,6737500,810413.3716113714,0.016789355960774393,True
46_RV13_S32,1508216,1262,126,51500,6737500,149567.62302850652,0.0030985965325812967,True
46_RV13_S32,1509407,1263,122,47500,6736500,141892.96558600845,0.002939600444667662,True
46_RV13_S32,1509408,1263,123,48500,6736500,998023.9697226792,0.020676089847508718,True
46_RV13_S32,1509409,1263,124,49500,6736500,1000000.0,0.020717027320750602,True
46_RV13_S32,1509410,1263,125,50500,6736500,1000000.0,0.020717027320750602,True
46_RV13_S32,1509411,1263,126,51500,6736500,820746.776240493,0.017003433386792277,True
46_RV13_S32,1509412,1263,127,52500,6736500,39552.90226121343,0.0008194185567605369,True
46_RV13_S32,1510602,1264,122,47500,6735500,152026.4287568114,0.0031495356780310065,True
46_RV13_S32,1510603,1264,123,48500,6735500,999511.3921160353,0.02070690481786937,True
46_RV13_S32,1510604,1264,124,49500,6735500,1000000.0,0.020717027320750602,True
46_RV13_S32,1510605,1264,125,50500,6735500,1000000.0,0.020717027320750602,True
46_RV13_S32,1510606,1264,126,51500,6735500,1000000.0,0.020717027320750602,True
46_RV13_S32,1510607,1264,127,52500,6735500,706749.5537173189,0.014641749813289992,True
46_RV13_S32,1510608,1264,128,53500,6735500,19191.119471470673,0.0003975829464062468,True
46_RV13_S32,1511798,1265,123,48500,6734500,637724.3220044294,0.01321175220207292,True
46_RV13_S32,1511799,1265,124,49500,6734500,1000000.0,0.020717027320750602,True
46_RV13_S32,1511800,1265,125,50500,6734500,1000000.0,0.020717027320750602,True
46_RV13_S32,1511801,1265,126,51500,6734500,1000000.0,0.020717027320750602,True
46_RV13_S32,1511802,1265,127,52500,6734500,1000000.0,0.020717027320750602,True
46_RV13_S32,1511803,1265,128,53500,6734500,377538.6963375462,0.007821479486665511,True
46_RV13_S32,1512993,1266,123,48500,6733500,45140.350963781566,0.0009351738841849335,True
46_RV13_S32,1512994,1266,124,49500,6733500,844214.2990780809,0.017489610698568924,True
46_RV13_S32,1512995,1266,125,50500,6733500,1000000.0,0.020717027320750602,True
46_RV13_S32,1512996,1266,126,51500,6733500,1000000.0,0.020717027320750602,True
46_RV13_S32,1512997,1266,127,52500,6733500,1000000.0,0.020717027320750602,True
46_RV13_S32,1512998,1266,128,53500,6733500,536045.81316485,0.01110527575651017,True
46_RV13_S32,1514189,1267,124,49500,6732500,599027.2195771554,0.0124100632738532,True
46_RV13_S32,1514190,1267,125,50500,6732500,1000000.0,0.020717027320750602,True
46_RV13_S32,1514191,1267,126,51500,6732500,1000000.0,0.020717027320750602,False
46_RV13_S32,1514192,1267,127,52500,6732500,1000000.0,0.020717027320750602,False
46_RV13_S32,1514193,1267,128,53500,6732500,892029.84674405,0.018480206705921456,False
46_RV13_S32,1514194,1267,129,54500,6732500,2757.9409601344387,5.7136338220122316e-05,False
46_RV13_S32,1515383,1268,123,48500,6731500,280843.7032237265,0.005818246672546715,False
46_RV13_S32,1515384,1268,124,49500,6731500,991203.5074553608,0.020534790144376536,False
46_RV13_S32,1515385,1268,125,50500,6731500,1000000.0,0.020717027320750602,False
46_RV13_S32,1515386,1268,126,51500,6731500,1000000.0,0.020717027320750602,True
46_RV13_S32,1515387,1268,127,52500,6731500,1000000.0,0.020717027320750602,True
46_RV13_S32,1515388,1268,128,53500,6731500,994950.5714334723,0.020612418171183672,False
46_RV13_S32,1515389,1268,129,54500,6731500,28347.62639357735,0.0005872785504741729,False
46_RV13_S32,1516577,1269,122,47500,6730500,388757.2627061195,0.008053894832622897,True
46_RV13_S32,1516578,1269,123,48500,6730500,991112.5399406143,0.020532905567888227,False
46_RV13_S32,1516579,1269,124,49500,6730500,1000000.0,0.020717027320750602,False
46_RV13_S32,1516580,1269,125,50500,6730500,1000000.0,0.020717027320750602,True
46_RV13_S32,1516581,1269,126,51500,6730500,1000000.0,0.020717027320750602,True
46_RV13_S32,1516582,1269,127,52500,6730500,1000000.0,0.020717027320750602,True
46_RV13_S32,1516583,1269,128,53500,6730500,713640.897047235,0.014784517961332537,True
46_RV13_S32,1517772,1270,122,47500,6729500,847796.8599836673,0.017563830710728208,False
46_RV13_S32,1517773,1270,123,48500,6729500,1000000.0,0.020717027320750602,True
46_RV13_S32,1517774,1270,124,49500,6729500,1000000.0,0.020717027320750602,True
46_RV13_S32,1517775,1270,125,50500,6729500,1000000.0,0.020717027320750602,True
46_RV13_S32,1517776,1270,126,51500,6729500,997264.6841459218,0.020660359707470783,True
46_RV13_S32,1517777,1270,127,52500,6729500,582865.2670126072,0.012075235661016778,True
46_RV13_S32,1517778,1270,128,53500,6729500,64092.88416559843,0.0013278140323244063,True
46_RV13_S32,1518967,1271,122,47500,6728500,726948.6334263436,0.015060214699475874,True
46_RV13_S32,1518968,1271,123,48500,6728500,1000000.0,0.020717027320750602,True
46_RV13_S32,1518969,1271,124,49500,6728500,1000000.0,0.020717027320750602,True
46_RV13_S32,1518970,1271,125,50500,6728500,1000000.0,0.020717027320750602,True
46_RV13_S32,1518971,1271,126,51500,6728500,612770.741763857,0.012694788198478437,True
46_RV13_S32,1520162,1272,122,47500,6727500,114325.17544078437,0.0023684777830563354,True
46_RV13_S32,1520163,1272,123,48500,6727500,655246.0197682263,0.013574749693351434,True
46_RV13_S32,1520164,1272,124,49500,6727500,714106.2235256652,0.014794158142699243,True
46_RV13_S32,1520165,1272,125,50500,6727500,367151.0185399854,0.007606277681934288,True
46_RV13_S32,1520166,1272,126,51500,6727500,10540.136288909764,0.00021836029146177845,True
46_RV13_S33,1497455,1253,120,45500,6746500,574.4612007160418,1.0455496983026366e-05,True
46_RV13_S33,1497456,1253,121,46500,6746500,70344.90749218571,0.001280314435751375,True
46_RV13_S33,1497457,1253,122,47500,6746500,6158.327815675373,0.00011208481585357513,True
46_RV13_S33,1498648,1254,118,43500,6745500,18429.23535724692,0.0003354218081865267,True
46_RV13_S33,1498649,1254,119,44500,6745500,616448.6945209272,0.011219691526112342,True
46_RV13_S33,1498650,1254,120,45500,6745500,935717.6259930554,0.017030554549794477,True
46_RV13_S33,1498651,1254,121,46500,6745500,1000000.0,0.01820052767705465,True
46_RV13_S33,1498652,1254,122,47500,6745500,882727.2335708048,0.016066101445895316,True
46_RV13_S33,1498653,1254,123,48500,6745500,234842.51493844198,0.004274257692886234,True
46_RV13_S33,1499843,1255,118,43500,6744500,358603.1816763979,0.006526767133181137,True
46_RV13_S33,1499844,1255,119,44500,6744500,1000000.0,0.01820052767705465,True
46_RV13_S33,1499845,1255,120,45500,6744500,1000000.0,0.01820052767705465,True
46_RV13_S33,1499846,1255,121,46500,6744500,1000000.0,0.01820052767705465,True
46_RV13_S33,1499847,1255,122,47500,6744500,1000000.0,0.01820052767705465,True
46_RV13_S33,1499848,1255,123,48500,6744500,891061.9129480765,0.01621779700858073,True
46_RV13_S33,1499849,1255,124,49500,6744500,10255.708679496383,0.00018665930966898353,True
46_RV13_S33,1501038,1256,118,43500,6743500,389475.6235435668,0.007088661865842805,True
46_RV13_S33,1501039,1256,119,44500,6743500,1000000.0,0.01820052767705465,True
46_RV13_S33,1501040,1256,120,45500,6743500,1000000.0,0.01820052767705465,True
46_RV13_S33,1501041,1256,121,46500,6743500,1000000.0,0.01820052767705465,True
46_RV13_S33,1501042,1256,122,47500,6743500,1000000.0,0.01820052767705465,True
46_RV13_S33,1501043,1256,123,48500,6743500,1000000.0,0.01820052767705465,True
46_RV13_S33,1501044,1256,124,49500,6743500,110062.88399203376,0.0020032025663134657,True
46_RV13_S33,1502233,1257,118,43500,6742500,40582.478939103465,0.00073862253113464,True
46_RV13_S33,1502234,1257,119,44500,6742500,758264.6832620578,0.013800817354244162,True
46_RV13_S33,1502235,1257,120,45500,6742500,1000000.0,0.01820052767705465,True
46_RV13_S33,1502236,1257,121,46500,6742500,1000000.0,0.01820052767705465,True
46_RV13_S33,1502237,1257,122,47500,6742500,1000000.0,0.01820052767705465,True
46_RV13_S33,1502238,1257,123,48500,6742500,1000000.0,0.01820052767705465,True
46_RV13_S33,1502239,1257,124,49500,6742500,288440.67163286544,0.0052497724272422,True
46_RV13_S33,1503429,1258,119,44500,6741500,105799.73383858675,0.0019256109839542136,True
46_RV13_S33,1503430,1258,120,45500,6741500,970328.1805878363,0.017660484906615,True
46_RV13_S33,1503431,1258,121,46500,6741500,1000000.0,0.01820052767705465,True
46_RV13_S33,1503432,1258,122,47500,6741500,1000000.0,0.01820052767705465,True
46_RV13_S33,1503433,1258,123,48500,6741500,1000000.0,0.01820052767705465,True
46_RV13_S33,1503434,1258,124,49500,6741500,342209.2209019082,0.006228388396368489,True
46_RV13_S33,1504624,1259,119,44500,6740500,376111.00932824385,0.006845418834923662,True
46_RV13_S33,1504625,1259,120,45500,6740500,1000000.0,0.01820052767705465,True
46_RV13_S33,1504626,1259,121,46500,6740500,1000000.0,0.01820052767705465,True
46_RV13_S33,1504627,1259,122,47500,6740500,1000000.0,0.01820052767705465,True
46_RV13_S33,1504628,1259,123,48500,6740500,1000000.0,0.01820052767705465,True
46_RV13_S33,1504629,1259,124,49500,6740500,250045.59493367618,0.00455096177111597,True
46_RV13_S33,1505819,1260,119,44500,6739500,208891.2858238538,0.0038019316291325847,True
46_RV13_S33,1505820,1260,120,45500,6739500,997165.4311784025,0.018148937028764647,True
46_RV13_S33,1505821,1260,121,46500,6739500,1000000.0,0.01820052767705465,True
46_RV13_S33,1505822,1260,122,47500,6739500,1000000.0,0.01820052767705465,True
46_RV13_S33,1505823,1260,123,48500,6739500,1000000.0,0.01820052767705465,True
46_RV13_S33,1505824,1260,124,49500,6739500,875116.8705205808,0.01592758882256728,True
46_RV13_S33,1505825,1260,125,50500,6739500,53782.040734219816,0.0009788615209116484,True
46_RV13_S33,1507015,1261,120,45500,6738500,595917.621103626,0.010846015156141111,True
46_RV13_S33,1507016,1261,121,46500,6738500,1000000.0,0.01820052767705465,True
46_RV13_S33,1507017,1261,122,47500,6738500,1000000.0,0.01820052767705465,True
46_RV13_S33,1507018,1261,123,48500,6738500,1000000.0,0.01820052767705465,True
46_RV13_S33,1507019,1261,124,49500,6738500,1000000.0,0.01820052767705465,True
46_RV13_S33,1507020,1261,125,50500,6738500,589233.8644085595,0.010724367257425855,True
46_RV13_S33,1508210,1262,120,45500,6737500,50502.36600610859,0.0009191697102509233,True
46_RV13_S33,1508211,1262,121,46500,6737500,688272.6331842291,0.012526925109628845,True
46_RV13_S33,1508212,1262,122,47500,6737500,1000000.0,0.01820052767705465,True
46_RV13_S33,1508213,1262,123,48500,6737500,1000000.0,0.01820052767705465,True
46_RV13_S33,1508214,1262,124,49500,6737500,1000000.0,0.01820052767705465,True
46_RV13_S33,1508215,1262,125,50500,6737500,986886.3563859941,0.017961852443510905,True
46_RV13_S33,1508216,1262,126,51500,6737500,185744.3239643893,0.003380644709169673,True
46_RV13_S33,1509406,1263,121,46500,6736500,31907.484013741105,0.0005807330458972738,True
46_RV13_S33,1509407,1263,122,47500,6736500,849326.3759984939,0.015458188213213112,True
46_RV13_S33,1509408,1263,123,48500,6736500,1000000.0,0.01820052767705465,True
46_RV13_S33,1509409,1263,124,49500,6736500,1000000.0,0.01820052767705465,True
46_RV13_S33,1509410,1263,125,50500,6736500,1000000.0,0.01820052767705465,True
46_RV13_S33,1509411,1263,126,51500,6736500,671237.2995509695,0.012216873048348844,True
46_RV13_S33,1510602,1264,122,47500,6735500,294512.235628954,0.005360278095796018,True
46_RV13_S33,1510603,1264,123,48500,6735500,999785.381503436,0.01819662150716793,True
46_RV13_S33,1510604,1264,124,49500,6735500,1000000.0,0.01820052767705465,True
46_RV13_S33,1510605,1264,125,50500,6735500,1000000.0,0.01820052767705465,True
46_RV13_S33,1510606,1264,126,51500,6735500,682967.6593566387,0.012430371786653734,True
46_RV13_S33,1511798,1265,123,48500,6734500,520309.32666537317,0.009469904300602794,True
46_RV13_S33,1511799,1265,124,49500,6734500,973227.4016090689,0.01771325225905384,True
46_RV13_S33,1511800,1265,125,50500,6734500,853688.6381958601,0.015537583687070845,True
46_RV13_S33,1511801,1265,126,51500,6734500,170908.31657363888,0.003110621546037332,True
46_RV13_S33,1512994,1266,124,49500,6733500,7472.315086677433,0.00013600007754674564,True
46_RV13_S33,1512995,1266,125,50500,6733500,122.84316896005241,2.2358104965945348e-06,True
46_RV13_S34,1492667,1249,112,37500,6750500,60089.03039563893,0.0010623834932931152,True
46_RV13_S34,1492668,1249,113,38500,6750500,86313.55537049311,0.0015260372129370944,True
46_RV13_S34,1493861,1250,111,36500,6749500,350138.29663140426,0.006190500067346226,True
46_RV13_S34,1493862,1250,112,37500,6749500,971996.2249039824,0.017185045890774738,True
46_RV13_S34,1493863,1250,113,38500,6749500,994284.2875867058,0.017579102338943456,True
46_RV13_S34,1493864,1250,114,39500,6749500,550329.3951149132,0.009729910124935237,True
46_RV13_S34,1493865,1250,115,40500,6749500,15450.287832348708,0.00027316351506490635,True
46_RV13_S34,1495056,1251,111,36500,6748500,854628.0806183221,0.015109958669254523,True
46_RV13_S34,1495057,1251,112,37500,6748500,1000000.0,0.01768015703196002,True
46_RV13_S34,1495058,1251,113,38500,6748500,1000000.0,0.01768015703196002,True
46_RV13_S34,1495059,1251,114,39500,6748500,1000000.0,0.01768015703196002,True
46_RV13_S34,1495060,1251,115,40500,6748500,970665.251996876,0.017161514080771812,True
46_RV13_S34,1495061,1251,116,41500,6748500,600495.353547997,0.010616852147690937,True
46_RV13_S34,1495062,1251,117,42500,6748500,329036.82477761403,0.00581742273136573,True
46_RV13_S34,1495063,1251,118,43500,6748500,47449.716463098914,0.0008389184381895674,True
46_RV13_S34,1496251,1252,111,36500,6747500,775473.8803949859,0.013710499979566734,True
46_RV13_S34,1496252,1252,112,37500,6747500,1000000.0,0.01768015703196002,True
46_RV13_S34,1496253,1252,113,38500,6747500,1000000.0,0.01768015703196002,True
46_RV13_S34,1496254,1252,114,39500,6747500,1000000.0,0.01768015703196002,True
46_RV13_S34,1496255,1252,115,40500,6747500,1000000.0,0.01768015703196002,True
46_RV13_S34,1496256,1252,116,41500,6747500,1000000.0,0.01768015703196002,True
46_RV13_S34,1496257,1252,117,42500,6747500,1000000.0,0.01768015703196002,True
46_RV13_S34,1496258,1252,118,43500,6747500,885702.1517140773,0.015659353125849765,True
46_RV13_S34,1496259,1252,119,44500,6747500,574486.7858469576,0.010157016586560198,True
46_RV13_S34,1496260,1252,120,45500,6747500,115750.49488824187,0.002046486926151202,True
46_RV13_S34,1497446,1253,111,36500,6746500,196832.70867439354,0.003480033198389317,True
46_RV13_S34,1497447,1253,112,37500,6746500,911042.3046964307,0.016107371009791663,True
46_RV13_S34,1497448,1253,113,38500,6746500,1000000.0,0.01768015703196002,True
46_RV13_S34,1497449,1253,114,39500,6746500,1000000.0,0.01768015703196002,True
46_RV13_S34,1497450,1253,115,40500,6746500,1000000.0,0.01768015703196002,True
46_RV13_S34,1497451,1253,116,41500,6746500,1000000.0,0.01768015703196002,True
46_RV13_S34,1497452,1253,117,42500,6746500,1000000.0,0.01768015703196002,True
46_RV13_S34,1497453,1253,118,43500,6746500,1000000.0,0.01768015703196002,True
46_RV13_S34,1497454,1253,119,44500,6746500,1000000.0,0.01768015703196002,True
46_RV13_S34,1497455,1253,120,45500,6746500,931828.673007705,0.01647487726565915,True
46_RV13_S34,1497456,1253,121,46500,6746500,269596.33982922975,0.004766505623422439,True
46_RV13_S34,1497457,1253,122,47500,6746500,1268.905053152409,2.2434440598382166e-05,True
46_RV13_S34,1498642,1254,112,37500,6745500,127203.21631436785,0.0022489728394084023,True
46_RV13_S34,1498643,1254,113,38500,6745500,687017.9091736268,0.012146584517958569,True
46_RV13_S34,1498644,1254,114,39500,6745500,965590.3020164839,0.017071788168189137,True
46_RV13_S34,1498645,1254,115,40500,6745500,1000000.0,0.01768015703196002,True
46_RV13_S34,1498646,1254,116,41500,6745500,1000000.0,0.01768015703196002,True
46_RV13_S34,1498647,1254,117,42500,6745500,1000000.0,0.01768015703196002,True
46_RV13_S34,1498648,1254,118,43500,6745500,1000000.0,0.01768015703196002,True
46_RV13_S34,1498649,1254,119,44500,6745500,1000000.0,0.01768015703196002,True
46_RV13_S34,1498650,1254,120,45500,6745500,1000000.0,0.01768015703196002,True
46_RV13_S34,1498651,1254,121,46500,6745500,1000000.0,0.01768015703196002,True
46_RV13_S34,1498652,1254,122,47500,6745500,792441.025657646,0.014010481772194642,True
46_RV13_S34,1498653,1254,123,48500,6745500,67967.59258540894,0.0012016777099943118,True
46_RV13_S34,1499839,1255,114,39500,6744500,183181.61933043605,0.0032386797951308327,True
46_RV13_S34,1499840,1255,115,40500,6744500,897114.6701167048,0.01586112824333835,True
46_RV13_S34,1499841,1255,116,41500,6744500,1000000.0,0.01768015703196002,True
46_RV13_S34,1499842,1255,117,42500,6744500,1000000.0,0.01768015703196002,True
46_RV13_S34,1499843,1255,118,43500,6744500,1000000.0,0.01768015703196002,True
46_RV13_S34,1499844,1255,119,44500,6744500,1000000.0,0.01768015703196002,True
46_RV13_S34,1499845,1255,120,45500,6744500,1000000.0,0.01768015703196002,True
46_RV13_S34,1499846,1255,121,46500,6744500,1000000.0,0.01768015703196002,True
46_RV13_S34,1499847,1255,122,47500,6744500,1000000.0,0.01768015703196002,True
46_RV13_S34,1499848,1255,123,48500,6744500,447876.53533885657,0.007918527475721176,True
46_RV13_S34,1501035,1256,115,40500,6743500,69469.07565560576,0.001228224166456221,True
46_RV13_S34,1501036,1256,116,41500,6743500,611338.6570030644,0.010808563455521725,True
46_RV13_S34,1501037,1256,117,42500,6743500,994034.9046446816,0.017574693209367376,True
46_RV13_S34,1501038,1256,118,43500,6743500,1000000.0,0.01768015703196002,True
46_RV13_S34,1501039,1256,119,44500,6743500,1000000.0,0.01768015703196002,True
46_RV13_S34,1501040,1256,120,45500,6743500,1000000.0,0.01768015703196002,True
46_RV13_S34,1501041,1256,121,46500,6743500,1000000.0,0.01768015703196002,True
46_RV13_S34,1501042,1256,122,47500,6743500,1000000.0,0.01768015703196002,True
46_RV13_S34,1501043,1256,123,48500,6743500,400733.2502310178,0.007085026792012125,True
46_RV13_S34,1502232,1257,117,42500,6742500,212273.3767501017,0.0037530266346462097,True
46_RV13_S34,1502233,1257,118,43500,6742500,758859.9193027626,0.013416762538533352,True
46_RV13_S34,1502234,1257,119,44500,6742500,1000000.0,0.01768015703196002,True
46_RV13_S34,1502235,1257,120,45500,6742500,1000000.0,0.01768015703196002,True
46_RV13_S34,1502236,1257,121,46500,6742500,924931.0229042448,0.01635292572867846,True
46_RV13_S34,1502237,1257,122,47500,6742500,618271.1161977573,0.01093113042270155,True
46_RV13_S34,1502238,1257,123,48500,6742500,25182.694685546456,0.0004452339965283664,True
46_RV13_S34,1503428,1258,118,43500,6741500,174.3110259452493,3.081846311114065e-06,True
46_RV13_S34,1503429,1258,119,44500,6741500,144426.17472516175,0.002553477448666155,True
46_RV13_S34,1503430,1258,120,45500,6741500,139631.9236914808,0.002468714337540039,True
46_RV13_S34,1503431,1258,121,46500,6741500,5.760809933392059,1.0185202425364675e-07,True
46_RV13_S35,1486686,1244,106,31500,6755500,164675.89511204086,0.003426622982177674,True
46_RV13_S35,1486687,1244,107,32500,6755500,422110.91350077256,0.008783404251397323,True
46_RV13_S35,1486688,1244,108,33500,6755500,173003.08743199465,0.0035998975744375382,True
46_RV13_S35,1487880,1245,105,30500,6754500,180473.1981449836,0.003755337768226216,True
46_RV13_S35,1487881,1245,106,31500,6754500,970240.4461199618,0.02018903986312619,True
46_RV13_S35,1487882,1245,107,32500,6754500,1000000.0,0.020808285146082222,True
46_RV13_S35,1487883,1245,108,33500,6754500,975369.5381554891,0.020295767472741942,True
46_RV13_S35,1487884,1245,109,34500,6754500,510778.0027251268,0.0106284143270508,True
46_RV13_S35,1487885,1245,110,35500,6754500,62906.86314717555,0.0013089839460120002,True
46_RV13_S35,1489075,1246,105,30500,6753500,478730.5762609007,0.009961562338985083,True
46_RV13_S35,1489076,1246,106,31500,6753500,1000000.0,0.020808285146082222,True
46_RV13_S35,1489077,1246,107,32500,6753500,1000000.0,0.020808285146082222,True
46_RV13_S35,1489078,1246,108,33500,6753500,1000000.0,0.020808285146082222,True
46_RV13_S35,1489079,1246,109,34500,6753500,1000000.0,0.020808285146082222,True
46_RV13_S35,1489080,1246,110,35500,6753500,886956.7524619708,0.018456049017471752,True
46_RV13_S35,1489081,1246,111,36500,6753500,447246.53370259143,0.009306433403880396,True
46_RV13_S35,1489082,1246,112,37500,6753500,315432.0690217291,0.006563600436422829,True
46_RV13_S35,1489083,1246,113,38500,6753500,42815.03446893705,0.0008909074457689811,True
46_RV13_S35,1490270,1247,105,30500,6752500,373278.47715786996,0.007767284991596297,True
46_RV13_S35,1490271,1247,106,31500,6752500,1000000.0,0.020808285146082222,True
46_RV13_S35,1490272,1247,107,32500,6752500,1000000.0,0.020808285146082222,True
46_RV13_S35,1490273,1247,108,33500,6752500,1000000.0,0.020808285146082222,True
46_RV13_S35,1490274,1247,109,34500,6752500,1000000.0,0.020808285146082222,True
46_RV13_S35,1490275,1247,110,35500,6752500,1000000.0,0.020808285146082222,True
46_RV13_S35,1490276,1247,111,36500,6752500,1000000.0,0.020808285146082222,True
46_RV13_S35,1490277,1247,112,37500,6752500,1000000.0,0.020808285146082222,True
46_RV13_S35,1490278,1247,113,38500,6752500,842990.4848868443,0.01754118638495957,True
46_RV13_S35,1490279,1247,114,39500,6752500,42936.041818969585,0.00089342540121323,True
46_RV13_S35,1491465,1248,105,30500,6751500,37758.951591255995,0.0007856990315279699,True
46_RV13_S35,1491466,1248,106,31500,6751500,819953.4424511577,0.01706182503703541,True
46_RV13_S35,1491467,1248,107,32500,6751500,1000000.0,0.020808285146082222,True
46_RV13_S35,1491468,1248,108,33500,6751500,1000000.0,0.020808285146082222,True
46_RV13_S35,1491469,1248,109,34500,6751500,1000000.0,0.020808285146082222,True
46_RV13_S35,1491470,1248,110,35500,6751500,1000000.0,0.020808285146082222,True
46_RV13_S35,1491471,1248,111,36500,6751500,1000000.0,0.020808285146082222,True
46_RV13_S35,1491472,1248,112,37500,6751500,1000000.0,0.020808285146082222,True
46_RV13_S35,1491473,1248,113,38500,6751500,1000000.0,0.020808285146082222,True
46_RV13_S35,1491474,1248,114,39500,6751500,318530.4680952978,0.006628072807842003,True
46_RV13_S35,1492661,1249,106,31500,6750500,37269.45017677054,0.0007755133465159458,True
46_RV13_S35,1492662,1249,107,32500,6750500,331846.8748098391,0.006905164395879382,True
46_RV13_S35,1492663,1249,108,33500,6750500,568074.865198433,0.011820663779371215,True
46_RV13_S35,1492664,1249,109,34500,6750500,989453.9124156699,0.020588839148451926,True
46_RV13_S35,1492665,1249,110,35500,6750500,1000000.0,0.020808285146082222,True
46_RV13_S35,1492666,1249,111,36500,6750500,1000000.0,0.020808285146082222,True
46_RV13_S35,1492667,1249,112,37500,6750500,1000000.0,0.020808285146082222,True
46_RV13_S35,1492668,1249,113,38500,6750500,1000000.0,0.020808285146082222,True
46_RV13_S35,1492669,1249,114,39500,6750500,495264.4498014095,0.010305603894185254,True
46_RV13_S35,1493859,1250,109,34500,6749500,150055.04997688072,0.0031223882675285525,True
46_RV13_S35,1493860,1250,110,35500,6749500,702436.1480849567,0.014616491666267417,True
46_RV13_S35,1493861,1250,111,36500,6749500,1000000.0,0.020808285146082222,True
46_RV13_S35,1493862,1250,112,37500,6749500,1000000.0,0.020808285146082222,True
46_RV13_S35,1493863,1250,113,38500,6749500,1000000.0,0.020808285146082222,True
46_RV13_S35,1493864,1250,114,39500,6749500,669106.821199707,0.013922965528712156,True
46_RV13_S35,1495055,1251,110,35500,6748500,245526.03808223066,0.005108975811202898,True
46_RV13_S35,1495056,1251,111,36500,6748500,1000000.0,0.020808285146082222,True
46_RV13_S35,1495057,1251,112,37500,6748500,1000000.0,0.020808285146082222,True
46_RV13_S35,1495058,1251,113,38500,6748500,1000000.0,0.020808285146082222,True
46_RV13_S35,1495059,1251,114,39500,6748500,987462.5565812065,0.020547402448421095,True
46_RV13_S35,1495060,1251,115,40500,6748500,47688.49648055924,0.0009923158329554153,True
46_RV13_S35,1496250,1252,110,35500,6747500,12460.318313224687,0.00025927785647252954,True
46_RV13_S35,1496251,1252,111,36500,6747500,843388.3127288772,0.017549464500135642,True
46_RV13_S35,1496252,1252,112,37500,6747500,1000000.0,0.020808285146082222,True
46_RV13_S35,1496253,1252,113,38500,6747500,1000000.0,0.020808285146082222,True
46_RV13_S35,1496254,1252,114,39500,6747500,933692.8836577818,0.019428547762018897,True
46_RV13_S35,1496255,1252,115,40500,6747500,22148.87038885632,0.0004608800107149394,True
46_RV13_S35,1497446,1253,111,36500,6746500,164125.4292383167,0.003415168731314034,True
46_RV13_S35,1497447,1253,112,37500,6746500,737836.9297608003,0.015353121225772573,True
46_RV13_S35,1497448,1253,113,38500,6746500,786207.0091601509,0.016359619630452897,True
46_RV13_S35,1497449,1253,114,39500,6746500,267549.3013538792,0.005567242153206601,True
46_RV13_S36,1458012,1220,112,37500,6779500,40831.52216649531,0.0007830386628525603,True
46_RV13_S36,1458013,1220,113,38500,6779500,405491.8175422228,0.007776241339012755,True
46_RV13_S36,1458014,1220,114,39500,6779500,393285.41103618534,0.00754215532601162,True
46_RV13_S36,1458015,1220,115,40500,6779500,30789.80967530613,0.0005904656529660289,True
46_RV13_S36,1459207,1221,112,37500,6778500,712559.8905311417,0.013664980247582168,True
46_RV13_S36,1459208,1221,113,38500,6778500,1000000.0,0.019177307660969103,True
46_RV13_S36,1459209,1221,114,39500,6778500,1000000.0,0.019177307660969103,True
46_RV13_S36,1459210,1221,115,40500,6778500,666537.310992026,0.012782391080409126,True
46_RV13_S36,1460400,1222,110,35500,6777500,5950.226133686881,0.000114109317218052,True
46_RV13_S36,1460401,1222,111,36500,6777500,541252.2273147723,0.010379760485400173,True
46_RV13_S36,1460402,1222,112,37500,6777500,999720.4043025257,0.019171945768257957,True
46_RV13_S36,1460403,1222,113,38500,6777500,1000000.0,0.019177307660969103,True
46_RV13_S36,1460404,1222,114,39500,6777500,1000000.0,0.019177307660969103,True
46_RV13_S36,1460405,1222,115,40500,6777500,977766.7683772543,0.01875093413784212,True
46_RV13_S36,1460406,1222,116,41500,6777500,229.0643421120108,4.3928373628395125e-06,True
46_RV13_S36,1461594,1223,109,34500,6776500,27223.252098555797,0.0005220686810261273,True
46_RV13_S36,1461595,1223,110,35500,6776500,636082.2125273052,0.012198344287306068,True
46_RV13_S36,1461596,1223,111,36500,6776500,1000000.0,0.019177307660969103,True
46_RV13_S36,1461597,1223,112,37500,6776500,1000000.0,0.019177307660969103,True
46_RV13_S36,1461598,1223,113,38500,6776500,1000000.0,0.019177307660969103,True
46_RV13_S36,1461599,1223,114,39500,6776500,1000000.0,0.019177307660969103,True
46_RV13_S36,1461600,1223,115,40500,6776500,830810.5761950882,0.01593271002768022,True
46_RV13_S36,1462789,1224,109,34500,6775500,504474.50268513383,0.009674462745107195,True
46_RV13_S36,1462790,1224,110,35500,6775500,1000000.0,0.019177307660969103,True
46_RV13_S36,1462791,1224,111,36500,6775500,1000000.0,0.019177307660969103,True
46_RV13_S36,1462792,1224,112,37500,6775500,1000000.0,0.019177307660969103,True
46_RV13_S36,1462793,1224,113,38500,6775500,1000000.0,0.019177307660969103,True
46_RV13_S36,1462794,1224,114,39500,6775500,977685.1575455486,0.018749369061814035,True
46_RV13_S36,1462795,1224,115,40500,6775500,295836.46237282344,0.005673346856256345,True
46_RV13_S36,1463984,1225,109,34500,6774500,661514.4219496534,0.012686065591896636,True
46_RV13_S36,1463985,1225,110,35500,6774500,1000000.0,0.019177307660969103,True
46_RV13_S36,1463986,1225,111,36500,6774500,1000000.0,0.019177307660969103,True
46_RV13_S36,1463987,1225,112,37500,6774500,1000000.0,0.019177307660969103,True
46_RV13_S36,1463988,1225,113,38500,6774500,920539.663760866,0.01765347234606718,True
46_RV13_S36,1463989,1225,114,39500,6774500,199232.81578026857,0.0038207490043793905,True
46_RV13_S36,1465179,1226,109,34500,6773500,423705.63438513054,0.008125533308289738,True
46_RV13_S36,1465180,1226,110,35500,6773500,1000000.0,0.019177307660969103,True
46_RV13_S36,1465181,1226,111,36500,6773500,1000000.0,0.019177307660969103,True
46_RV13_S36,1465182,1226,112,37500,6773500,1000000.0,0.019177307660969103,True
46_RV13_S36,1465183,1226,113,38500,6773500,784201.1368286673,0.01503886646904508,True
46_RV13_S36,1465184,1226,114,39500,6773500,8491.032059623809,0.00016283513416655795,True
46_RV13_S36,1466374,1227,109,34500,6772500,349782.1978966318,0.006707880823393688,True
46_RV13_S36,1466375,1227,110,35500,6772500,1000000.0,0.019177307660969103,True
46_RV13_S36,1466376,1227,111,36500,6772500,1000000.0,0.019177307660969103,True
46_RV13_S36,1466377,1227,112,37500,6772500,1000000.0,0.019177307660969103,True
46_RV13_S36,1466378,1227,113,38500,6772500,1000000.0,0.019177307660969103,True
46_RV13_S36,1466379,1227,114,39500,6772500,689587.9421515682,0.013224440125935188,True
46_RV13_S36,1466380,1227,115,40500,6772500,3039.5843255811856,5.8291043773129674e-05,True
46_RV13_S36,1467569,1228,109,34500,6771500,51217.98188992907,0.0009822229964771135,True
46_RV13_S36,1467570,1228,110,35500,6771500,880493.9384872472,0.016885503151988345,True
46_RV13_S36,1467571,1228,111,36500,6771500,1000000.0,0.019177307660969103,True
46_RV13_S36,1467572,1228,112,37500,6771500,1000000.0,0.019177307660969103,True
46_RV13_S36,1467573,1228,113,38500,6771500,1000000.0,0.019177307660969103,True
46_RV13_S36,1467574,1228,114,39500,6771500,1000000.0,0.019177307660969103,True
46_RV13_S36,1467575,1228,115,40500,6771500,215896.07113909785,0.004140305379028952,True
46_RV13_S36,1468765,1229,110,35500,6770500,239066.67304845588,0.004584655140534548,True
46_RV13_S36,1468766,1229,111,36500,6770500,965227.8555327432,0.018510471548488856,True
46_RV13_S36,1468767,1229,112,37500,6770500,1000000.0,0.019177307660969103,True
46_RV13_S36,1468768,1229,113,38500,6770500,1000000.0,0.019177307660969103,True
46_RV13_S36,1468769,1229,114,39500,6770500,1000000.0,0.019177307660969103,True
46_RV13_S36,1468770,1229,115,40500,6770500,480522.0184088412,0.009215118584896207,True
46_RV13_S36,1469961,1230,111,36500,6769500,464829.3945341946,0.00891417630884424,True
46_RV13_S36,1469962,1230,112,37500,6769500,1000000.0,0.019177307660969103,True
46_RV13_S36,1469963,1230,113,38500,6769500,1000000.0,0.019177307660969103,True
46_RV13_S36,1469964,1230,114,39500,6769500,1000000.0,0.019177307660969103,True
46_RV13_S36,1469965,1230,115,40500,6769500,615792.9524926895,0.011809250905408837,True
46_RV13_S36,1471156,1231,111,36500,6768500,114777.8530940875,0.0022011302014508308,True
46_RV13_S36,1471157,1231,112,37500,6768500,943982.5322592666,0.018103043447716648,True
46_RV13_S36,1471158,1231,113,38500,6768500,1000000.0,0.019177307660969103,True
46_RV13_S36,1471159,1231,114,39500,6768500,994594.2143958039,0.019073639247288197,True
46_RV13_S36,1471160,1231,115,40500,6768500,291427.9354510804,0.005588803179146413,True
46_RV13_S36,1472352,1232,112,37500,6767500,137928.71943537006,0.0026451014878955802,True
46_RV13_S36,1472353,1232,113,38500,6767500,434880.9829429845,0.00833984640580227,True
46_RV13_S36,1472354,1232,114,39500,6767500,227702.91425665235,0.00436672884199909,True
46_RV13_S37,1449645,1213,110,35500,6786500,49181.858445315025,0.0010158019005092592,True
46_RV13_S37,1449646,1213,111,36500,6786500,527406.3272739343,0.010893048097829747,True
46_RV13_S37,1449647,1213,112,37500,6786500,621992.8982176862,0.012846638742114757,True
46_RV13_S37,1449648,1213,113,38500,6786500,189878.14144319808,0.003921742346471655,True
46_RV13_S37,1450840,1214,110,35500,6785500,615025.4647682427,0.012702733400524503,True
46_RV13_S37,1450841,1214,111,36500,6785500,1000000.0,0.020653995855783334,True
46_RV13_S37,1450842,1214,112,37500,6785500,1000000.0,0.020653995855783334,True
46_RV13_S37,1450843,1214,113,38500,6785500,937194.2632509631,0.019356806429249307,True
46_RV13_S37,1450844,1214,114,39500,6785500,73372.9659587814,0.0015154449348392027,True
46_RV13_S37,1452035,1215,110,35500,6784500,863512.4840097546,0.017834983266154646,True
46_RV13_S37,1452036,1215,111,36500,6784500,1000000.0,0.020653995855783334,True
46_RV13_S37,1452037,1215,112,37500,6784500,1000000.0,0.020653995855783334,True
46_RV13_S37,1452038,1215,113,38500,6784500,1000000.0,0.020653995855783334,True
46_RV13_S37,1452039,1215,114,39500,6784500,270357.49337527476,0.005583962547752896,True
46_RV13_S37,1453229,1216,109,34500,6783500,28733.88241400221,0.0005934694882993673,True
46_RV13_S37,1453230,1216,110,35500,6783500,986013.0308766733,0.020365109053475175,True
46_RV13_S37,1453231,1216,111,36500,6783500,1000000.0,0.020653995855783334,True
46_RV13_S37,1453232,1216,112,37500,6783500,1000000.0,0.020653995855783334,True
46_RV13_S37,1453233,1216,113,38500,6783500,1000000.0,0.020653995855783334,True
46_RV13_S37,1453234,1216,114,39500,6783500,857229.1246874939,0.017705206788752273,True
46_RV13_S37,1453235,1216,115,40500,6783500,187875.63558867152,0.0038803825988510815,True
46_RV13_S37,1454424,1217,109,34500,6782500,14616.938940641412,0.0003018981963042458,True
46_RV13_S37,1454425,1217,110,35500,6782500,941185.4519364394,0.019439240423818786,True
46_RV13_S37,1454426,1217,111,36500,6782500,1000000.0,0.020653995855783334,True
46_RV13_S37,1454427,1217,112,37500,6782500,1000000.0,0.020653995855783334,True
46_RV13_S37,1454428,1217,113,38500,6782500,1000000.0,0.020653995855783334,True
46_RV13_S37,1454429,1217,114,39500,6782500,1000000.0,0.020653995855783334,True
46_RV13_S37,1454430,1217,115,40500,6782500,854170.814348573,0.017642040459686502,True
46_RV13_S37,1454431,1217,116,41500,6782500,4940.775869150075,0.00010204676432577995,True
46_RV13_S37,1455620,1218,110,35500,6781500,393661.92248471023,0.008130691715578906,True
46_RV13_S37,1455621,1218,111,36500,6781500,1000000.0,0.020653995855783334,True
46_RV13_S37,1455622,1218,112,37500,6781500,1000000.0,0.020653995855783334,True
46_RV13_S37,1455623,1218,113,38500,6781500,1000000.0,0.020653995855783334,True
46_RV13_S37,1455624,1218,114,39500,6781500,1000000.0,0.020653995855783334,True
46_RV13_S37,1455625,1218,115,40500,6781500,1000000.0,0.020653995855783334,True
46_RV13_S37,1455626,1218,116,41500,6781500,248093.75027045517,0.005124127289931727,True
46_RV13_S37,1456815,1219,110,35500,6780500,2893.0696430403113,5.975344841784716e-05,True
46_RV13_S37,1456816,1219,111,36500,6780500,554704.9054652668,0.011456872818662306,True
46_RV13_S37,1456817,1219,112,37500,6780500,993465.9659745025,0.02051904194409916,True
46_RV13_S37,1456818,1219,113,38500,6780500,1000000.0,0.020653995855783334,True
46_RV13_S37,1456819,1219,114,39500,6780500,1000000.0,0.020653995855783334,True
46_RV13_S37,1456820,1219,115,40500,6780500,1000000.0,0.020653995855783334,True
46_RV13_S37,1456821,1219,116,41500,6780500,629879.1865776015,0.013009522109217958,True
46_RV13_S37,1458012,1220,112,37500,6779500,593243.575282014,0.012252850345344806,True
46_RV13_S37,1458013,1220,113,38500,6779500,1000000.0,0.020653995855783334,True
46_RV13_S37,1458014,1220,114,39500,6779500,1000000.0,0.020653995855783334,True
46_RV13_S37,1458015,1220,115,40500,6779500,1000000.0,0.020653995855783334,True
46_RV13_S37,1458016,1220,116,41500,6779500,898451.8690477622,0.018556621179933272,True
46_RV13_S37,1459207,1221,112,37500,6778500,886351.6236572555,0.018306702761783786,True
46_RV13_S37,1459208,1221,113,38500,6778500,1000000.0,0.020653995855783334,True
46_RV13_S37,1459209,1221,114,39500,6778500,1000000.0,0.020653995855783334,True
46_RV13_S37,1459210,1221,115,40500,6778500,1000000.0,0.020653995855783334,True
46_RV13_S37,1459211,1221,116,41500,6778500,726691.1190121187,0.015009075360510852,True
46_RV13_S37,1460401,1222,111,36500,6777500,11932.344967686113,0.0002464506035123661,True
46_RV13_S37,1460402,1222,112,37500,6777500,995761.8865214755,0.02056646187756155,True
46_RV13_S37,1460403,1222,113,38500,6777500,1000000.0,0.020653995855783334,True
46_RV13_S37,1460404,1222,114,39500,6777500,1000000.0,0.020653995855783334,True
46_RV13_S37,1460405,1222,115,40500,6777500,983362.0294114891,0.020310355280199588,True
46_RV13_S37,1460406,1222,116,41500,6777500,133336.79469034472,0.002753937604957813,True
46_RV13_S37,1461597,1223,112,37500,6776500,727127.0127419037,0.015018078307799394,True
46_RV13_S37,1461598,1223,113,38500,6776500,1000000.0,0.020653995855783334,True
46_RV13_S37,1461599,1223,114,39500,6776500,1000000.0,0.020653995855783334,True
46_RV13_S37,1461600,1223,115,40500,6776500,681264.7364288741,0.014070839042893291,True
46_RV13_S37,1462792,1224,112,37500,6775500,49111.338467634814,0.001014345381182502,True
46_RV13_S37,1462793,1224,113,38500,6775500,429577.44214374595,0.008872490709774934,True
46_RV13_S37,1462794,1224,114,39500,6775500,417198.5711870439,0.008616817560335933,True
46_RV13_S37,1462795,1224,115,40500,6775500,37984.58909942794,0.0007845335458432175,True
46_RV13_S38,1441287,1206,117,42500,6793500,45517.204719377485,0.0008940616866816942,True
46_RV13_S38,1441288,1206,118,43500,6793500,49330.55429259527,0.0009689645673035919,True
46_RV13_S38,1442481,1207,116,41500,6792500,383140.7132860108,0.0075257572267193274,True
46_RV13_S38,1442482,1207,117,42500,6792500,971647.1688044945,0.01908536589530536,True
46_RV13_S38,1442483,1207,118,43500,6792500,977158.2020563054,0.01919361515434598,True
46_RV13_S38,1442484,1207,119,44500,6792500,411964.50177956384,0.008091922155255275,True
46_RV13_S38,1443674,1208,114,39500,6791500,134121.74942588015,0.002634456976250846,True
46_RV13_S38,1443675,1208,115,40500,6791500,620923.3656396604,0.012196350698739953,True
46_RV13_S38,1443676,1208,116,41500,6791500,970802.8488440119,0.01906878152610646,True
46_RV13_S38,1443677,1208,117,42500,6791500,1000000.0,0.019642280148655003,True
46_RV13_S38,1443678,1208,118,43500,6791500,1000000.0,0.019642280148655003,True
46_RV13_S38,1443679,1208,119,44500,6791500,950636.4751893684,0.018672667965199494,True
46_RV13_S38,1443680,1208,120,45500,6791500,4233.9657326263805,8.31647410600527e-05,True
46_RV13_S38,1444868,1209,113,38500,6790500,374109.17477366974,0.007348357217086559,True
46_RV13_S38,1444869,1209,114,39500,6790500,979473.7922549128,0.019239098625736507,True
46_RV13_S38,1444870,1209,115,40500,6790500,1000000.0,0.019642280148655003,True
46_RV13_S38,1444871,1209,116,41500,6790500,1000000.0,0.019642280148655003,True
46_RV13_S38,1444872,1209,117,42500,6790500,1000000.0,0.019642280148655003,True
46_RV13_S38,1444873,1209,118,43500,6790500,1000000.0,0.019642280148655003,True
46_RV13_S38,1444874,1209,119,44500,6790500,904630.1562825507,0.01776899896062342,True
46_RV13_S38,1444875,1209,120,45500,6790500,1019.2673354663269,2.0020734549602714e-05,True
46_RV13_S38,1446061,1210,111,36500,6789500,4437.721792579926,8.716697467164637e-05,True
46_RV13_S38,1446062,1210,112,37500,6789500,520042.03174197744,0.010214811276551659,True
46_RV13_S38,1446063,1210,113,38500,6789500,999471.9781423925,0.01963190859540326,True
46_RV13_S38,1446064,1210,114,39500,6789500,1000000.0,0.019642280148655003,True
46_RV13_S38,1446065,1210,115,40500,6789500,1000000.0,0.019642280148655003,True
46_RV13_S38,1446066,1210,116,41500,6789500,1000000.0,0.019642280148655003,True
46_RV13_S38,1446067,1210,117,42500,6789500,1000000.0,0.019642280148655003,True
46_RV13_S38,1446068,1210,118,43500,6789500,1000000.0,0.019642280148655003,True
46_RV13_S38,1446069,1210,119,44500,6789500,456470.029452015,0.00896611219796128,True
46_RV13_S38,1447256,1211,111,36500,6788500,529465.7811948034,0.010399915203354801,True
46_RV13_S38,1447257,1211,112,37500,6788500,1000000.0,0.019642280148655003,True
46_RV13_S38,1447258,1211,113,38500,6788500,1000000.0,0.019642280148655003,True
46_RV13_S38,1447259,1211,114,39500,6788500,1000000.0,0.019642280148655003,True
46_RV13_S38,1447260,1211,115,40500,6788500,1000000.0,0.019642280148655003,True
46_RV13_S38,1447261,1211,116,41500,6788500,1000000.0,0.019642280148655003,True
46_RV13_S38,1447262,1211,117,42500,6788500,981736.3427112587,0.01928354027565052,True
46_RV13_S38,1447263,1211,118,43500,6788500,446150.85393279616,0.00876342006150964,True
46_RV13_S38,1447264,1211,119,44500,6788500,496.0203528604384,9.742970730319438e-06,True
46_RV13_S38,1448450,1212,110,35500,6787500,356512.4006563084,0.0070027164501607455,True
46_RV13_S38,1448451,1212,111,36500,6787500,998589.6279105815,0.0196145772249608,True
46_RV13_S38,1448452,1212,112,37500,6787500,1000000.0,0.019642280148655003,True
46_RV13_S38,1448453,1212,113,38500,6787500,1000000.0,0.019642280148655003,True
46_RV13_S38,1448454,1212,114,39500,6787500,1000000.0,0.019642280148655003,True
46_RV13_S38,1448455,1212,115,40500,6787500,974311.6438909887,0.019137702261403388,True
46_RV13_S38,1448456,1212,116,41500,6787500,729523.061336979,0.01432949634568537,True
46_RV13_S38,1448457,1212,117,42500,6787500,199346.92030690826,0.003915628055439895,True
46_RV13_S38,1449645,1213,110,35500,6786500,819049.0800767702,0.016087991486366086,True
46_RV13_S38,1449646,1213,111,36500,6786500,1000000.0,0.019642280148655003,True
46_RV13_S38,1449647,1213,112,37500,6786500,1000000.0,0.019642280148655003,True
46_RV13_S38,1449648,1213,113,38500,6786500,1000000.0,0.019642280148655003,True
46_RV13_S38,1449649,1213,114,39500,6786500,938201.3299478074,0.01842841335867554,True
46_RV13_S38,1449650,1213,115,40500,6786500,271769.9302878647,0.005338181106694679,True
46_RV13_S38,1450840,1214,110,35500,6785500,904989.9353562238,0.01777606584198013,True
46_RV13_S38,1450841,1214,111,36500,6785500,1000000.0,0.019642280148655003,True
46_RV13_S38,1450842,1214,112,37500,6785500,1000000.0,0.019642280148655003,True
46_RV13_S38,1450843,1214,113,38500,6785500,1000000.0,0.019642280148655003,True
46_RV13_S38,1450844,1214,114,39500,6785500,312905.20724855154,0.0061461717407490036,True
46_RV13_S38,1452035,1215,110,35500,6784500,884168.1637672835,0.01736707877123886,True
46_RV13_S38,1452036,1215,111,36500,6784500,1000000.0,0.019642280148655003,True
46_RV13_S38,1452037,1215,112,37500,6784500,1000000.0,0.019642280148655003,True
46_RV13_S38,1452038,1215,113,38500,6784500,1000000.0,0.019642280148655003,True
46_RV13_S38,1452039,1215,114,39500,6784500,145083.541401659,0.002849771565170373,True
46_RV13_S38,1453230,1216,110,35500,6783500,424532.8906509574,0.008338793970484426,True
46_RV13_S38,1453231,1216,111,36500,6783500,997831.5146760906,0.019599686152424526,True
46_RV13_S38,1453232,1216,112,37500,6783500,1000000.0,0.019642280148655003,True
46_RV13_S38,1453233,1216,113,38500,6783500,748073.8438465596,0.014693876012715322,True
46_RV13_S38,1453234,1216,114,39500,6783500,4264.212792321099,8.375886228024945e-05,True
46_RV13_S38,1454426,1217,111,36500,6782500,185447.69637808882,0.0036426156051811345,True
46_RV13_S38,1454427,1217,112,37500,6782500,277780.34458468086,0.005456239348122224,True
46_RV13_S38,1454428,1217,113,38500,6782500,21225.1245434892,0.000416909842473308,True
46_RV13_S39,1432923,1199,118,43500,6800500,232071.74562407113,0.004789948035927851,True
46_RV13_S39,1432924,1199,119,44500,6800500,479845.40105520934,0.009903982624651794,True
46_RV13_S39,1432925,1199,120,45500,6800500,552871.6428371195,0.011411240229207734,True
46_RV13_S39,1432926,1199,121,46500,6800500,341253.7825345747,0.007043459258725426,True
46_RV13_S39,1432927,1199,122,47500,6800500,320.1873124248199,6.608648477021691e-06,True
46_RV13_S39,1434117,1200,117,42500,6799500,366609.0692159466,0.007566790978031578,True
46_RV13_S39,1434118,1200,118,43500,6799500,998646.7065133592,0.020612012968602097,True
46_RV13_S39,1434119,1200,119,44500,6799500,1000000.0,0.020639944871561407,True
46_RV13_S39,1434120,1200,120,45500,6799500,1000000.0,0.020639944871561407,True
46_RV13_S39,1434121,1200,121,46500,6799500,1000000.0,0.020639944871561407,True
46_RV13_S39,1434122,1200,122,47500,6799500,366384.5693510318,0.007562157313196063,True
46_RV13_S39,1435312,1201,117,42500,6798500,698078.5162677465,0.014408302091787669,True
46_RV13_S39,1435313,1201,118,43500,6798500,1000000.0,0.020639944871561407,True
46_RV13_S39,1435314,1201,119,44500,6798500,1000000.0,0.020639944871561407,True
46_RV13_S39,1435315,1201,120,45500,6798500,1000000.0,0.020639944871561407,True
46_RV13_S39,1435316,1201,121,46500,6798500,1000000.0,0.020639944871561407,True
46_RV13_S39,1435317,1201,122,47500,6798500,608080.2136090096,0.012550742086377242,True
46_RV13_S39,1436507,1202,117,42500,6797500,683868.2062394827,0.014115002076196509,True
46_RV13_S39,1436508,1202,118,43500,6797500,1000000.0,0.020639944871561407,True
46_RV13_S39,1436509,1202,119,44500,6797500,1000000.0,0.020639944871561407,True
46_RV13_S39,1436510,1202,120,45500,6797500,1000000.0,0.020639944871561407,True
46_RV13_S39,1436511,1202,121,46500,6797500,994042.7649057077,0.020516987867628282,True
46_RV13_S39,1436512,1202,122,47500,6797500,294707.12409853813,0.006082738794650233,True
46_RV13_S39,1437701,1203,116,41500,6796500,226214.29471714873,0.0046690505721210945,True
46_RV13_S39,1437702,1203,117,42500,6796500,999135.6572203347,0.020622104884238983,True
46_RV13_S39,1437703,1203,118,43500,6796500,1000000.0,0.020639944871561407,True
46_RV13_S39,1437704,1203,119,44500,6796500,1000000.0,0.020639944871561407,True
46_RV13_S39,1437705,1203,120,45500,6796500,1000000.0,0.020639944871561407,True
46_RV13_S39,1437706,1203,121,46500,6796500,432958.86288182216,0.008936247061534723,True
46_RV13_S39,1438896,1204,116,41500,6795500,406338.40786333533,0.008386802337497275,True
46_RV13_S39,1438897,1204,117,42500,6795500,1000000.0,0.020639944871561407,True
46_RV13_S39,1438898,1204,118,43500,6795500,1000000.0,0.020639944871561407,True
46_RV13_S39,1438899,1204,119,44500,6795500,1000000.0,0.020639944871561407,True
46_RV13_S39,1438900,1204,120,45500,6795500,930271.6896777719,0.01920075639052349,True
46_RV13_S39,1438901,1204,121,46500,6795500,49463.28048423706,0.0010209193823612322,True
46_RV13_S39,1440091,1205,116,41500,6794500,312324.05460554146,0.00644635126912091,True
46_RV13_S39,1440092,1205,117,42500,6794500,1000000.0,0.020639944871561407,True
46_RV13_S39,1440093,1205,118,43500,6794500,1000000.0,0.020639944871561407,True
46_RV13_S39,1440094,1205,119,44500,6794500,1000000.0,0.020639944871561407,True
46_RV13_S39,1440095,1205,120,45500,6794500,848440.1073809242,0.017511757043163913,True
46_RV13_S39,1441286,1206,116,41500,6793500,566609.8369873414,0.011694795799103121,True
46_RV13_S39,1441287,1206,117,42500,6793500,1000000.0,0.020639944871561407,True
46_RV13_S39,1441288,1206,118,43500,6793500,1000000.0,0.020639944871561407,True
46_RV13_S39,1441289,1206,119,44500,6793500,1000000.0,0.020639944871561407,True
46_RV13_S39,1441290,1206,120,45500,6793500,640813.4747879169,0.01322635479257631,True
46_RV13_S39,1442481,1207,116,41500,6792500,647513.1521979718,0.013364635764977088,True
46_RV13_S39,1442482,1207,117,42500,6792500,1000000.0,0.020639944871561407,True
46_RV13_S39,1442483,1207,118,43500,6792500,1000000.0,0.020639944871561407,True
46_RV13_S39,1442484,1207,119,44500,6792500,1000000.0,0.020639944871561407,True
46_RV13_S39,1442485,1207,120,45500,6792500,440264.6684402797,0.009087038485503634,True
46_RV13_S39,1443676,1208,116,41500,6791500,920491.7219276826,0.018998898395316002,True
46_RV13_S39,1443677,1208,117,42500,6791500,1000000.0,0.020639944871561407,True
46_RV13_S39,1443678,1208,118,43500,6791500,1000000.0,0.020639944871561407,True
46_RV13_S39,1443679,1208,119,44500,6791500,1000000.0,0.020639944871561407,True
46_RV13_S39,1443680,1208,120,45500,6791500,446712.73162421724,0.00922012615414845,True
46_RV13_S39,1444871,1209,116,41500,6790500,861079.0942644405,0.01777262503567208,True
46_RV13_S39,1444872,1209,117,42500,6790500,1000000.0,0.020639944871561407,True
46_RV13_S39,1444873,1209,118,43500,6790500,1000000.0,0.020639944871561407,True
46_RV13_S39,1444874,1209,119,44500,6790500,930045.8013294578,0.01919609406746716,True
46_RV13_S39,1444875,1209,120,45500,6790500,98749.98363929143,0.002038194218382566,True
46_RV13_S39,1446066,1210,116,41500,6789500,226043.42506019786,0.004665523831821406,True
46_RV13_S39,1446067,1210,117,42500,6789500,796438.013024294,0.016438436682437333,True
46_RV13_S39,1446068,1210,118,43500,6789500,805705.7399953995,0.016629722056205633,True
46_RV13_S39,1446069,1210,119,44500,6789500,247347.8823366257,0.005105246655525412,True
46_RV13_S40,1429340,1196,120,45500,6803500,375574.808328868,0.01053806063542629,True
46_RV13_S40,1429341,1196,121,46500,6803500,851075.3258760605,0.02387988541964131,False
46_RV13_S40,1429342,1196,122,47500,6803500,967862.2178949409,0.027156748835997738,False
46_RV13_S40,1429343,1196,123,48500,6803500,570056.4880359339,0.01599492219212055,True
46_RV13_S40,1429344,1196,124,49500,6803500,2042.5175433472768,5.7309950623387235e-05,True
46_RV13_S40,1430534,1197,119,44500,6802500,131249.2989999419,0.003682656665319989,True
46_RV13_S40,1430535,1197,120,45500,6802500,988836.6074688688,0.027745258459698493,True
46_RV13_S40,1430536,1197,121,46500,6802500,1000000.0,0.028058486356728037,True
46_RV13_S40,1430537,1197,122,47500,6802500,1000000.0,0.028058486356728037,True
46_RV13_S40,1430538,1197,123,48500,6802500,1000000.0,0.028058486356728037,True
46_RV13_S40,1430539,1197,124,49500,6802500,231837.6520443386,0.006505013596861937,True
46_RV13_S40,1431728,1198,118,43500,6801500,420827.2222657415,0.011807774874483066,True
46_RV13_S40,1431729,1198,119,44500,6801500,954048.0589113248,0.026769144444626275,True
46_RV13_S40,1431730,1198,120,45500,6801500,1000000.0,0.028058486356728037,True
46_RV13_S40,1431731,1198,121,46500,6801500,1000000.0,0.028058486356728037,True
46_RV13_S40,1431732,1198,122,47500,6801500,1000000.0,0.028058486356728037,True
46_RV13_S40,1431733,1198,123,48500,6801500,1000000.0,0.028058486356728037,True
46_RV13_S40,1431734,1198,124,49500,6801500,232344.96073574864,0.006519247910858515,True
46_RV13_S40,1432922,1199,117,42500,6800500,349181.7046418991,0.009797510095713766,True
46_RV13_S40,1432923,1199,118,43500,6800500,991604.5487345018,0.02782292270193648,True
46_RV13_S40,1432924,1199,119,44500,6800500,1000000.0,0.028058486356728037,True
46_RV13_S40,1432925,1199,120,45500,6800500,1000000.0,0.028058486356728037,True
46_RV13_S40,1432926,1199,121,46500,6800500,1000000.0,0.028058486356728037,True
46_RV13_S40,1432927,1199,122,47500,6800500,1000000.0,0.028058486356728037,True
46_RV13_S40,1432928,1199,123,48500,6800500,656370.8379230119,0.01841677220081698,True
46_RV13_S40,1432929,1199,124,49500,6800500,2219.744321020427,6.228266574677619e-05,True
46_RV13_S40,1434117,1200,117,42500,6799500,846741.2904143533,0.023758278944769423,True
46_RV13_S40,1434118,1200,118,43500,6799500,1000000.0,0.028058486356728037,True
46_RV13_S40,1434119,1200,119,44500,6799500,1000000.0,0.028058486356728037,True
46_RV13_S40,1434120,1200,120,45500,6799500,1000000.0,0.028058486356728037,True
46_RV13_S40,1434121,1200,121,46500,6799500,1000000.0,0.028058486356728037,True
46_RV13_S40,1434122,1200,122,47500,6799500,1000000.0,0.028058486356728037,True
46_RV13_S40,1434123,1200,123,48500,6799500,295626.4611742061,0.008294831027544252,True
46_RV13_S40,1435311,1201,116,41500,6798500,1516.7565149465374,4.2557891981105784e-05,True
46_RV13_S40,1435312,1201,117,42500,6798500,985294.1783129068,0.027645863259556258,True
46_RV13_S40,1435313,1201,118,43500,6798500,1000000.0,0.028058486356728037,True
46_RV13_S40,1435314,1201,119,44500,6798500,1000000.0,0.028058486356728037,True
46_RV13_S40,1435315,1201,120,45500,6798500,1000000.0,0.028058486356728037,True
46_RV13_S40,1435316,1201,121,46500,6798500,999992.5328090282,0.02805827683865203,True
46_RV13_S40,1435317,1201,122,47500,6798500,685700.6726817148,0.01923972296923913,True
46_RV13_S40,1435318,1201,123,48500,6798500,14070.552160826035,0.0003947983958361675,True
46_RV13_S40,1436507,1202,117,42500,6797500,720899.9341047553,0.02022736096564442,True
46_RV13_S40,1436508,1202,118,43500,6797500,1000000.0,0.028058486356728037,True
46_RV13_S40,1436509,1202,119,44500,6797500,1000000.0,0.028058486356728037,True
46_RV13_S40,1436510,1202,120,45500,6797500,942358.0673199134,0.02644114097504839,True
46_RV13_S40,1436511,1202,121,46500,6797500,152945.45300499332,0.004291417906464194,True
46_RV13_S40,1437702,1203,117,42500,6796500,57570.51902496133,0.0016153416226116293,True
46_RV13_S40,1437703,1203,118,43500,6796500,483937.05613255425,0.013578541287010405,True
46_RV13_S40,1437704,1203,119,44500,6796500,551733.2693527489,0.01548080041068706,True
46_RV13_S40,1437705,1203,120,45500,6796500,176322.5321885072,0.00494734336379497,True
46_RV13_S41,1417395,1186,125,50500,6813500,17931.679648443034,0.00033833048319485074,False
46_RV13_S41,1417396,1186,126,51500,6813500,33086.18291702205,0.0006242618914040906,False
46_RV13_S41,1418589,1187,124,49500,6812500,389676.5831977093,0.007352321102526877,False
46_RV13_S41,1418590,1187,125,50500,6812500,946705.5402396761,0.017862205278708663,False
46_RV13_S41,1418591,1187,126,51500,6812500,979444.2642154619,0.018479911401005588,False
46_RV13_S41,1418592,1187,127,52500,6812500,474426.12453589856,0.008951354424203533,False
46_RV13_S41,1419783,1188,123,48500,6811500,102171.56066264411,0.0019277476603127822,False
46_RV13_S41,1419784,1188,124,49500,6811500,981702.4913314745,0.018522519070019495,False
46_RV13_S41,1419785,1188,125,50500,6811500,1000000.0,0.01886775192441201,False
46_RV13_S41,1419786,1188,126,51500,6811500,1000000.0,0.01886775192441201,False
46_RV13_S41,1419787,1188,127,52500,6811500,989064.4746028954,0.018661423144056336,False
46_RV13_S41,1419788,1188,128,53500,6811500,68714.94540135322,0.0012964965433322486,False
46_RV13_S41,1420978,1189,123,48500,6810500,319065.3900123409,0.006020046626418614,False
46_RV13_S41,1420979,1189,124,49500,6810500,1000000.0,0.01886775192441201,False
46_RV13_S41,1420980,1189,125,50500,6810500,1000000.0,0.01886775192441201,True
46_RV13_S41,1420981,1189,126,51500,6810500,1000000.0,0.01886775192441201,True
46_RV13_S41,1420982,1189,127,52500,6810500,968796.2835000391,0.01827900794237107,False
46_RV13_S41,1420983,1189,128,53500,6810500,50655.53164640715,0.000955756004703612,False
46_RV13_S41,1422173,1190,123,48500,6809500,610410.3972436602,0.01151707194727517,False
46_RV13_S41,1422174,1190,124,49500,6809500,1000000.0,0.01886775192441201,False
46_RV13_S41,1422175,1190,125,50500,6809500,1000000.0,0.01886775192441201,True
46_RV13_S41,1422176,1190,126,51500,6809500,1000000.0,0.01886775192441201,True
46_RV13_S41,1422177,1190,127,52500,6809500,601167.7745133849,0.011342684434469405,True
46_RV13_S41,1423367,1191,122,47500,6808500,137833.72748000728,0.002600612576909788,False
46_RV13_S41,1423368,1191,123,48500,6808500,969764.776282856,0.01829728122393784,False
46_RV13_S41,1423369,1191,124,49500,6808500,1000000.0,0.01886775192441201,False
46_RV13_S41,1423370,1191,125,50500,6808500,1000000.0,0.01886775192441201,True
46_RV13_S41,1423371,1191,126,51500,6808500,1000000.0,0.01886775192441201,True
46_RV13_S41,1423372,1191,127,52500,6808500,319140.0733185037,0.006021455732512188,True
46_RV13_S41,1424562,1192,122,47500,6807500,611012.4285574218,0.011528430924753951,False
46_RV13_S41,1424563,1192,123,48500,6807500,1000000.0,0.01886775192441201,False
46_RV13_S41,1424564,1192,124,49500,6807500,1000000.0,0.01886775192441201,True
46_RV13_S41,1424565,1192,125,50500,6807500,1000000.0,0.01886775192441201,True
46_RV13_S41,1424566,1192,126,51500,6807500,927780.555191464,0.01750513335564579,True
46_RV13_S41,1424567,1192,127,52500,6807500,25819.552421322936,0.00048715690988487267,True
46_RV13_S41,1425756,1193,121,46500,6806500,177909.57821063424,0.0033567537866550233,False
46_RV13_S41,1425757,1193,122,47500,6806500,993059.5771098292,0.018736801747069758,False
46_RV13_S41,1425758,1193,123,48500,6806500,1000000.0,0.01886775192441201,False
46_RV13_S41,1425759,1193,124,49500,6806500,1000000.0,0.01886775192441201,True
46_RV13_S41,1425760,1193,125,50500,6806500,1000000.0,0.01886775192441201,True
46_RV13_S41,1425761,1193,126,51500,6806500,411093.34427000803,0.007756407237463414,True
46_RV13_S41,1426951,1194,121,46500,6805500,579872.2548995444,0.010940885853294011,False
46_RV13_S41,1426952,1194,122,47500,6805500,1000000.0,0.01886775192441201,False
46_RV13_S41,1426953,1194,123,48500,6805500,1000000.0,0.01886775192441201,True
46_RV13_S41,1426954,1194,124,49500,6805500,1000000.0,0.01886775192441201,True
46_RV13_S41,1426955,1194,125,50500,6805500,863091.9423715938,0.01628460465662614,True
46_RV13_S41,1426956,1194,126,51500,6805500,16345.787604932557,0.00030840826553899626,True
46_RV13_S41,1428146,1195,121,46500,6804500,739084.6887904315,0.013944866559229116,False
46_RV13_S41,1428147,1195,122,47500,6804500,1000000.0,0.01886775192441201,False
46_RV13_S41,1428148,1195,123,48500,6804500,1000000.0,0.01886775192441201,True
46_RV13_S41,1428149,1195,124,49500,6804500,1000000.0,0.01886775192441201,True
46_RV13_S41,1428150,1195,125,50500,6804500,412553.67159558996,0.007783960331170934,True
46_RV13_S41,1429340,1196,120,45500,6803500,149298.95655680506,0.002816935674887364,True
46_RV13_S41,1429341,1196,121,46500,6803500,957706.6594961584,0.01806977166773084,False
46_RV13_S41,1429342,1196,122,47500,6803500,1000000.0,0.01886775192441201,False
46_RV13_S41,1429343,1196,123,48500,6803500,1000000.0,0.01886775192441201,True
46_RV13_S41,1429344,1196,124,49500,6803500,1000000.0,0.01886775192441201,True
46_RV13_S41,1429345,1196,125,50500,6803500,151317.01902264322,0.0028550119768607656,True
46_RV13_S41,1430535,1197,120,45500,6802500,591068.2520032424,0.011152129149193021,True
46_RV13_S41,1430536,1197,121,46500,6802500,1000000.0,0.01886775192441201,True
46_RV13_S41,1430537,1197,122,47500,6802500,1000000.0,0.01886775192441201,True
46_RV13_S41,1430538,1197,123,48500,6802500,1000000.0,0.01886775192441201,True
46_RV13_S41,1430539,1197,124,49500,6802500,914242.3680721916,0.017249698199573088,True
46_RV13_S41,1430540,1197,125,50500,6802500,5629.265881979819,0.00010621159217775161,True
46_RV13_S41,1431730,1198,120,45500,6801500,591256.9185678585,0.011155688863130628,True
46_RV13_S41,1431731,1198,121,46500,6801500,1000000.0,0.01886775192441201,True
46_RV13_S41,1431732,1198,122,47500,6801500,1000000.0,0.01886775192441201,True
46_RV13_S41,1431733,1198,123,48500,6801500,1000000.0,0.01886775192441201,True
46_RV13_S41,1431734,1198,124,49500,6801500,468300.8053717253,0.008835783421756066,True
46_RV13_S41,1432925,1199,120,45500,6800500,114198.79994440937,0.0021546746274166725,True
46_RV13_S41,1432926,1199,121,46500,6800500,795116.8012792504,0.0150020665574689,True
46_RV13_S41,1432927,1199,122,47500,6800500,970104.0693856246,0.018303682922030544,True
46_RV13_S41,1432928,1199,123,48500,6800500,572418.9808332048,0.010800259327185664,True
46_RV13_S41,1432929,1199,124,49500,6800500,2439.2374073532064,4.602292628668623e-05,True
46_RV13_S41,1434122,1200,122,47500,6799500,5.533166891776397,1.0439842027040695e-07,True
46_RV13_S42,1412609,1182,119,44500,6817500,28468.49221494227,0.0006385111654500299,True
46_RV13_S42,1412610,1182,120,45500,6817500,482280.53986526275,0.010816923750587995,True
46_RV13_S42,1412611,1182,121,46500,6817500,644097.6505102242,0.014446270578216614,True
46_RV13_S42,1412612,1182,122,47500,6817500,882094.5658322442,0.0197842311076476,False
46_RV13_S42,1412613,1182,123,48500,6817500,793944.2400156539,0.0178071342228885,False
46_RV13_S42,1412614,1182,124,49500,6817500,171824.87011121365,0.003853807825144543,True
46_RV13_S42,1413804,1183,119,44500,6816500,548672.6691101652,0.012306012652831343,True
46_RV13_S42,1413805,1183,120,45500,6816500,1000000.0,0.022428696280405544,True
46_RV13_S42,1413806,1183,121,46500,6816500,1000000.0,0.022428696280405544,True
46_RV13_S42,1413807,1183,122,47500,6816500,1000000.0,0.022428696280405544,True
46_RV13_S42,1413808,1183,123,48500,6816500,1000000.0,0.022428696280405544,False
46_RV13_S42,1413809,1183,124,49500,6816500,947161.6279115753,0.021243600480883206,True
46_RV13_S42,1413810,1183,125,50500,6816500,539763.978508235,0.012106202337064546,True
46_RV13_S42,1413811,1183,126,51500,6816500,3574.972842945242,8.018198010511677e-05,True
46_RV13_S42,1414999,1184,119,44500,6815500,741549.0538947035,0.016631978506826385,True
46_RV13_S42,1415000,1184,120,45500,6815500,1000000.0,0.022428696280405544,True
46_RV13_S42,1415001,1184,121,46500,6815500,1000000.0,0.022428696280405544,False
46_RV13_S42,1415002,1184,122,47500,6815500,1000000.0,0.022428696280405544,False
46_RV13_S42,1415003,1184,123,48500,6815500,1000000.0,0.022428696280405544,False
46_RV13_S42,1415004,1184,124,49500,6815500,1000000.0,0.022428696280405544,True
46_RV13_S42,1415005,1184,125,50500,6815500,1000000.0,0.022428696280405544,True
46_RV13_S42,1415006,1184,126,51500,6815500,281106.06760871556,0.006304842612975027,True
46_RV13_S42,1416194,1185,119,44500,6814500,370812.9703456749,0.00831685148871817,True
46_RV13_S42,1416195,1185,120,45500,6814500,998221.8330623949,0.022388814314226138,True
46_RV13_S42,1416196,1185,121,46500,6814500,1000000.0,0.022428696280405544,False
46_RV13_S42,1416197,1185,122,47500,6814500,1000000.0,0.022428696280405544,False
46_RV13_S42,1416198,1185,123,48500,6814500,1000000.0,0.022428696280405544,False
46_RV13_S42,1416199,1185,124,49500,6814500,1000000.0,0.022428696280405544,False
46_RV13_S42,1416200,1185,125,50500,6814500,1000000.0,0.022428696280405544,False
46_RV13_S42,1416201,1185,126,51500,6814500,693196.0730233223,0.015547484184609918,False
46_RV13_S42,1417390,1186,120,45500,6813500,237442.23360525857,0.0053255197416734465,True
46_RV13_S42,1417391,1186,121,46500,6813500,520903.64850498736,0.011683189723673486,False
46_RV13_S42,1417392,1186,122,47500,6813500,899139.2859750087,0.020166521958914174,False
46_RV13_S42,1417393,1186,123,48500,6813500,1000000.0,0.022428696280405544,False
46_RV13_S42,1417394,1186,124,49500,6813500,1000000.0,0.022428696280405544,False
46_RV13_S42,1417395,1186,125,50500,6813500,1000000.0,0.022428696280405544,False
46_RV13_S42,1417396,1186,126,51500,6813500,996754.8110339837,0.02235591092271424,False
46_RV13_S42,1417397,1186,127,52500,6813500,183307.33066301938,0.004111344445412731,False
46_RV13_S42,1418587,1187,122,47500,6812500,258092.5827721121,0.00578868015122113,False
46_RV13_S42,1418588,1187,123,48500,6812500,994350.2476873936,0.022301979701726576,False
46_RV13_S42,1418589,1187,124,49500,6812500,1000000.0,0.022428696280405544,False
46_RV13_S42,1418590,1187,125,50500,6812500,1000000.0,0.022428696280405544,False
46_RV13_S42,1418591,1187,126,51500,6812500,1000000.0,0.022428696280405544,False
46_RV13_S42,1418592,1187,127,52500,6812500,652298.343048116,0.014630201420437977,False
46_RV13_S42,1419783,1188,123,48500,6811500,573163.4858937104,0.012855309744128537,False
46_RV13_S42,1419784,1188,124,49500,6811500,1000000.0,0.022428696280405544,False
46_RV13_S42,1419785,1188,125,50500,6811500,1000000.0,0.022428696280405544,False
46_RV13_S42,1419786,1188,126,51500,6811500,1000000.0,0.022428696280405544,False
46_RV13_S42,1419787,1188,127,52500,6811500,984136.6134768835,0.022072901202099884,False
46_RV13_S42,1419788,1188,128,53500,6811500,37719.63401097545,0.0008460022150402236,False
46_RV13_S42,1420978,1189,123,48500,6810500,40315.84654064797,0.0009042318773476319,False
46_RV13_S42,1420979,1189,124,49500,6810500,877314.0011745022,0.019677009274890262,False
46_RV13_S42,1420980,1189,125,50500,6810500,1000000.0,0.022428696280405544,True
46_RV13_S42,1420981,1189,126,51500,6810500,1000000.0,0.022428696280405544,True
46_RV13_S42,1420982,1189,127,52500,6810500,943073.0692985172,0.02115189944152629,False
46_RV13_S42,1420983,1189,128,53500,6810500,20022.29403546531,0.00044907395175842693,False
46_RV13_S42,1422174,1190,124,49500,6809500,235925.55052993362,0.005291502517623352,False
46_RV13_S42,1422175,1190,125,50500,6809500,833823.0586876994,0.018701564134905174,True
46_RV13_S42,1422176,1190,126,51500,6809500,860627.8989752864,0.019302761756560243,True
46_RV13_S42,1422177,1190,127,52500,6809500,310559.52751527086,0.006965445319626258,True
46_RV13_S43,1412611,1182,121,46500,6817500,382116.9449444987,0.019120873242758386,True
46_RV13_S43,1412612,1182,122,47500,6817500,881544.6150520927,0.044111895756665714,False
46_RV13_S43,1412613,1182,123,48500,6817500,793332.9282467245,0.03969784266571909,False
46_RV13_S43,1412614,1182,124,49500,6817500,235400.38058932984,0.01177927568535183,True
46_RV13_S43,1413805,1183,120,45500,6816500,75173.81954063383,0.0037616470392832987,True
46_RV13_S43,1413806,1183,121,46500,6816500,980974.4358797747,0.04908729667973241,True
46_RV13_S43,1413807,1183,122,47500,6816500,1000000.0,0.050039323028544656,True
46_RV13_S43,1413808,1183,123,48500,6816500,1000000.0,0.050039323028544656,False
46_RV13_S43,1413809,1183,124,49500,6816500,991482.589791549,0.049613117587757355,True
46_RV13_S43,1413810,1183,125,50500,6816500,548577.0226013019,0.02745042283998379,True
46_RV13_S43,1413811,1183,126,51500,6816500,3421.8013247714894,0.0001712246218297426,True
46_RV13_S43,1415000,1184,120,45500,6815500,96549.40477143438,0.004831266853571515,True
46_RV13_S43,1415001,1184,121,46500,6815500,995140.5892380764,0.04979616140370037,False
46_RV13_S43,1415002,1184,122,47500,6815500,1000000.0,0.050039323028544656,False
46_RV13_S43,1415003,1184,123,48500,6815500,1000000.0,0.050039323028544656,False
46_RV13_S43,1415004,1184,124,49500,6815500,1000000.0,0.050039323028544656,True
46_RV13_S43,1415005,1184,125,50500,6815500,1000000.0,0.050039323028544656,True
46_RV13_S43,1415006,1184,126,51500,6815500,276942.94557292043,0.013858037514000027,True
46_RV13_S43,1416196,1185,121,46500,6814500,504608.4690613928,0.02525026618630242,False
46_RV13_S43,1416197,1185,122,47500,6814500,994444.959110203,0.04976135254302333,False
46_RV13_S43,1416198,1185,123,48500,6814500,1000000.0,0.050039323028544656,False
46_RV13_S43,1416199,1185,124,49500,6814500,1000000.0,0.050039323028544656,False
46_RV13_S43,1416200,1185,125,50500,6814500,1000000.0,0.050039323028544656,False
46_RV13_S43,1416201,1185,126,51500,6814500,322393.8976526633,0.01613237238707318,False
46_RV13_S43,1417392,1186,122,47500,6813500,252835.1199516432,0.01265169824022111,False
46_RV13_S43,1417393,1186,123,48500,6813500,853645.2035514674,0.04271582809227963,False
46_RV13_S43,1417394,1186,124,49500,6813500,999745.0200802544,0.050026564005974716,False
46_RV13_S43,1417395,1186,125,50500,6813500,708604.9808086669,0.03545811353432057,False
46_RV13_S43,1417396,1186,126,51500,6813500,23778.941235694743,0.0011898821217697102,False
46_RV13_S43,1418588,1187,123,48500,6812500,4307.334547134357,0.00021553610479606622,False
46_RV13_S43,1418589,1187,124,49500,6812500,59261.74571308672,0.0029654176369726176,False
46_RV13_S44,1412615,1182,125,50500,6817500,952.3851842905442,1.7319245720811064e-05,True
46_RV13_S44,1412616,1182,126,51500,6817500,4241.575902275696,7.713359731620199e-05,True
46_RV13_S44,1413807,1183,122,47500,6816500,63167.75763339875,0.0011487137075745601,True
46_RV13_S44,1413808,1183,123,48500,6816500,699321.6900893195,0.012717253888795148,False
46_RV13_S44,1413809,1183,124,49500,6816500,912960.2465307429,0.016602298212751783,True
46_RV13_S44,1413810,1183,125,50500,6816500,924807.3777552551,0.016817739801038217,True
46_RV13_S44,1413811,1183,126,51500,6816500,961978.5752830391,0.01749370275629992,True
46_RV13_S44,1413812,1183,127,52500,6816500,650851.9133092051,0.011835824832637582,True
46_RV13_S44,1413813,1183,128,53500,6816500,157449.24010946826,0.002863234459114565,True
46_RV13_S44,1413814,1183,129,54500,6816500,20.15928734711852,3.6659920469181695e-07,True
46_RV13_S44,1415002,1184,122,47500,6815500,509595.28204640275,0.00926705502511805,False
46_RV13_S44,1415003,1184,123,48500,6815500,1000000.0,0.01818512720114667,False
46_RV13_S44,1415004,1184,124,49500,6815500,1000000.0,0.01818512720114667,True
46_RV13_S44,1415005,1184,125,50500,6815500,1000000.0,0.01818512720114667,True
46_RV13_S44,1415006,1184,126,51500,6815500,1000000.0,0.01818512720114667,True
46_RV13_S44,1415007,1184,127,52500,6815500,1000000.0,0.01818512720114667,True
46_RV13_S44,1415008,1184,128,53500,6815500,1000000.0,0.01818512720114667,True
46_RV13_S44,1415009,1184,129,54500,6815500,841055.6397018252,0.015294703791219477,True
46_RV13_S44,1415010,1184,130,55500,6815500,211931.89300628772,0.003854008432299149,True
46_RV13_S44,1416197,1185,122,47500,6814500,544464.1663495627,0.00990115012153308,False
46_RV13_S44,1416198,1185,123,48500,6814500,1000000.0,0.01818512720114667,False
46_RV13_S44,1416199,1185,124,49500,6814500,1000000.0,0.01818512720114667,False
46_RV13_S44,1416200,1185,125,50500,6814500,1000000.0,0.01818512720114667,False
46_RV13_S44,1416201,1185,126,51500,6814500,1000000.0,0.01818512720114667,False
46_RV13_S44,1416202,1185,127,52500,6814500,1000000.0,0.01818512720114667,True
46_RV13_S44,1416203,1185,128,53500,6814500,1000000.0,0.01818512720114667,True
46_RV13_S44,1416204,1185,129,54500,6814500,1000000.0,0.01818512720114667,True
46_RV13_S44,1416205,1185,130,55500,6814500,976516.3277012933,0.017758073633244647,True
46_RV13_S44,1416206,1185,131,56500,6814500,234238.50106985637,0.004259656937361269,True
46_RV13_S44,1417392,1186,122,47500,6813500,111972.69287594123,0.002036237663003921,False
46_RV13_S44,1417393,1186,123,48500,6813500,839795.9288309983,0.015271795788796822,False
46_RV13_S44,1417394,1186,124,49500,6813500,1000000.0,0.01818512720114667,False
46_RV13_S44,1417395,1186,125,50500,6813500,1000000.0,0.01818512720114667,False
46_RV13_S44,1417396,1186,126,51500,6813500,1000000.0,0.01818512720114667,False
46_RV13_S44,1417397,1186,127,52500,6813500,1000000.0,0.01818512720114667,False
46_RV13_S44,1417398,1186,128,53500,6813500,1000000.0,0.01818512720114667,False
46_RV13_S44,1417399,1186,129,54500,6813500,1000000.0,0.01818512720114667,True
46_RV13_S44,1417400,1186,130,55500,6813500,1000000.0,0.01818512720114667,True
46_RV13_S44,1417401,1186,131,56500,6813500,721955.2836989927,0.013128848667606115,True
46_RV13_S44,1417402,1186,132,57500,6813500,94370.09654927641,0.0017161322097330842,True
46_RV13_S44,1418588,1187,123,48500,6812500,4499.634130193379,8.182641901618756e-05,False
46_RV13_S44,1418589,1187,124,49500,6812500,127949.52014574183,0.002326778299175994,False
46_RV13_S44,1418590,1187,125,50500,6812500,217702.2990188744,0.003958943999640299,False
46_RV13_S44,1418591,1187,126,51500,6812500,456519.43661563797,0.008301864024651192,False
46_RV13_S44,1418592,1187,127,52500,6812500,876740.3977608997,0.01594363565566589,False
46_RV13_S44,1418593,1187,128,53500,6812500,1000000.0,0.01818512720114667,False
46_RV13_S44,1418594,1187,129,54500,6812500,1000000.0,0.01818512720114667,True
46_RV13_S44,1418595,1187,130,55500,6812500,1000000.0,0.01818512720114667,True
46_RV13_S44,1418596,1187,131,56500,6812500,1000000.0,0.01818512720114667,True
46_RV13_S44,1418597,1187,132,57500,6812500,999508.9888248886,0.018176198100470088,True
46_RV13_S44,1418598,1187,133,58500,6812500,892397.53455741,0.016228362679916186,True
46_RV13_S44,1418599,1187,134,59500,6812500,283091.2462336034,0.005148050322289211,True
46_RV13_S44,1419787,1188,127,52500,6811500,40489.092001891455,0.0007362992883133265,False
46_RV13_S44,1419788,1188,128,53500,6811500,949366.0656104014,0.01726434266357731,False
46_RV13_S44,1419789,1188,129,54500,6811500,1000000.0,0.01818512720114667,False
46_RV13_S44,1419790,1188,130,55500,6811500,1000000.0,0.01818512720114667,True
46_RV13_S44,1419791,1188,131,56500,6811500,1000000.0,0.01818512720114667,True
46_RV13_S44,1419792,1188,132,57500,6811500,1000000.0,0.01818512720114667,True
46_RV13_S44,1419793,1188,133,58500,6811500,1000000.0,0.01818512720114667,True
46_RV13_S44,1419794,1188,134,59500,6811500,876445.5650978704,0.01593827408618565,True
46_RV13_S44,1420983,1189,128,53500,6810500,550995.7594551423,0.010019927972984177,False
46_RV13_S44,1420984,1189,129,54500,6810500,1000000.0,0.01818512720114667,False
46_RV13_S44,1420985,1189,130,55500,6810500,1000000.0,0.01818512720114667,False
46_RV13_S44,1420986,1189,131,56500,6810500,1000000.0,0.01818512720114667,False
46_RV13_S44,1420987,1189,132,57500,6810500,1000000.0,0.01818512720114667,False
46_RV13_S44,1420988,1189,133,58500,6810500,1000000.0,0.01818512720114667,False
46_RV13_S44,1420989,1189,134,59500,6810500,881820.9424634093,0.01603602600733214,False
46_RV13_S44,1422178,1190,128,53500,6809500,18754.60043974255,0.0003410547946033996,False
46_RV13_S44,1422179,1190,129,54500,6809500,473852.75398521137,0.00861707260583473,False
46_RV13_S44,1422180,1190,130,55500,6809500,768788.52015508,0.013980517029801442,False
46_RV13_S44,1422181,1190,131,56500,6809500,892493.7809622502,0.016230112933030855,False
46_RV13_S44,1422182,1190,132,57500,6809500,993786.5931317407,0.0180721356068949,False
46_RV13_S44,1422183,1190,133,58500,6809500,911917.2766186976,0.01658333167223427,False
46_RV13_S44,1422184,1190,134,59500,6809500,297164.6885345981,0.005403977660690799,False
46_RV13_S44,1423377,1191,132,57500,6808500,13333.625409875403,0.00024247367413102565,False
46_RV13_S44,1423378,1191,133,58500,6808500,726.9838731894514,1.3220294207132456e-05,False
46_RV13_S45,1417403,1186,133,58500,6813500,107.89230402553757,5.455089521830895e-06,True
46_RV13_S45,1418596,1187,131,56500,6812500,329783.6649854468,0.016674029084662857,True
46_RV13_S45,1418597,1187,132,57500,6812500,909785.4410424011,0.045999212560795755,True
46_RV13_S45,1418598,1187,133,58500,6812500,973908.7846923756,0.04924132128401795,True
46_RV13_S45,1418599,1187,134,59500,6812500,939372.8141573791,0.04749516512678984,True
46_RV13_S45,1418600,1187,135,60500,6812500,783727.6205828144,0.03962566533011314,True
46_RV13_S45,1418601,1187,136,61500,6812500,124684.73284088816,0.006304123225430625,True
46_RV13_S45,1419790,1188,130,55500,6811500,6912.859906315671,0.0003495176971278849,True
46_RV13_S45,1419791,1188,131,56500,6811500,934287.9158210453,0.047238070092212175,True
46_RV13_S45,1419792,1188,132,57500,6811500,1000000.0,0.050560506341024124,True
46_RV13_S45,1419793,1188,133,58500,6811500,1000000.0,0.050560506341024124,True
46_RV13_S45,1419794,1188,134,59500,6811500,1000000.0,0.050560506341024124,True
46_RV13_S45,1419795,1188,135,60500,6811500,1000000.0,0.050560506341024124,True
46_RV13_S45,1419796,1188,136,61500,6811500,631300.1308463843,0.03191885426874797,True
46_RV13_S45,1420985,1189,130,55500,6810500,7511.786455206568,0.0003797997267008908,False
46_RV13_S45,1420986,1189,131,56500,6810500,939065.2168353206,0.04747961285043742,False
46_RV13_S45,1420987,1189,132,57500,6810500,1000000.0,0.050560506341024124,False
46_RV13_S45,1420988,1189,133,58500,6810500,1000000.0,0.050560506341024124,False
46_RV13_S45,1420989,1189,134,59500,6810500,1000000.0,0.050560506341024124,False
46_RV13_S45,1420990,1189,135,60500,6810500,1000000.0,0.050560506341024124,False
46_RV13_S45,1420991,1189,136,61500,6810500,648792.6774119554,0.03280328628029719,False
46_RV13_S45,1422181,1190,131,56500,6809500,345210.4326941525,0.01745401427122038,False
46_RV13_S45,1422182,1190,132,57500,6809500,928681.5911550428,0.046954611478386914,False
46_RV13_S45,1422183,1190,133,58500,6809500,1000000.0,0.050560506341024124,False
46_RV13_S45,1422184,1190,134,59500,6809500,1000000.0,0.050560506341024124,False
46_RV13_S45,1422185,1190,135,60500,6809500,850618.4011169095,0.0430076970634633,False
46_RV13_S45,1422186,1190,136,61500,6809500,154832.06067369872,0.007828387385486376,False
46_RV13_S45,1423377,1191,132,57500,6808500,1599.564840011802,8.087480823629596e-05,False
46_RV13_S45,1423378,1191,133,58500,6808500,106935.57718026794,0.005406716928104012,False
46_RV13_S45,1423379,1191,134,59500,6808500,156878.04460919465,0.007931833369230652,False
46_RV13_S45,1423380,1191,135,60500,6808500,4285.7298008767875,0.00021668866877314687,False
46_RV13_S46,1417404,1186,134,59500,6813500,23200.22502012812,0.000890663153274039,True
46_RV13_S46,1417405,1186,135,60500,6813500,71246.16395214738,0.0027351602404392683,True
46_RV13_S46,1417406,1186,136,61500,6813500,8105.898688807371,0.00031118772684443565,True
46_RV13_S46,1418598,1187,133,58500,6812500,497856.5502075968,0.0191128527633386,True
46_RV13_S46,1418599,1187,134,59500,6812500,957308.596024414,0.03675134581891823,True
46_RV13_S46,1418600,1187,135,60500,6812500,999998.8214793555,0.038390235561784516,True
46_RV13_S46,1418601,1187,136,61500,6812500,998795.2017660966,0.03834402826300945,True
46_RV13_S46,1418602,1187,137,62500,6812500,855414.880584898,0.03283961747087716,True
46_RV13_S46,1418603,1187,138,63500,6812500,439999.86172597844,0.016891718246051603,True
46_RV13_S46,1418604,1187,139,64500,6812500,1538.5498379688022,5.906536031291422e-05,True
46_RV13_S46,1419792,1188,132,57500,6811500,173914.3412454825,0.006676620396521623,True
46_RV13_S46,1419793,1188,133,58500,6811500,999706.6890884457,0.038379020517265106,True
46_RV13_S46,1419794,1188,134,59500,6811500,1000000.0,0.038390280805522994,True
46_RV13_S46,1419795,1188,135,60500,6811500,1000000.0,0.038390280805522994,True
46_RV13_S46,1419796,1188,136,61500,6811500,1000000.0,0.038390280805522994,True
46_RV13_S46,1419797,1188,137,62500,6811500,1000000.0,0.038390280805522994,True
46_RV13_S46,1419798,1188,138,63500,6811500,1000000.0,0.038390280805522994,True
46_RV13_S46,1419799,1188,139,64500,6811500,351266.9729263387,0.013485237728348188,True
46_RV13_S46,1420987,1189,132,57500,6810500,191273.39519404963,0.007343039352125338,False
46_RV13_S46,1420988,1189,133,58500,6810500,1000000.0,0.038390280805522994,False
46_RV13_S46,1420989,1189,134,59500,6810500,1000000.0,0.038390280805522994,False
46_RV13_S46,1420990,1189,135,60500,6810500,1000000.0,0.038390280805522994,False
46_RV13_S46,1420991,1189,136,61500,6810500,1000000.0,0.038390280805522994,False
46_RV13_S46,1420992,1189,137,62500,6810500,1000000.0,0.038390280805522994,True
46_RV13_S46,1420993,1189,138,63500,6810500,1000000.0,0.038390280805522994,True
46_RV13_S46,1420994,1189,139,64500,6810500,677483.1537458976,0.026008768513316318,True
46_RV13_S46,1422182,1190,132,57500,6809500,335.8146507251509,1.289201873994717e-05,False
46_RV13_S46,1422183,1190,133,58500,6809500,563125.0056222802,0.021618527094451053,False
46_RV13_S46,1422184,1190,134,59500,6809500,982436.14994953,0.037715999670059355,False
46_RV13_S46,1422185,1190,135,60500,6809500,985309.1600471445,0.037826295334463876,False
46_RV13_S46,1422186,1190,136,61500,6809500,1000000.0,0.038390280805522994,False
46_RV13_S46,1422187,1190,137,62500,6809500,1000000.0,0.038390280805522994,False
46_RV13_S46,1422188,1190,138,63500,6809500,1000000.0,0.038390280805522994,False
46_RV13_S46,1422189,1190,139,64500,6809500,552366.0608768617,0.02120548818450333,True
46_RV13_S46,1423379,1191,134,59500,6808500,14107.742554654196,0.000541600198205201,False
46_RV13_S46,1423380,1191,135,60500,6808500,4644.983937052245,0.00017832223768057945,False
46_RV13_S46,1423381,1191,136,61500,6808500,328228.4472970853,0.01260078226009591,False
46_RV13_S46,1423382,1191,137,62500,6808500,738085.6606461222,0.028335315770734584,False
46_RV13_S46,1423383,1191,138,63500,6808500,584372.9835964872,0.022434242935430428,False
46_RV13_S46,1423384,1191,139,64500,6808500,48138.27529014511,0.0018480419058822398,False
46_RV13_S47,1418601,1187,136,61500,6812500,9954.727059909035,0.0001997980090494203,True
46_RV13_S47,1418602,1187,137,62500,6812500,192130.2549126491,0.0038561823120498166,True
46_RV13_S47,1418603,1187,138,63500,6812500,78279.14989910707,0.0015711147282892596,True
46_RV13_S47,1419795,1188,135,60500,6811500,16618.330087593156,0.0003335409645332387,True
46_RV13_S47,1419796,1188,136,61500,6811500,757232.30325675,0.015198157183828205,True
46_RV13_S47,1419797,1188,137,62500,6811500,1000000.0,0.020070666714115417,True
46_RV13_S47,1419798,1188,138,63500,6811500,959989.9351979177,0.019267638038262664,True
46_RV13_S47,1419799,1188,139,64500,6811500,423751.75199765374,0.008504980183867401,True
46_RV13_S47,1419800,1188,140,65500,6811500,96091.79309689954,0.0019286263532096073,True
46_RV13_S47,1420990,1189,135,60500,6810500,240767.84942352318,0.00483237126125386,False
46_RV13_S47,1420991,1189,136,61500,6810500,1000000.0,0.020070666714115417,False
46_RV13_S47,1420992,1189,137,62500,6810500,1000000.0,0.020070666714115417,True
46_RV13_S47,1420993,1189,138,63500,6810500,1000000.0,0.020070666714115417,True
46_RV13_S47,1420994,1189,139,64500,6810500,1000000.0,0.020070666714115417,True
46_RV13_S47,1420995,1189,140,65500,6810500,968634.594746957,0.019441142118928428,True
46_RV13_S47,1420996,1189,141,66500,6810500,337613.913362112,0.006776136333139188,True
46_RV13_S47,1420999,1189,144,69500,6810500,17148.14822900277,0.00034417476786856316,True
46_RV13_S47,1421000,1189,145,70500,6810500,23892.98664469749,0.0004795481717505341,True
46_RV13_S47,1422185,1190,135,60500,6809500,142404.0368423478,0.0028581439622073755,False
46_RV13_S47,1422186,1190,136,61500,6809500,995384.9733479775,0.019978040052305916,False
46_RV13_S47,1422187,1190,137,62500,6809500,1000000.0,0.020070666714115417,False
46_RV13_S47,1422188,1190,138,63500,6809500,1000000.0,0.020070666714115417,False
46_RV13_S47,1422189,1190,139,64500,6809500,1000000.0,0.020070666714115417,True
46_RV13_S47,1422190,1190,140,65500,6809500,1000000.0,0.020070666714115417,True
46_RV13_S47,1422191,1190,141,66500,6809500,952768.749953505,0.019122704035941167,True
46_RV13_S47,1422192,1190,142,67500,6809500,549953.3329153022,0.011037930053259992,True
46_RV13_S47,1422193,1190,143,68500,6809500,541177.5131592833,0.010861793499793786,True
46_RV13_S47,1422194,1190,144,69500,6809500,942631.3873535071,0.018919240409836474,True
46_RV13_S47,1422195,1190,145,70500,6809500,965121.0945271731,0.019370623827017174,True
46_RV13_S47,1422196,1190,146,71500,6809500,405061.87288229493,0.008129861849215927,False
46_RV13_S47,1423381,1191,136,61500,6808500,521908.9180894093,0.010475059950097098,False
46_RV13_S47,1423382,1191,137,62500,6808500,1000000.0,0.020070666714115417,False
46_RV13_S47,1423383,1191,138,63500,6808500,1000000.0,0.020070666714115417,False
46_RV13_S47,1423384,1191,139,64500,6808500,1000000.0,0.020070666714115417,False
46_RV13_S47,1423385,1191,140,65500,6808500,1000000.0,0.020070666714115417,True
46_RV13_S47,1423386,1191,141,66500,6808500,1000000.0,0.020070666714115417,True
46_RV13_S47,1423387,1191,142,67500,6808500,1000000.0,0.020070666714115417,True
46_RV13_S47,1423388,1191,143,68500,6808500,1000000.0,0.020070666714115417,True
46_RV13_S47,1423389,1191,144,69500,6808500,1000000.0,0.020070666714115417,True
46_RV13_S47,1423390,1191,145,70500,6808500,1000000.0,0.020070666714115417,False
46_RV13_S47,1423391,1191,146,71500,6808500,962314.0585452112,0.019314284743368687,True
46_RV13_S47,1423392,1191,147,72500,6808500,19433.477945023253,0.0003900428589306743,True
46_RV13_S47,1424576,1192,136,61500,6807500,3667.7708710520706,7.361460673662691e-05,False
46_RV13_S47,1424577,1192,137,62500,6807500,423425.88381169207,0.00849843979211423,False
46_RV13_S47,1424578,1192,138,63500,6807500,783760.2574123602,0.015730590910292788,False
46_RV13_S47,1424579,1192,139,64500,6807500,1000000.0,0.020070666714115417,False
46_RV13_S47,1424580,1192,140,65500,6807500,1000000.0,0.020070666714115417,False
46_RV13_S47,1424581,1192,141,66500,6807500,1000000.0,0.020070666714115417,False
46_RV13_S47,1424582,1192,142,67500,6807500,1000000.0,0.020070666714115417,False
46_RV13_S47,1424583,1192,143,68500,6807500,1000000.0,0.020070666714115417,True
46_RV13_S47,1424584,1192,144,69500,6807500,1000000.0,0.020070666714115417,True
46_RV13_S47,1424585,1192,145,70500,6807500,1000000.0,0.020070666714115417,False
46_RV13_S47,1424586,1192,146,71500,6807500,934819.5105864226,0.018762450834832578,True
46_RV13_S47,1424587,1192,147,72500,6807500,12720.790607592233,0.00025531474862503347,True
46_RV13_S47,1425773,1193,138,63500,6806500,41505.968724125814,0.0008330524649084275,False
46_RV13_S47,1425774,1193,139,64500,6806500,845241.5982277704,0.01696456241093583,False
46_RV13_S47,1425775,1193,140,65500,6806500,1000000.0,0.020070666714115417,False
46_RV13_S47,1425776,1193,141,66500,6806500,1000000.0,0.020070666714115417,False
46_RV13_S47,1425777,1193,142,67500,6806500,1000000.0,0.020070666714115417,False
46_RV13_S47,1425778,1193,143,68500,6806500,1000000.0,0.020070666714115417,False
46_RV13_S47,1425779,1193,144,69500,6806500,1000000.0,0.020070666714115417,False
46_RV13_S47,1425780,1193,145,70500,6806500,1000000.0,0.020070666714115417,True
46_RV13_S47,1425781,1193,146,71500,6806500,511779.11117158097,0.010271747971571024,True
46_RV13_S47,1426969,1194,139,64500,6805500,44466.16521469654,0.0008924655820789668,False
46_RV13_S47,1426970,1194,140,65500,6805500,377135.6353942719,0.007569363644014582,False
46_RV13_S47,1426971,1194,141,66500,6805500,624297.9780475171,0.012530076647687861,True
46_RV13_S47,1426972,1194,142,67500,6805500,650171.083913439,0.013049367132381801,True
46_RV13_S47,1426973,1194,143,68500,6805500,801489.6467252742,0.016086431574237087,True
46_RV13_S47,1426974,1194,144,69500,6805500,946629.8551316872,0.018999492323979454,True
46_RV13_S47,1426975,1194,145,70500,6805500,662567.6122579119,0.013298173721195804,True
46_RV13_S47,1426976,1194,146,71500,6805500,40011.21837475445,0.0008030518288253873,True
46_RV13_S48,1415029,1184,149,74500,6815500,86037.88625563752,0.0017014398084097698,True
46_RV13_S48,1415030,1184,150,75500,6815500,741110.8224774109,0.014655816300040151,True
46_RV13_S48,1415031,1184,151,76500,6815500,930957.7261165342,0.01841012842243696,True
46_RV13_S48,1415032,1184,152,77500,6815500,551216.6493072821,0.010900569400357683,False
46_RV13_S48,1415033,1184,153,78500,6815500,2182.13972151487,4.3152842907671195e-05,True
46_RV13_S48,1416224,1185,149,74500,6814500,562782.1925113773,0.011129283475862313,True
46_RV13_S48,1416225,1185,150,75500,6814500,1000000.0,0.019775471974688187,True
46_RV13_S48,1416226,1185,151,76500,6814500,1000000.0,0.019775471974688187,True
46_RV13_S48,1416227,1185,152,77500,6814500,1000000.0,0.019775471974688187,False
46_RV13_S48,1416228,1185,153,78500,6814500,385181.0784136428,0.007617137621349167,True
46_RV13_S48,1417417,1186,147,72500,6813500,159092.7373554197,0.0031461339689485305,True
46_RV13_S48,1417418,1186,148,73500,6813500,719007.4087664662,0.014218710861654426,True
46_RV13_S48,1417419,1186,149,74500,6813500,990681.6146811956,0.019591196506966824,True
46_RV13_S48,1417420,1186,150,75500,6813500,1000000.0,0.019775471974688187,True
46_RV13_S48,1417421,1186,151,76500,6813500,1000000.0,0.019775471974688187,True
46_RV13_S48,1417422,1186,152,77500,6813500,1000000.0,0.019775471974688187,True
46_RV13_S48,1417423,1186,153,78500,6813500,707488.5271287584,0.013990919540648185,True
46_RV13_S48,1418610,1187,145,70500,6812500,22091.512170101993,0.00043687007979833494,True
46_RV13_S48,1418611,1187,146,71500,6812500,421255.47717530373,0.008330525883064118,True
46_RV13_S48,1418612,1187,147,72500,6812500,895169.4881424434,0.017702399125356857,True
46_RV13_S48,1418613,1187,148,73500,6812500,1000000.0,0.019775471974688187,True
46_RV13_S48,1418614,1187,149,74500,6812500,1000000.0,0.019775471974688187,True
46_RV13_S48,1418615,1187,150,75500,6812500,1000000.0,0.019775471974688187,True
46_RV13_S48,1418616,1187,151,76500,6812500,1000000.0,0.019775471974688187,False
46_RV13_S48,1418617,1187,152,77500,6812500,1000000.0,0.019775471974688187,True
46_RV13_S48,1418618,1187,153,78500,6812500,544727.061611513,0.010772234740752722,True
46_RV13_S48,1419804,1188,144,69500,6811500,476.07691891351624,9.414645767770141e-06,True
46_RV13_S48,1419805,1188,145,70500,6811500,677355.5242682738,0.013395025187067474,True
46_RV13_S48,1419806,1188,146,71500,6811500,1000000.0,0.019775471974688187,True
46_RV13_S48,1419807,1188,147,72500,6811500,1000000.0,0.019775471974688187,True
46_RV13_S48,1419808,1188,148,73500,6811500,1000000.0,0.019775471974688187,True
46_RV13_S48,1419809,1188,149,74500,6811500,1000000.0,0.019775471974688187,False
46_RV13_S48,1419810,1188,150,75500,6811500,1000000.0,0.019775471974688187,False
46_RV13_S48,1419811,1188,151,76500,6811500,1000000.0,0.019775471974688187,False
46_RV13_S48,1419812,1188,152,77500,6811500,758065.3740775442,0.014991100560051993,False
46_RV13_S48,1419813,1188,153,78500,6811500,53677.336550371554,0.0010614946646277787,True
46_RV13_S48,1420999,1189,144,69500,6810500,354258.6839561352,0.007005632676364471,True
46_RV13_S48,1421000,1189,145,70500,6810500,1000000.0,0.019775471974688187,True
46_RV13_S48,1421001,1189,146,71500,6810500,1000000.0,0.019775471974688187,True
46_RV13_S48,1421002,1189,147,72500,6810500,1000000.0,0.019775471974688187,False
46_RV13_S48,1421003,1189,148,73500,6810500,1000000.0,0.019775471974688187,False
46_RV13_S48,1421004,1189,149,74500,6810500,1000000.0,0.019775471974688187,True
46_RV13_S48,1421005,1189,150,75500,6810500,845267.298946193,0.01671555978143082,True
46_RV13_S48,1421006,1189,151,76500,6810500,313013.84357164154,0.006189996491240429,True
46_RV13_S48,1421007,1189,152,77500,6810500,6753.312329166532,0.00013354993870174896,True
46_RV13_S48,1422193,1190,143,68500,6809500,331700.5323503206,0.006559534581482917,True
46_RV13_S48,1422194,1190,144,69500,6809500,984852.0455122641,0.019475914025242114,True
46_RV13_S48,1422195,1190,145,70500,6809500,1000000.0,0.019775471974688187,True
46_RV13_S48,1422196,1190,146,71500,6809500,1000000.0,0.019775471974688187,False
46_RV13_S48,1422197,1190,147,72500,6809500,1000000.0,0.019775471974688187,True
46_RV13_S48,1422198,1190,148,73500,6809500,1000000.0,0.019775471974688187,True
46_RV13_S48,1422199,1190,149,74500,6809500,806343.1301145739,0.015945815971563106,True
46_RV13_S48,1422200,1190,150,75500,6809500,108344.04829265246,0.002142554690635612,True
46_RV13_S48,1423388,1191,143,68500,6808500,873177.9085211486,0.017267505258876818,True
46_RV13_S48,1423389,1191,144,69500,6808500,1000000.0,0.019775471974688187,True
46_RV13_S48,1423390,1191,145,70500,6808500,1000000.0,0.019775471974688187,False
46_RV13_S48,1423391,1191,146,71500,6808500,1000000.0,0.019775471974688187,True
46_RV13_S48,1423392,1191,147,72500,6808500,979257.3463647466,0.019365276209043568,True
46_RV13_S48,1423393,1191,148,73500,6808500,251138.44070543133,0.004966381195937148,True
46_RV13_S48,1423394,1191,149,74500,6808500,426.90744782227324,8.442296270195024e-06,True
46_RV13_S48,1424583,1192,143,68500,6807500,838919.7972097769,0.01659003493873304,True
46_RV13_S48,1424584,1192,144,69500,6807500,1000000.0,0.019775471974688187,True
46_RV13_S48,1424585,1192,145,70500,6807500,1000000.0,0.019775471974688187,False
46_RV13_S48,1424586,1192,146,71500,6807500,998971.1395846959,0.019755125774379476,True
46_RV13_S48,1424587,1192,147,72500,6807500,402218.60385478236,0.007954062728228458,True
46_RV13_S48,1425778,1193,143,68500,6806500,232892.54321547895,0.004605559961471562,False
46_RV13_S48,1425779,1193,144,69500,6806500,832367.1558964751,0.016460453364081657,False
46_RV13_S48,1425780,1193,145,70500,6806500,861592.7136318363,0.017038402562021923,True
46_RV13_S48,1425781,1193,146,71500,6806500,337641.1299533094,0.006677012702893723,True
