meldingsrad,strekning_id,avstand_m,x,y,MSG_NO,EXT_REC_NO,EXT_SIT_NO,VERSION_NO,NAME,MSG_DESCRIPTION,FREE_TEXT,MESSAGE_TYPE,CATEGORY,DATEX_CATEGORY,PROB_CATEGORY,PROBABILITY,TO_DATE,FROM_DATE,START_X,START_Y,END_X,END_Y,SHOW_X,SHOW_Y,ROAD_TYPE,ROAD_NUMBER,COORDINATES_TEXT,GENERATED_TIME,ROAD_CLOSURE,AFFECTED_LANES,DATEX_CREATE_DATE,DATEX_VERSION_DATE,FROM_DATE_UTC,TO_DATE_UTC,GENERATED_TIME_UTC,DATEX_CREATE_DATE_UTC,DATEX_VERSION_DATE_UTC,Heading,dato
1,46_RV13_S32,0.05740390625653388,49930.003479898616,6729629.747351458,-1174405120,a6bf1be6-d865-41c8-a386-f48a099701cb_1,NPRA_HBT_02-01-2024.1392,1,"Rv. 13 Indre Bjotveit i Ullensvang, Vestland","Trær/Busker, to påvirkede kjørefelt.|Merk at sluttiden er usikker og kan endres.",,,,nedfalne trær,nedfalne trær,Certain,1704221704000.0,1704214504000,,,,,6.8051767,60.450275,Rv,13,,1704211239000,,2.0,1704214551000,1704214551000,1704210904000,1704218104000.0,1704207639000,1704210951000,1704210951000,Trefall,2024-01-02
2,46_RV13_S32,0.05740390625653388,49930.003479898616,6729629.747351458,-1174405120,a6bf1be6-d865-41c8-a386-f48a099701cb_2,NPRA_HBT_02-01-2024.1392,2,"Rv. 13 Indre Bjotveit i Ullensvang, Vestland","Trær/Busker, to påvirkede kjørefelt.|Merk at sluttiden er usikker og kan endres.",,,,nedfalne trær,nedfalne trær,Certain,1704221704000.0,1704214504000,,,,,6.8051767,60.450275,Rv,13,,1704211239000,,2.0,1704214551000,1704214551000,1704210904000,1704218104000.0,1704207639000,1704210951000,1704210951000,Trefall,2024-01-02
7,46_RV13_S27,0.27668145060435595,32869.73707815644,6698133.013533856,745275392,c6bce786-8389-4bd5-825f-b6e1ea8a12da_1,NPRA_HBT_14-01-2024.10203,1,"Rv. 13 Skarvabjørgtunnelen i Ullensvang, Vestland",Isnedfall.|Merk at sluttiden er usikker og kan endres.,,,,isnedfall,isnedfall,Certain,1705252462000.0,1705245262000,,,,,6.5713096,60.151207,Rv,13,,1705242617000,,0.0,1705245492000,1705246568000,1705241662000,1705248862000.0,1705239017000,1705241892000,1705242968000,Isnedfall,2024-01-14
8,46_RV13_S38,0.06285484287303976,39592.8254031447,6788660.117725509,-406585344,2146d2fa-565c-4cb9-bb58-781392f7ca05_2,NPRA_HBT_19-01-2024.13713,2,"Rv. 13 Vikafjellet i Voss/Vik, Vestland","Uvær.|Bruk kjetting, gjelder for totalvekt større enn 7,5 tonn.|Merk at sluttiden er usikker og kan endres.",,,uvær,uvær,uvær,Certain,1705752000000.0,1705632934000,6.540066713982508,61.00921058233126,6.485748652779133,60.901530400763754,6.480722,60.962875,Rv,13,,1705672826000,,0.0,1705670168000,1705694307000,1705629334000,1705748400000.0,1705669226000,1705666568000,1705690707000,Uvær,2024-01-19
9,46_RV13_S38,0.06285484287303976,39592.8254031447,6788660.117725509,-406585344,df65df11-80d6-484b-9b5f-c79362c388bc_3,NPRA_HBT_19-01-2024.13713,3,"Rv. 13 Vikafjellet i Voss/Vik, Vestland","Uvær.|Bruk kjetting, gjelder for totalvekt større enn 7,5 tonn.|Merk at sluttiden er usikker og kan endres.",,,uvær,uvær,uvær,Certain,1705752000000.0,1705632934000,6.540066713982508,61.00921058233126,6.485748652779133,60.901530400763754,6.480722,60.962875,Rv,13,,1705672825000,,0.0,1705675848000,1705694307000,1705629334000,1705748400000.0,1705669225000,1705672248000,1705690707000,Uvær,2024-01-19
14,46_RV13_S38,0.06285484287303976,39592.8254031447,6788660.117725509,365166592,3068d10b-9bcc-4d07-aed7-e4d33d5f3315_1,NPRA_HBT_20-01-2024.14961,1,"Rv. 13 Vikafjellet i Voss/Vik, Vestland","Snøskred, vegen er stengt.|Merk at sluttiden er usikker og kan endres.
Ny vurdering 25.01.2024 kl.12:00.",,,snøskred,snøskred,snøskred,Certain,1706185800000.0,1705837800000,6.540066713982508,61.00921058233126,6.485748652779133,60.901530400763754,6.480722,60.962875,Rv,13,,1705834825000,,1.0,1705837764000,1706087141000,1705834200000,1706182200000.0,1705831225000,1705834164000,1706083541000,Snøskred,2024-01-21
15,46_RV13_S38,0.06285484287303976,39592.8254031447,6788660.117725509,365166592,3068d10b-9bcc-4d07-aed7-e4d33d5f3315_2,NPRA_HBT_20-01-2024.14961,2,"Rv. 13 Vikafjellet i Voss/Vik, Vestland","Snøskred, vegen er stengt.|Merk at sluttiden er usikker og kan endres.
Ny vurdering 25.01.2024 kl.12:00.",,,snøskred,snøskred,snøskred,Certain,1706185800000.0,1705837800000,6.540066713982508,61.00921058233126,6.485748652779133,60.901530400763754,6.480722,60.962875,Rv,13,,1705834825000,,1.0,1705837764000,1706087141000,1705834200000,1706182200000.0,1705831225000,1705834164000,1706083541000,Snøskred,2024-01-21
16,46_RV13_S20,0.21314962251550454,36387.641044253134,6650248.4536487255,939261952,df28285d-26bd-4531-a6c2-89c400f01a17_1,NPRA_HBT_21-01-2024.15455,1,"Rv. 13 Nesflaten i Suldal, Rogaland - rv. 13 Håra i Ullensvang, Vestland","Snøskred, fare for stengt veg.|Merk at sluttiden er usikker og kan endres.",,,skred,snøskred,fare for snøskred,RiskOf,1706097600000.0,1705852800000,6.796436924347285,59.64755993233708,6.7737288063771945,59.813594629218834,6.74123,59.729755,Rv,13,,1705849227000,,0.0,1705852415000,1706044110000,1705849200000,1706094000000.0,1705845627000,1705848815000,1706040510000,Fare for snøskred,2024-01-21
17,46_RV13_S20,0.21314962251550454,36387.641044253134,6650248.4536487255,939261952,df28285d-26bd-4531-a6c2-89c400f01a17_2,NPRA_HBT_21-01-2024.15455,2,"Rv. 13 Nesflaten i Suldal, Rogaland - rv. 13 Håra i Ullensvang, Vestland","Snøskred, fare for stengt veg.|Merk at sluttiden er usikker og kan endres.",,,skred,snøskred,fare for snøskred,RiskOf,1706097600000.0,1705852800000,6.796436924347285,59.64755993233708,6.7737288063771945,59.813594629218834,6.74123,59.729755,Rv,13,,1705849227000,,0.0,1706009045000,1706044110000,1705849200000,1706094000000.0,1705845627000,1706005445000,1706040510000,Fare for snøskred,2024-01-21
18,46_RV13_S25,0.280512159875762,30431.073930769402,6680912.449483767,942669824,db1f448e-2961-4777-9e45-3dbbe8309f81_1,NPRA_HBT_21-01-2024.15468,1,"Rv. 13 Vasstun i Ullensvang, Vestland - rv. 13 Steinaberg bru i Ullensvang, Vestland","Snøskred, vegen er stengt.|Merk at sluttiden er usikker og kan endres.
Preventiv stenging av Oddadalen/Sandvinsvatnet pga. flom og snøskred. Utrykningskjøretøy kan passere. Ny vurdering kl 11:30",,,skred,snøskred,fare for snøskred,RiskOf,1706011200000.0,1705870800000,6.556207434352501,60.05343604478506,6.588953075606723,59.93570686691295,6.5672817,59.99547,Rv,13,,1705850127000,,2.0,1705853592000,1706005278000,1705867200000,1706007600000.0,1705846527000,1705849992000,1706001678000,Fare for snøskred,2024-01-21
19,46_RV13_S25,0.280512159875762,30431.073930769402,6680912.449483767,942669824,db1f448e-2961-4777-9e45-3dbbe8309f81_2,NPRA_HBT_21-01-2024.15468,2,"Rv. 13 Vasstun i Ullensvang, Vestland - rv. 13 Steinaberg bru i Ullensvang, Vestland","Snøskred, vegen er stengt.|Merk at sluttiden er usikker og kan endres.
Preventiv stenging av Oddadalen/Sandvinsvatnet pga. flom og snøskred. Utrykningskjøretøy kan passere. Ny vurdering kl 11:30",,,skred,snøskred,fare for snøskred,RiskOf,1706011200000.0,1705870800000,6.556207434352501,60.05343604478506,6.588953075606723,59.93570686691295,6.5672817,59.99547,Rv,13,,1705850127000,,2.0,1705853592000,1706005278000,1705867200000,1706007600000.0,1705846527000,1705849992000,1706001678000,Fare for snøskred,2024-01-21
20,46_RV13_S36,0.8138606218021464,38292.929691327445,6770483.542651716,1553465344,0d6a6aca-b5b2-49eb-9298-58465737e79f_1,NPRA_HBT_22-01-2024.16102,1,"Rv. 13 Djupgrov i Voss, Vestland - rv. 13 Myrkdalstunnelen i Voss, Vestland","Snøskred, vegen er stengt.|Merk at sluttiden er usikker og kan endres.",,,snøskred,snøskred,snøskred,Certain,1705921200000.0,1705913681000,6.504792383074143,60.79704642295675,6.499478476294842,60.80361914047802,6.500324,60.799973,Rv,13,,1705910419000,,2.0,1705913944000,1705913944000,1705910081000,1705917600000.0,1705906819000,1705910344000,1705910344000,Snøskred,2024-01-22
21,46_RV13_S36,0.8138606218021464,38292.929691327445,6770483.542651716,1553465344,0d6a6aca-b5b2-49eb-9298-58465737e79f_2,NPRA_HBT_22-01-2024.16102,2,"Rv. 13 Djupgrov i Voss, Vestland - rv. 13 Myrkdalstunnelen i Voss, Vestland","Snøskred, vegen er stengt.|Merk at sluttiden er usikker og kan endres.",,,snøskred,snøskred,snøskred,Certain,1705921200000.0,1705913681000,6.504792383074143,60.79704642295675,6.499478476294842,60.80361914047802,6.500324,60.799973,Rv,13,,1705910419000,,2.0,1705913944000,1705913944000,1705910081000,1705917600000.0,1705906819000,1705910344000,1705910344000,Snøskred,2024-01-22
25,46_RV13_S25,0.1132002010407565,29906.698721585155,6673430.195649001,1595408384,4518b3cd-b9e6-467f-8b7b-e9ffa8539148_1,NPRA_HBT_22-01-2024.16262,1,"Rv. 13 Kløvet i Ullensvang, Vestland","Snøskred, ett stengt kjørefelt.|Merk at sluttiden er usikker og kan endres.",,,snøskred,snøskred,snøskred,Certain,1705937852000.0,1705923452000,,,,,6.5749955,59.928413,Rv,13,,1705920319000,,1.0,1705923499000,1705923499000,1705919852000,1705934252000.0,1705916719000,1705919899000,1705919899000,Snøskred,2024-01-22
26,46_RV13_S25,0.1132002010407565,29906.698721585155,6673430.195649001,1595408384,4518b3cd-b9e6-467f-8b7b-e9ffa8539148_2,NPRA_HBT_22-01-2024.16262,2,"Rv. 13 Kløvet i Ullensvang, Vestland","Snøskred, ett stengt kjørefelt.|Merk at sluttiden er usikker og kan endres.",,,snøskred,snøskred,snøskred,Certain,1705937852000.0,1705923452000,,,,,6.5749955,59.928413,Rv,13,,1705920319000,,1.0,1705923499000,1705923499000,1705919852000,1705934252000.0,1705916719000,1705919899000,1705919899000,Snøskred,2024-01-22
27,46_RV13_S27,0.0662597880777427,31919.952463484602,6695480.636202835,1633157120,e35e082f-a738-4181-8a5b-a7525f39ddb3_1,NPRA_HBT_22-01-2024.16406,1,"Rv. 13 Opo i Ullensvang, Vestland - rv. 13 Fresviktunnelen i Ullensvang, Vestland","Snøskred, vegen er stengt.|Merk at sluttiden er usikker og kan endres.
Nødetater kan passere etter egen vurdering. Stengt grunna rasfare. Forventes åpnet innen kl. 11:30. ",,,skred,snøskred,fare for snøskred,RiskOf,1706011200000.0,1705937400000,6.551188692176291,60.06949973670903,6.588312631373094,60.182578809857155,6.560469,60.126564,Rv,13,,1705928417000,,2.0,1705931839000,1706006526000,1705933800000,1706007600000.0,1705924817000,1705928239000,1706002926000,Fare for snøskred,2024-01-22
28,46_RV13_S27,0.0662597880777427,31919.952463484602,6695480.636202835,1633157120,e35e082f-a738-4181-8a5b-a7525f39ddb3_2,NPRA_HBT_22-01-2024.16406,2,"Rv. 13 Opo i Ullensvang, Vestland - rv. 13 Fresviktunnelen i Ullensvang, Vestland","Snøskred, vegen er stengt.|Merk at sluttiden er usikker og kan endres.
Nødetater kan passere etter egen vurdering. Stengt grunna rasfare. Forventes åpnet innen kl. 11:30. ",,,skred,snøskred,fare for snøskred,RiskOf,1706011200000.0,1705937400000,6.551188692176291,60.06949973670903,6.588312631373094,60.182578809857155,6.560469,60.126564,Rv,13,,1705928417000,,2.0,1705931839000,1706006526000,1705933800000,1706007600000.0,1705924817000,1705928239000,1706002926000,Fare for snøskred,2024-01-22
29,46_RV13_S32,0.11091486904024019,51696.65386824019,6732583.528745706,1668808704,8df9a454-19c8-49c4-a8c0-cb65aea4e63f_1,NPRA_HBT_22-01-2024.16542,1,"Rv. 13 Hardangerbrua i Ulvik/Eidfjord, Vestland","Sterk vind, fare for stengt veg.|Merk at sluttiden er usikker og kan endres.
Broen stenges automatisk i perioder med kraftig vind.",,,uvær,uvær,uvær,Certain,1705964400000.0,1705938932000,6.823856120609264,60.48377145782033,6.836791862242444,60.47318852151293,6.830323,60.47849,Rv,13,,1705935617000,,0.0,1705938977000,1705954134000,1705935332000,1705960800000.0,1705932017000,1705935377000,1705950534000,Uvær,2024-01-22
30,46_RV13_S32,0.11091486904024019,51696.65386824019,6732583.528745706,1668808704,8df9a454-19c8-49c4-a8c0-cb65aea4e63f_2,NPRA_HBT_22-01-2024.16542,2,"Rv. 13 Hardangerbrua i Ulvik/Eidfjord, Vestland","Sterk vind, fare for stengt veg.|Merk at sluttiden er usikker og kan endres.
Broen stenges automatisk i perioder med kraftig vind.",,,uvær,uvær,uvær,Certain,1705964400000.0,1705938932000,6.823856120609264,60.48377145782033,6.836791862242444,60.47318852151293,6.830323,60.47849,Rv,13,,1705935617000,,0.0,1705938977000,1705954134000,1705935332000,1705960800000.0,1705932017000,1705935377000,1705950534000,Uvær,2024-01-22
33,46_RV13_S25,0.019968884488202013,30383.22430956294,6673571.4523719195,1708392448,3aab8b64-1d90-4910-aabc-4091db0bc7b1_1,NPRA_HBT_22-01-2024.16693,1,"Rv. 13 Gravarteigen i Ullensvang, Vestland","Snøskred, vegen er stengt.|Merk at sluttiden er usikker og kan endres.",,,snøskred,snøskred,snøskred,Certain,1705954356000.0,1705947156000,,,,,6.5831084,59.93021,Rv,13,,1705943718000,,2.0,1705947194000,1705947239000,1705943556000,1705950756000.0,1705940118000,1705943594000,1705943639000,Snøskred,2024-01-22
34,46_RV13_S25,0.019968884488202013,30383.22430956294,6673571.4523719195,1708392448,3aab8b64-1d90-4910-aabc-4091db0bc7b1_2,NPRA_HBT_22-01-2024.16693,2,"Rv. 13 Gravarteigen i Ullensvang, Vestland","Snøskred, vegen er stengt.|Merk at sluttiden er usikker og kan endres.",,,snøskred,snøskred,snøskred,Certain,1705954356000.0,1705947156000,,,,,6.5831084,59.93021,Rv,13,,1705943718000,,2.0,1705947239000,1705947239000,1705943556000,1705950756000.0,1705940118000,1705943639000,1705943639000,Snøskred,2024-01-22
35,46_RV13_S30,0.016909902367040566,41250.294288879726,6720355.197872668,1741160448,a5bd6e36-9151-48f6-8bb0-c6db376ffa13_1,NPRA_HBT_22-01-2024.16818,1,"Rv. 13 Lutro i Ullensvang, Vestland",Trær/Busker.|Merk at sluttiden er usikker og kan endres.,,,,nedfalne trær,nedfalne trær,Certain,1706011200000.0,1705955330000,,,,,6.6703086,60.358128,Rv,13,,1705951818000,,0.0,1705955369000,1705955519000,1705951730000,1706007600000.0,1705948218000,1705951769000,1705951919000,Trefall,2024-01-22
39,46_RV13_S31,0.038372340730550084,48444.97001297411,6728816.256258661,-1857552384,eb21131d-50b4-45ea-b756-52ec211d770a_1,NPRA_HBT_23-01-2024.17778,1,"Rv. 13 Ringøy i Ullensvang, Vestland","Isnedfall, ett påvirket kjørefelt.|Merk at sluttiden er usikker og kan endres.",,,,isnedfall,isnedfall,Certain,1706034171000.0,1706026971000,,,,,6.780301,60.44139,Rv,13,,1706024742000,,1.0,1706027459000,1706027459000,1706023371000,1706030571000.0,1706021142000,1706023859000,1706023859000,Isnedfall,2024-01-23
40,46_RV13_S31,0.038372340730550084,48444.97001297411,6728816.256258661,-1857552384,eb21131d-50b4-45ea-b756-52ec211d770a_2,NPRA_HBT_23-01-2024.17778,2,"Rv. 13 Ringøy i Ullensvang, Vestland","Isnedfall, ett påvirket kjørefelt.|Merk at sluttiden er usikker og kan endres.",,,,isnedfall,isnedfall,Certain,1706034171000.0,1706026971000,,,,,6.780301,60.44139,Rv,13,,1706024742000,,1.0,1706027459000,1706027459000,1706023371000,1706030571000.0,1706021142000,1706023859000,1706023859000,Isnedfall,2024-01-23
50,46_RV13_S28,0.04514466835098574,35389.39514466835,6704174.337140819,-1278476288,fdb9ff3f-563a-4f9a-9d07-af968f42a995_1,NPRA_HBT_24-01-2024.18291,1,"Rv. 13 Espe i Ullensvang, Vestland - rv. 13 Espe i Ullensvang, Vestland",Isnedfall.|Merk at sluttiden er usikker og kan endres.,,,,isnedfall,isnedfall,Certain,1706090890000.0,1706083690000,6.601441962864042,60.20659233181942,6.602137662601093,60.20907570748884,6.6024165,60.20774,Rv,13,,1706080538000,,0.0,1706083808000,1706083808000,1706080090000,1706087290000.0,1706076938000,1706080208000,1706080208000,Isnedfall,2024-01-24
52,46_RV13_S20,0.24761578449833133,36361.79610624956,6650014.81661465,-1206910976,85eb8f0d-39ee-4e06-a089-fbafee076fd5_1,NPRA_HBT_24-01-2024.18564,1,"Rv. 13 Horda i Ullensvang, Vestland - rv. 13 Oppistov i Suldal, Rogaland","Fare for snøskred, vegen er stengt.
Ny vurdering torsdag kl.15:00.
Nødetater kan passere |",,,skred,snøskred,fare for snøskred,RiskOf,1706194800000.0,1706133600000,6.772332143346858,59.80899410401505,6.797174105451454,59.647907068752176,6.7412906,59.72765,Rv,13,,1706099435000,,2.0,1706109410000,1706109555000,1706130000000,1706191200000.0,1706095835000,1706105810000,1706105955000,Fare for snøskred,2024-01-24
53,46_RV13_S20,0.24761578449833133,36361.79610624956,6650014.81661465,-1206910976,85eb8f0d-39ee-4e06-a089-fbafee076fd5_2,NPRA_HBT_24-01-2024.18564,2,"Rv. 13 Horda i Ullensvang, Vestland - rv. 13 Oppistov i Suldal, Rogaland","Fare for snøskred, vegen er stengt.
Ny vurdering torsdag kl.15:00.
Nødetater kan passere |",,,skred,snøskred,fare for snøskred,RiskOf,1706194800000.0,1706133600000,6.772332143346858,59.80899410401505,6.797174105451454,59.647907068752176,6.7412906,59.72765,Rv,13,,1706106636000,,2.0,1706109410000,1706109555000,1706130000000,1706191200000.0,1706103036000,1706105810000,1706105955000,Fare for snøskred,2024-01-24
56,46_RV13_S41,0.1941761656082436,50001.13201562327,6807984.142770499,78643200,2153c315-7cf4-4137-9e75-69c52904eba6_1,NPRA_HBT_26-01-2024.20076,1,"Rv. 13 Tveiti i Vik, Vestland",Isnedfall.,,,,isnedfall,isnedfall,Certain,1706260120000.0,1706252920000,,,,,6.6253963,61.146492,Rv,13,,1706249737000,,0.0,1706253042000,1706253042000,1706249320000,1706256520000.0,1706246137000,1706249442000,1706249442000,Isnedfall,2024-01-26
57,46_RV13_S38,0.06285484287303976,39592.8254031447,6788660.117725509,80478208,684da105-7ef9-4665-9c9c-9c4603e1e035_1,NPRA_HBT_26-01-2024.20083,1,"Rv. 13 Vikafjellet i Voss/Vik, Vestland","Uvær, vegen er stengt.
Ny vurdering 26.01.2024 12:00.",,,uvær,uvær,uvær,Certain,1706270400000.0,1706253660000,6.540066713982508,61.00921058233126,6.485748652779133,60.901530400763754,6.480722,60.962875,Rv,13,,1706250637000,,1.0,1706253853000,1706253853000,1706250060000,1706266800000.0,1706247037000,1706250253000,1706250253000,Uvær,2024-01-26
58,46_RV13_S38,0.06285484287303976,39592.8254031447,6788660.117725509,80478208,684da105-7ef9-4665-9c9c-9c4603e1e035_2,NPRA_HBT_26-01-2024.20083,2,"Rv. 13 Vikafjellet i Voss/Vik, Vestland","Uvær, vegen er stengt.
Ny vurdering 26.01.2024 12:00.",,,uvær,uvær,uvær,Certain,1706270400000.0,1706253660000,6.540066713982508,61.00921058233126,6.485748652779133,60.901530400763754,6.480722,60.962875,Rv,13,,1706250637000,,1.0,1706253853000,1706253853000,1706250060000,1706266800000.0,1706247037000,1706250253000,1706250253000,Uvær,2024-01-26
59,46_RV13_S38,0.06285484287303976,39592.8254031447,6788660.117725509,152567808,84a96f89-7001-4e6d-83f5-e73fcbd1213d_1,NPRA_HBT_26-01-2024.20358,1,"Rv. 13 Vikafjellet i Voss/Vik, Vestland","Fare for snøskred, vegen er stengt.",,,skred,snøskred,fare for snøskred,RiskOf,1706536800000.0,1706270199000,6.540066713982508,61.00921058233126,6.485748652779133,60.901530400763754,6.480722,60.962875,Rv,13,,1706266837000,,1.0,1706270256000,1706521287000,1706266599000,1706533200000.0,1706263237000,1706266656000,1706517687000,Fare for snøskred,2024-01-26
60,46_RV13_S38,0.06285484287303976,39592.8254031447,6788660.117725509,152567808,84a96f89-7001-4e6d-83f5-e73fcbd1213d_2,NPRA_HBT_26-01-2024.20358,2,"Rv. 13 Vikafjellet i Voss/Vik, Vestland","Fare for snøskred, vegen er stengt.",,,skred,snøskred,fare for snøskred,RiskOf,1706536800000.0,1706270199000,6.540066713982508,61.00921058233126,6.485748652779133,60.901530400763754,6.480722,60.962875,Rv,13,,1706266837000,,1.0,1706270256000,1706521287000,1706266599000,1706533200000.0,1706263237000,1706266656000,1706517687000,Fare for snøskred,2024-01-26
68,46_RV13_S26,0.11365752534788347,30690.369198872417,6684582.10616864,812646400,6f636568-ac60-47a6-8ae1-5908d0c231ac_1,NPRA_HBT_27-01-2024.21180,1,"Rv. 13 Tyssedal i Ullensvang, Vestland - rv. 13 Skare i Ullensvang, Vestland",Isnedfall.,,,,isnedfall,isnedfall,Certain,1706356592000.0,1706349392000,6.559874816291343,60.11659217379143,6.588711308359841,59.93633628857489,6.5635204,60.02836,Rv,13,,1706346034000,,0.0,1706349458000,1706349458000,1706345792000,1706352992000.0,1706342434000,1706345858000,1706345858000,Isnedfall,2024-01-27
69,46_RV13_S31,0.06927475828400358,44006.12608503492,6724195.439516913,819986432,766fb95a-20ad-4258-b93f-144eb7aa69ea_1,NPRA_HBT_27-01-2024.21208,1,"Rv. 13 Kyrkjenes i Ullensvang, Vestland",Isnedfall.,,,,isnedfall,isnedfall,Certain,1706360400000.0,1706352004000,,,,,6.7110114,60.395355,Rv,13,,1706348734000,,0.0,1706352203000,1706357699000,1706348404000,1706356800000.0,1706345134000,1706348603000,1706354099000,Isnedfall,2024-01-27
70,46_RV13_S47,0.5857337764874908,67764.03059827158,6807564.238468531,916455424,e1b4c4b5-9e03-410c-89ef-c1cde63d6b29_1,NPRA_HBT_27-01-2024.21576,1,"Rv. 13 Slindabrui i Sogndal, Vestland","Isnedfall, ett stengt kjørefelt.",,,,isnedfall,isnedfall,Certain,1706382476000.0,1706375276000,,,,,6.953014,61.16271,Rv,13,,1706372135000,,1.0,1706375302000,1706375302000,1706371676000,1706378876000.0,1706368535000,1706371702000,1706371702000,Isnedfall,2024-01-27
71,46_RV13_S47,0.5857337764874908,67764.03059827158,6807564.238468531,916455424,e1b4c4b5-9e03-410c-89ef-c1cde63d6b29_2,NPRA_HBT_27-01-2024.21576,2,"Rv. 13 Slindabrui i Sogndal, Vestland","Isnedfall, ett stengt kjørefelt.",,,,isnedfall,isnedfall,Certain,1706382476000.0,1706375276000,,,,,6.953014,61.16271,Rv,13,,1706372135000,,1.0,1706375302000,1706375302000,1706371676000,1706378876000.0,1706368535000,1706371702000,1706371702000,Isnedfall,2024-01-27
72,46_RV13_S21,0.14295116858419404,39057.75873605866,6654443.926974504,276561920,8c8d3358-5944-419c-bae4-2772aedaea5b_1,NPRA_HBT_26-01-2024.20831,1,"Rv. 13 Uttun i Ullensvang, Vestland - rv. 13 Nesflaten - Røldal i Ullensvang, Vestland","Steinskred/steinsprang, fare for stengt veg.",,,steinskred,steinskred,steinskred,Certain,1706432400000.0,1706378400000,6.772765104671331,59.81264858332184,6.755685167852052,59.7367856965891,6.7790093,59.770008,Rv,13,,1706294738000,,0.0,1706297647000,1706297647000,1706374800000,1706428800000.0,1706291138000,1706294047000,1706294047000,Steinsprang,2024-01-27
73,46_RV13_S21,0.14295116858419404,39057.75873605866,6654443.926974504,276561920,8c8d3358-5944-419c-bae4-2772aedaea5b_2,NPRA_HBT_26-01-2024.20831,2,"Rv. 13 Uttun i Ullensvang, Vestland - rv. 13 Nesflaten - Røldal i Ullensvang, Vestland","Steinskred/steinsprang, fare for stengt veg.",,,steinskred,steinskred,steinskred,Certain,1706432400000.0,1706378400000,6.772765104671331,59.81264858332184,6.755685167852052,59.7367856965891,6.7790093,59.770008,Rv,13,,1706294739000,,0.0,1706297647000,1706297647000,1706374800000,1706428800000.0,1706291139000,1706294047000,1706294047000,Steinsprang,2024-01-27
74,46_RV13_S31,0.04984907665332536,44285.213121601846,6724603.655548067,941359104,28b4b8b6-1764-4130-bef1-dfc3f183bd29_1,NPRA_HBT_27-01-2024.21671,1,"Rv. 13 Lausto i Ullensvang, Vestland",Isnedfall.,,,,isnedfall,isnedfall,Certain,1706395818000.0,1706381418000,,,,,6.7150946,60.399296,Rv,13,,1706378435000,,0.0,1706381567000,1706381567000,1706377818000,1706392218000.0,1706374835000,1706377967000,1706377967000,Isnedfall,2024-01-27
79,46_RV13_S25,0.5074896047419225,30437.89718921436,6681394.565295841,1496055808,ed3a64e5-0147-4f74-ac18-2e15bb243900_1,NPRA_HBT_28-01-2024.22091,1,"Rv. 13 Espeflot i Ullensvang, Vestland - rv. 13 Flateholmen i Ullensvang, Vestland",Isnedfall.,,,,isnedfall,isnedfall,Certain,1706456005000.0,1706441605000,6.557361405466711,60.02330756580591,6.571643269685126,59.976180803153724,6.566305,59.99976,Rv,13,,1706438734000,,0.0,1706441624000,1706442834000,1706438005000,1706452405000.0,1706435134000,1706438024000,1706439234000,Isnedfall,2024-01-28
80,46_RV13_S36,0.7069551959408535,36579.01375268464,6772991.893744029,1549008896,e9ee81ff-d892-4cbf-b3ed-cbcc62e33771_1,NPRA_HBT_28-01-2024.22293,1,"Rv. 13 Merkesgrovi i Voss, Vestland - rv. 13 Flisram i Voss, Vestland, i retning mot Dragsvik","Isnedfall, ett påvirket kjørefelt.",,,,isnedfall,isnedfall,Certain,1706472925000.0,1706458525000,6.475700780154257,60.812621822773636,6.461872389215843,60.82997869432501,6.463209,60.820255,Rv,13,,1706455833000,,1.0,1706458568000,1706458568000,1706454925000,1706469325000.0,1706452233000,1706454968000,1706454968000,Isnedfall,2024-01-28
81,46_RV13_S36,0.7069551959408535,36579.01375268464,6772991.893744029,1549008896,e9ee81ff-d892-4cbf-b3ed-cbcc62e33771_2,NPRA_HBT_28-01-2024.22293,2,"Rv. 13 Merkesgrovi i Voss, Vestland - rv. 13 Flisram i Voss, Vestland, i retning mot Dragsvik","Isnedfall, ett påvirket kjørefelt.",,,,isnedfall,isnedfall,Certain,1706472925000.0,1706458525000,6.475700780154257,60.812621822773636,6.461872389215843,60.82997869432501,6.463209,60.820255,Rv,13,,1706455833000,,1.0,1706458568000,1706458568000,1706454925000,1706469325000.0,1706452233000,1706454968000,1706454968000,Isnedfall,2024-01-28
89,46_RV13_S31,0.05895352476532967,44050.28979026782,6724300.257561791,2139881472,b1f4ff09-1ba5-4721-9298-1fd5ef348462_1,NPRA_HBT_29-01-2024.22851,1,"Rv. 13 Kyrkjenes i Ullensvang, Vestland","Isnedfall, ett stengt kjørefelt.",,,,isnedfall,isnedfall,Certain,1706530500000.0,1706516100000,,,,,6.711566,60.396336,Rv,13,,1706513454000,,1.0,1706516209000,1706516209000,1706512500000,1706526900000.0,1706509854000,1706512609000,1706512609000,Isnedfall,2024-01-29
90,46_RV13_S31,0.05895352476532967,44050.28979026782,6724300.257561791,2139881472,b1f4ff09-1ba5-4721-9298-1fd5ef348462_2,NPRA_HBT_29-01-2024.22851,2,"Rv. 13 Kyrkjenes i Ullensvang, Vestland","Isnedfall, ett stengt kjørefelt.",,,,isnedfall,isnedfall,Certain,1706530500000.0,1706516100000,,,,,6.711566,60.396336,Rv,13,,1706513454000,,1.0,1706516209000,1706516209000,1706512500000,1706526900000.0,1706509854000,1706512609000,1706512609000,Isnedfall,2024-01-29
91,46_RV13_S44,0.11086330023847009,52352.38928927964,6814377.695150372,-2002255872,c74cba5c-aabd-4dd0-ab91-27bb3c8034da_1,NPRA_HBT_29-01-2024.23434,1,"Rv. 13 Kvinna i Sogndal, Vestland","Isnedfall, ett stengt kjørefelt.",,,,isnedfall,isnedfall,Certain,1706567971000.0,1706553571000,,,,,6.653504,61.20597,Rv,13,,1706550355000,,1.0,1706553602000,1706561606000,1706549971000,1706564371000.0,1706546755000,1706550002000,1706558006000,Isnedfall,2024-01-29
92,46_RV13_S44,0.11086330023847009,52352.38928927964,6814377.695150372,-2002255872,c74cba5c-aabd-4dd0-ab91-27bb3c8034da_2,NPRA_HBT_29-01-2024.23434,2,"Rv. 13 Kvinna i Sogndal, Vestland","Isnedfall, ett stengt kjørefelt.",,,,isnedfall,isnedfall,Certain,1706567971000.0,1706553571000,,,,,6.653504,61.20597,Rv,13,,1706550355000,,1.0,1706553602000,1706561606000,1706549971000,1706564371000.0,1706546755000,1706550002000,1706558006000,Isnedfall,2024-01-29
94,46_RV13_S38,0.06285484287303976,39592.8254031447,6788660.117725509,-819986432,4abe6e34-0936-451a-9cdc-f18ef0958b8a_1,NPRA_HBT_31-01-2024.24552,1,"Rv. 13 Vikafjellet i Voss/Vik, Vestland","Uvær, fare for kolonnekjøring.",,,uvær,uvær,uvær,Certain,1706702400000.0,1706676694000,6.540066713982508,61.00921058233126,6.485748652779133,60.901530400763754,6.480722,60.962875,Rv,13,,1706673624000,,0.0,1706676726000,1706676726000,1706673094000,1706698800000.0,1706670024000,1706673126000,1706673126000,Uvær,2024-01-31
95,46_RV13_S38,0.06285484287303976,39592.8254031447,6788660.117725509,-819986432,4abe6e34-0936-451a-9cdc-f18ef0958b8a_2,NPRA_HBT_31-01-2024.24552,2,"Rv. 13 Vikafjellet i Voss/Vik, Vestland","Uvær, fare for kolonnekjøring.",,,uvær,uvær,uvær,Certain,1706702400000.0,1706676694000,6.540066713982508,61.00921058233126,6.485748652779133,60.901530400763754,6.480722,60.962875,Rv,13,,1706673625000,,0.0,1706676726000,1706676845000,1706673094000,1706698800000.0,1706670025000,1706673126000,1706673245000,Uvær,2024-01-31
96,46_RV13_S38,0.06285484287303976,39592.8254031447,6788660.117725509,-751828992,1397698f-7447-46b1-a85b-d545af288819_1,NPRA_HBT_31-01-2024.24812,1,"Rv. 13 Vikafjellet i Voss/Vik, Vestland","Uvær, vegen er stengt.
Ny vurdering mandag 05.02.24 kl 1200.",,,uvær,uvær,uvær,Certain,1707134400000.0,1706699182000,6.540066713982508,61.00921058233126,6.485748652779133,60.901530400763754,6.480722,60.962875,Rv,13,,1706696126000,,1.0,1706699449000,1706959204000,1706695582000,1707130800000.0,1706692526000,1706695849000,1706955604000,Uvær,2024-01-31
97,46_RV13_S38,0.06285484287303976,39592.8254031447,6788660.117725509,-751828992,1397698f-7447-46b1-a85b-d545af288819_2,NPRA_HBT_31-01-2024.24812,2,"Rv. 13 Vikafjellet i Voss/Vik, Vestland","Uvær, vegen er stengt.
Ny vurdering mandag 05.02.24 kl 1200.",,,uvær,uvær,uvær,Certain,1707134400000.0,1706699182000,6.540066713982508,61.00921058233126,6.485748652779133,60.901530400763754,6.480722,60.962875,Rv,13,,1706696126000,,1.0,1706699449000,1706959204000,1706695582000,1707130800000.0,1706692526000,1706695849000,1706955604000,Uvær,2024-01-31
99,46_RV13_S48,0.8972105058033195,71346.22977707727,6809377.867915336,-670564352,aff66b3d-3542-43a9-8f19-a110f12d4b8e_1,NPRA_HBT_31-01-2024.25122,1,"Rv. 13 Ylvisåker i Sogndal, Vestland - rv. 13 Ylvisåker i Sogndal, Vestland","Steinskred/steinsprang, ett stengt kjørefelt.",,,steinskred,steinskred,steinskred,Certain,1706724000000.0,1706718331000,7.010508787905602,61.179454657873706,7.019011785217186,61.18613037110716,7.0148377,61.182762,Rv,13,,1706715024000,,1.0,1706718400000,1706718400000,1706714731000,1706720400000.0,1706711424000,1706714800000,1706714800000,Steinsprang,2024-01-31
100,46_RV13_S48,0.8972105058033195,71346.22977707727,6809377.867915336,-670564352,aff66b3d-3542-43a9-8f19-a110f12d4b8e_2,NPRA_HBT_31-01-2024.25122,2,"Rv. 13 Ylvisåker i Sogndal, Vestland - rv. 13 Ylvisåker i Sogndal, Vestland","Steinskred/steinsprang, ett stengt kjørefelt.",,,steinskred,steinskred,steinskred,Certain,1706724000000.0,1706718331000,7.010508787905602,61.179454657873706,7.019011785217186,61.18613037110716,7.0148377,61.182762,Rv,13,,1706715024000,,1.0,1706718400000,1706718400000,1706714731000,1706720400000.0,1706711424000,1706714800000,1706714800000,Steinsprang,2024-01-31
102,46_RV13_S32,0.11091486904024019,51696.65386824019,6732583.528745706,-605290496,ddaab8b4-98cb-4191-86a5-4d7681e03d7d_1,NPRA_HBT_31-01-2024.25371,1,"Rv. 13 Hardangerbrua i Ulvik/Eidfjord, Vestland","Sterk vind, fare for stengt veg.",,,uvær,uvær,uvær,Certain,1706781600000.0,1706731045000,6.823856120609264,60.48377145782033,6.836791862242444,60.47318852151293,6.830323,60.47849,Rv,13,,1706731247000,,0.0,1706731093000,1706760852000,1706727445000,1706778000000.0,1706727647000,1706727493000,1706757252000,Uvær,2024-01-31
103,46_RV13_S32,0.11091486904024019,51696.65386824019,6732583.528745706,-605290496,ddaab8b4-98cb-4191-86a5-4d7681e03d7d_2,NPRA_HBT_31-01-2024.25371,2,"Rv. 13 Hardangerbrua i Ulvik/Eidfjord, Vestland","Sterk vind, fare for stengt veg.",,,uvær,uvær,uvær,Certain,1706781600000.0,1706731045000,6.823856120609264,60.48377145782033,6.836791862242444,60.47318852151293,6.830323,60.47849,Rv,13,,1706733045000,,0.0,1706736192000,1706760853000,1706727445000,1706778000000.0,1706729445000,1706732592000,1706757253000,Uvær,2024-01-31
106,46_RV13_S44,0.1832221745946424,55276.3905421542,6811357.965921463,745013248,c46cc3de-2147-4c09-8cfe-42319939e811_1,NPRA_HBT_01-02-2024.26490,1,"Rv. 13 Verkaneset i Sogndal, Vestland",Isnedfall.,,,,isnedfall,isnedfall,Certain,1706812313000.0,1706805113000,,,,,6.714446,61.182472,Rv,13,,1706802366000,,0.0,1706805495000,1706805495000,1706801513000,1706808713000.0,1706798766000,1706801895000,1706801895000,Isnedfall,2024-02-01
107,46_RV13_S20,0.03613035199046506,36540.00591851736,6650394.662758802,792199168,37b67d4d-1e14-401b-bede-efc69bbbeb60_1,NPRA_HBT_01-02-2024.26670,1,"Rv. 13 Kjeldhammertunnelen i Suldal, Rogaland - rv. 13 Horda i Ullensvang, Vestland","Uvær, fare for stengt veg.",,,uvær,uvær,uvær,Certain,1706878800000.0,1706817050000,6.796341538853813,59.650943569710655,6.7737288063771945,59.813594629218834,6.743589,59.731224,Rv,13,,1706814019000,,0.0,1706817383000,1706817383000,1706813450000,1706875200000.0,1706810419000,1706813783000,1706813783000,Uvær,2024-02-01
108,46_RV13_S20,0.03613035199046506,36540.00591851736,6650394.662758802,792199168,37b67d4d-1e14-401b-bede-efc69bbbeb60_2,NPRA_HBT_01-02-2024.26670,2,"Rv. 13 Kjeldhammertunnelen i Suldal, Rogaland - rv. 13 Horda i Ullensvang, Vestland","Uvær, fare for stengt veg.",,,uvær,uvær,uvær,Certain,1706878800000.0,1706817050000,6.796341538853813,59.650943569710655,6.7737288063771945,59.813594629218834,6.743589,59.731224,Rv,13,,1706814019000,,0.0,1706817383000,1706817383000,1706813450000,1706875200000.0,1706810419000,1706813783000,1706813783000,Uvær,2024-02-01
109,46_RV13_S27,0.09534907212555906,32019.56171995023,6696112.9587078905,674234368,40c8ddeb-78db-4fe0-a2ff-05c97297f822_1,NPRA_HBT_01-02-2024.26220,1,"Rv. 13 Freim i Ullensvang, Vestland - rv. 13 Fresvik i Ullensvang, Vestland","Fare for jordskred, fare for stengt veg.
Åpent for fri ferdsel. Kan bli stengt på kort varsel.",,,skred,løsmasseskred,fare for løsmasseskred,RiskOf,1707134400000.0,1706832000000,6.5523006702737145,60.076545482979526,6.589685935976426,60.18663765376925,6.560794,60.132294,Rv,13,,1706788862000,,0.0,1706792331000,1707054898000,1706828400000,1707130800000.0,1706785262000,1706788731000,1707051298000,Fare for jordskred,2024-02-02
110,46_RV13_S27,0.09534907212555906,32019.56171995023,6696112.9587078905,674234368,40c8ddeb-78db-4fe0-a2ff-05c97297f822_2,NPRA_HBT_01-02-2024.26220,2,"Rv. 13 Freim i Ullensvang, Vestland - rv. 13 Fresvik i Ullensvang, Vestland","Fare for jordskred, fare for stengt veg.
Åpent for fri ferdsel. Kan bli stengt på kort varsel.",,,skred,løsmasseskred,fare for løsmasseskred,RiskOf,1707134400000.0,1706832000000,6.5523006702737145,60.076545482979526,6.589685935976426,60.18663765376925,6.560794,60.132294,Rv,13,,1706788863000,,0.0,1706975570000,1707054899000,1706828400000,1707130800000.0,1706785263000,1706971970000,1707051299000,Fare for jordskred,2024-02-02
114,46_RV13_S26,0.5170189965201482,30810.517810162855,6686414.225590784,1391198208,e0ff118f-bcb4-4fe4-9568-213438ee12f0_1,NPRA_HBT_02-02-2024.27259,1,"Rv. 13 Vasstun i Ullensvang, Vestland - rv. 13 Lausasteintunnelen i Ullensvang, Vestland","Isnedfall, ett stengt kjørefelt.",,,,isnedfall,isnedfall,Certain,1706879357000.0,1706872157000,6.5543758931516525,60.054214247118246,6.564638471195314,60.033859019256525,6.5614734,60.04477,Rv,13,,1706868931000,,1.0,1706872185000,1706872185000,1706868557000,1706875757000.0,1706865331000,1706868585000,1706868585000,Isnedfall,2024-02-02
115,46_RV13_S26,0.5170189965201482,30810.517810162855,6686414.225590784,1391198208,e0ff118f-bcb4-4fe4-9568-213438ee12f0_2,NPRA_HBT_02-02-2024.27259,2,"Rv. 13 Vasstun i Ullensvang, Vestland - rv. 13 Lausasteintunnelen i Ullensvang, Vestland","Isnedfall, ett stengt kjørefelt.",,,,isnedfall,isnedfall,Certain,1706879357000.0,1706872157000,6.5543758931516525,60.054214247118246,6.564638471195314,60.033859019256525,6.5614734,60.04477,Rv,13,,1706868931000,,1.0,1706872185000,1706872185000,1706868557000,1706875757000.0,1706865331000,1706868585000,1706868585000,Isnedfall,2024-02-02
123,46_RV13_S20,0.3015468826580426,36363.72048884252,6650024.36554029,-2050752512,875342b1-5806-40fa-a3d7-b46797493cb1_1,NPRA_HBT_03-02-2024.28817,1,"Rv. 13 Nesflaten i Suldal, Rogaland - rv. 13 Hårajuvet i Ullensvang, Vestland","Fare for snøskred, vegen er stengt.",,,skred,snøskred,fare for snøskred,RiskOf,1707058800000.0,1706893200000,6.798116337979261,59.648906520926666,6.7728108895333765,59.808086203008436,6.7413034,59.727737,Rv,13,,1706982338000,,2.0,1706985337000,1707054643000,1706889600000,1707055200000.0,1706978738000,1706981737000,1707051043000,Fare for snøskred,2024-02-02
124,46_RV13_S20,0.3015468826580426,36363.72048884252,6650024.36554029,-2050752512,875342b1-5806-40fa-a3d7-b46797493cb1_2,NPRA_HBT_03-02-2024.28817,2,"Rv. 13 Nesflaten i Suldal, Rogaland - rv. 13 Hårajuvet i Ullensvang, Vestland","Fare for snøskred, vegen er stengt.",,,skred,snøskred,fare for snøskred,RiskOf,1707058800000.0,1706893200000,6.798116337979261,59.648906520926666,6.7728108895333765,59.808086203008436,6.7413034,59.727737,Rv,13,,1706982338000,,2.0,1706985337000,1707054643000,1706889600000,1707055200000.0,1706978738000,1706981737000,1707051043000,Fare for snøskred,2024-02-02
125,46_RV13_S36,0.2371040464187382,38632.6370287278,6769618.269133358,1532755968,6964c3b0-6943-455c-9f13-6e691d86259b_1,NPRA_HBT_02-02-2024.27799,1,"Rv. 13 Vinje i Voss, Vestland","Flom, to påvirkede kjørefelt.",,,flom,flom,flom,Certain,1706911347000.0,1706896947000,,,,,6.5085464,60.792683,Rv,13,,1706894131000,,2.0,1706896983000,1706897017000,1706893347000,1706907747000.0,1706890531000,1706893383000,1706893417000,Flom,2024-02-02
126,46_RV13_S36,0.2371040464187382,38632.6370287278,6769618.269133358,1532755968,6964c3b0-6943-455c-9f13-6e691d86259b_2,NPRA_HBT_02-02-2024.27799,2,"Rv. 13 Vinje i Voss, Vestland","Flom, to påvirkede kjørefelt.",,,flom,flom,flom,Certain,1706911347000.0,1706896947000,,,,,6.5085464,60.792683,Rv,13,,1706894137000,,2.0,1706897017000,1706897017000,1706893347000,1706907747000.0,1706890537000,1706893417000,1706893417000,Flom,2024-02-02
127,46_RV13_S48,0.05911588441645251,74396.31851485517,6811882.640611205,1611923456,6bf8c2ca-ffaf-4abd-bcba-d5feb57d7f32_1,NPRA_HBT_02-02-2024.28101,1,"Rv. 13 Bondeviki i Sogndal, Vestland",Isnedfall.,,,,isnedfall,isnedfall,Certain,1706917711000.0,1706910511000,,,,,7.065379,61.208355,Rv,13,,1706907632000,,0.0,1706910528000,1706910528000,1706906911000,1706914111000.0,1706904032000,1706906928000,1706906928000,Isnedfall,2024-02-02
128,46_RV13_S30,0.43884612643645166,42902.728071348974,6723114.710320114,1626865664,940005da-6451-4eff-b434-bb656af92951_1,NPRA_HBT_02-02-2024.28158,1,"Rv. 13 Krossanes i Ullensvang, Vestland","Steinskred/steinsprang, ett påvirket kjørefelt.",,,steinskred,steinskred,steinskred,Certain,1706925600000.0,1706916200000,,,,,6.693663,60.38451,Rv,13,,1706913032000,,1.0,1706916278000,1706922919000,1706912600000,1706922000000.0,1706909432000,1706912678000,1706919319000,Steinsprang,2024-02-02
129,46_RV13_S30,0.43884612643645166,42902.728071348974,6723114.710320114,1626865664,940005da-6451-4eff-b434-bb656af92951_2,NPRA_HBT_02-02-2024.28158,2,"Rv. 13 Krossanes i Ullensvang, Vestland","Steinskred/steinsprang, ett påvirket kjørefelt.",,,steinskred,steinskred,steinskred,Certain,1706925600000.0,1706916200000,,,,,6.693663,60.38451,Rv,13,,1706913032000,,1.0,1706916278000,1706922920000,1706912600000,1706922000000.0,1706909432000,1706912678000,1706919320000,Steinsprang,2024-02-02
130,46_RV13_S46,0.023800689405928797,61835.75383658189,6810981.706048276,2086141952,97400d9e-2b71-41b4-81ff-d030ddf30c5b_1,NPRA_HBT_03-02-2024.28214,1,"Rv. 13 Nybø i Sogndal, Vestland","Jordskred, to påvirkede kjørefelt.",,,løsmasseskred,løsmasseskred,løsmasseskred,Certain,1706990400000.0,1706928521000,,,,,6.836053,61.18651,Rv,13,,1706925637000,,2.0,1706928815000,1706975872000,1706924921000,1706986800000.0,1706922037000,1706925215000,1706972272000,Jordskred,2024-02-03
131,46_RV13_S46,0.023800689405928797,61835.75383658189,6810981.706048276,2086141952,97400d9e-2b71-41b4-81ff-d030ddf30c5b_2,NPRA_HBT_03-02-2024.28214,2,"Rv. 13 Nybø i Sogndal, Vestland","Jordskred, to påvirkede kjørefelt.",,,løsmasseskred,løsmasseskred,løsmasseskred,Certain,1706990400000.0,1706928521000,,,,,6.836053,61.18651,Rv,13,,1706925637000,,2.0,1706928815000,1706975872000,1706924921000,1706986800000.0,1706922037000,1706925215000,1706972272000,Jordskred,2024-02-03
132,46_RV13_S31,0.016208621137836034,46622.68386316503,6727379.204355818,2123628544,160e339d-0b17-45e7-9e75-aa00aa4576c1_1,NPRA_HBT_03-02-2024.28357,1,"Rv. 13 Flusko i Ullensvang, Vestland - rv. 13 Busnes i Eidfjord, Vestland",Isnedfall.,,,,isnedfall,isnedfall,Certain,1706959221000.0,1706952021000,6.724582677103733,60.38072565827451,6.820103325291296,60.46374493917174,6.7507896,60.426582,Rv,13,,1706949035000,,0.0,1706952156000,1706952156000,1706948421000,1706955621000.0,1706945435000,1706948556000,1706948556000,Isnedfall,2024-02-03
133,46_RV13_S48,0.1881992302802616,75433.60770984547,6812395.430072789,-2147221504,aabb42cb-59c8-47dd-b823-684926cf165d_1,NPRA_HBT_03-02-2024.28449,1,"Rv. 13 Stedjebergtunnelen i Sogndal, Vestland",Flom.,,,flom,flom,flom,Certain,1706966882000.0,1706959682000,7.099688016202579,61.219242960952464,7.067221784785604,61.2086357822134,7.083348,61.21404,Rv,13,,1706956236000,,0.0,1706959712000,1706959712000,1706956082000,1706963282000.0,1706952636000,1706956112000,1706956112000,Flom,2024-02-03
134,46_RV13_S26,0.1986441742887607,30742.066218940425,6684813.022459459,-2112618496,6fbe9626-9366-4878-b65e-df50f6f2b3ed_1,NPRA_HBT_03-02-2024.28581,1,"Rv. 13 Sandvin i Ullensvang, Vestland - rv. 13 Vasstun i Ullensvang, Vestland","Isnedfall, to påvirkede kjørefelt.",,,,isnedfall,isnedfall,Certain,1706983226000.0,1706968826000,6.558261685159588,60.00867056951017,6.557735717191436,60.05315757186716,6.5639114,60.03047,Rv,13,,1706966135000,,2.0,1706968849000,1706975994000,1706965226000,1706979626000.0,1706962535000,1706965249000,1706972394000,Isnedfall,2024-02-03
135,46_RV13_S26,0.1986441742887607,30742.066218940425,6684813.022459459,-2112618496,6fbe9626-9366-4878-b65e-df50f6f2b3ed_2,NPRA_HBT_03-02-2024.28581,2,"Rv. 13 Sandvin i Ullensvang, Vestland - rv. 13 Vasstun i Ullensvang, Vestland","Isnedfall, to påvirkede kjørefelt.",,,,isnedfall,isnedfall,Certain,1706983226000.0,1706968826000,6.558261685159588,60.00867056951017,6.557735717191436,60.05315757186716,6.5639114,60.03047,Rv,13,,1706968836000,,2.0,1706971525000,1706975994000,1706965226000,1706979626000.0,1706965236000,1706967925000,1706972394000,Isnedfall,2024-02-03
136,46_RV13_S32,0.2264012926688299,51688.31328450836,6732601.448427537,-2095579136,d2a4efda-1770-43ac-a117-470013a13164_1,NPRA_HBT_03-02-2024.28646,1,"Rv. 13 Hardangerbrua i Ulvik, Vestland","Sterk vind, fare for stengt veg.",,,uvær,uvær,uvær,Certain,1707026400000.0,1706973407000,,,,,6.8301325,60.47864,Rv,13,,1706970636000,,0.0,1706973508000,1706986842000,1706969807000,1707022800000.0,1706967036000,1706969908000,1706983242000,Uvær,2024-02-03
137,46_RV13_S32,0.2264012926688299,51688.31328450836,6732601.448427537,-2095579136,d2a4efda-1770-43ac-a117-470013a13164_2,NPRA_HBT_03-02-2024.28646,2,"Rv. 13 Hardangerbrua i Ulvik, Vestland","Sterk vind, fare for stengt veg.",,,uvær,uvær,uvær,Certain,1707026400000.0,1706973407000,,,,,6.8301325,60.47864,Rv,13,,1706984137000,,0.0,1706986842000,1706986842000,1706969807000,1707022800000.0,1706980537000,1706983242000,1706983242000,Uvær,2024-02-03
139,46_RV13_S31,0.20436237782175454,44017.29071673547,6724221.937855322,-1389363200,5c15b66a-4464-4a2f-8a04-25760db778dd_1,NPRA_HBT_04-02-2024.29644,1,"Rv. 13 Kyrkjenes i Ullensvang, Vestland","Isnedfall, ett stengt kjørefelt.",,,,isnedfall,isnedfall,Certain,1707088598000.0,1707081398000,,,,,6.7111516,60.395603,Rv,13,,1707078613000,,1.0,1707081418000,1707081451000,1707077798000,1707084998000.0,1707075013000,1707077818000,1707077851000,Isnedfall,2024-02-04
140,46_RV13_S31,0.20436237782175454,44017.29071673547,6724221.937855322,-1389363200,5c15b66a-4464-4a2f-8a04-25760db778dd_2,NPRA_HBT_04-02-2024.29644,2,"Rv. 13 Kyrkjenes i Ullensvang, Vestland","Isnedfall, ett stengt kjørefelt.",,,,isnedfall,isnedfall,Certain,1707088598000.0,1707081398000,,,,,6.7111516,60.395603,Rv,13,,1707078613000,,1.0,1707081451000,1707081451000,1707077798000,1707084998000.0,1707075013000,1707077851000,1707077851000,Isnedfall,2024-02-04
141,46_RV13_S32,0.11091486904024019,51696.65386824019,6732583.528745706,-1872756736,5cc557ce-203c-47f3-ae33-14edada9922d_1,NPRA_HBT_10-02-2024.34008,1,"Rv. 13 Hardangerbrua i Ulvik/Eidfjord, Vestland","Sterk vind, fare for stengt veg.
Brua stenger og åpner automatisk ut fra vindforholdene.",,,uvær,uvær,uvær,Certain,1707631200000.0,1707558649000,6.823856120609264,60.48377145782033,6.836791862242444,60.47318852151293,6.830323,60.47849,Rv,13,,1707555630000,,0.0,1707558814000,1707605609000,1707555049000,1707627600000.0,1707552030000,1707555214000,1707602009000,Uvær,2024-02-10
142,46_RV13_S32,0.11091486904024019,51696.65386824019,6732583.528745706,-1872756736,5cc557ce-203c-47f3-ae33-14edada9922d_2,NPRA_HBT_10-02-2024.34008,2,"Rv. 13 Hardangerbrua i Ulvik/Eidfjord, Vestland","Sterk vind, fare for stengt veg.
Brua stenger og åpner automatisk ut fra vindforholdene.",,,uvær,uvær,uvær,Certain,1707631200000.0,1707558649000,6.823856120609264,60.48377145782033,6.836791862242444,60.47318852151293,6.830323,60.47849,Rv,13,,1707555630000,,0.0,1707558814000,1707605609000,1707555049000,1707627600000.0,1707552030000,1707555214000,1707602009000,Uvær,2024-02-10
143,46_RV13_S28,0.02498823241827772,33888.179482372536,6700471.311821097,-1240203264,14718770-0b98-4f64-968b-4302b6ffe478_1,NPRA_HBT_11-02-2024.34725,1,"Rv. 13 Fresviktunnelen i Ullensvang, Vestland",Fare for isnedfall.,,,skred,isnedfall,fare for isnedfall,RiskOf,1707686759000.0,1707672359000,6.588323265559971,60.18261146480447,6.57672578289313,60.16415586758087,6.584108,60.173138,Rv,13,,1707669055000,,0.0,1707672587000,1707680958000,1707668759000,1707683159000.0,1707665455000,1707668987000,1707677358000,Fare for isnedfall,2024-02-11
145,46_RV13_S38,0.06285484287303976,39592.8254031447,6788660.117725509,619970560,c41b270c-92a6-4e26-80a1-6f57786c4ead_1,NPRA_HBT_14-02-2024.36733,1,"Rv. 13 Vikafjellet i Voss/Vik, Vestland","Snøskred, vegen er stengt.
Ny vurdering 14.02.2024 15:00.",,,snøskred,snøskred,snøskred,Certain,1707922800000.0,1707879702000,6.540066713982508,61.00921058233126,6.485748652779133,60.901530400763754,6.480722,60.962875,Rv,13,,1707886832000,,1.0,1707890387000,1707908138000,1707876102000,1707919200000.0,1707883232000,1707886787000,1707904538000,Snøskred,2024-02-14
146,46_RV13_S38,0.06285484287303976,39592.8254031447,6788660.117725509,619970560,c41b270c-92a6-4e26-80a1-6f57786c4ead_2,NPRA_HBT_14-02-2024.36733,2,"Rv. 13 Vikafjellet i Voss/Vik, Vestland","Snøskred, vegen er stengt.
Ny vurdering 14.02.2024 15:00.",,,snøskred,snøskred,snøskred,Certain,1707922800000.0,1707879702000,6.540066713982508,61.00921058233126,6.485748652779133,60.901530400763754,6.480722,60.962875,Rv,13,,1707886832000,,1.0,1707890387000,1707908138000,1707876102000,1707919200000.0,1707883232000,1707886787000,1707904538000,Snøskred,2024-02-14
147,46_RV13_S39,0.012763379241244478,43340.20250294742,6791548.709582297,636485632,1e1f85af-a8c4-4e65-a77e-93064f5654df_1,NPRA_HBT_14-02-2024.36796,1,"Rv. 13 Vikafjellet i Voss/Vik, Vestland",Snøskred.,,,snøskred,snøskred,snøskred,Certain,1707912000000.0,1707893379000,,,,,6.542312,60.992867,Rv,13,,1707891332000,,0.0,1707894328000,1707894328000,1707889779000,1707908400000.0,1707887732000,1707890728000,1707890728000,Snøskred,2024-02-14
152,46_RV13_S26,0.4834652541173589,30272.76824143564,6684045.031613023,2087976960,a5f2e77e-7bc3-46ca-891a-b48969a8c1be_1,NPRA_HBT_16-02-2024.38941,1,"Rv. 13 Espeflot i Ullensvang, Vestland","Isnedfall, ett påvirket kjørefelt.",,,,isnedfall,isnedfall,Certain,1708101912000.0,1708098312000,,,,,6.557334,60.023113,Rv,13,,1708095613000,,1.0,1708098343000,1708098343000,1708094712000,1708098312000.0,1708092013000,1708094743000,1708094743000,Isnedfall,2024-02-16
153,46_RV13_S26,0.4834652541173589,30272.76824143564,6684045.031613023,2087976960,a5f2e77e-7bc3-46ca-891a-b48969a8c1be_2,NPRA_HBT_16-02-2024.38941,2,"Rv. 13 Espeflot i Ullensvang, Vestland","Isnedfall, ett påvirket kjørefelt.",,,,isnedfall,isnedfall,Certain,1708101912000.0,1708098312000,,,,,6.557334,60.023113,Rv,13,,1708095613000,,1.0,1708098343000,1708098343000,1708094712000,1708098312000.0,1708092013000,1708094743000,1708094743000,Isnedfall,2024-02-16
157,46_RV13_S27,0.19539914942992961,32908.106144700374,6698196.422536268,-436731904,73eb8178-0c12-4de8-9343-952cb01393fb_1,NPRA_HBT_19-02-2024.40606,1,"Rv. 13 Teigen i Ullensvang, Vestland","Steinskred/steinsprang, ett stengt kjørefelt.",,,steinskred,steinskred,steinskred,Certain,1708358400000.0,1708339715000,,,,,6.571848,60.151814,Rv,13,,1708336863000,,1.0,1708339751000,1708350488000,1708336115000,1708354800000.0,1708333263000,1708336151000,1708346888000,Steinsprang,2024-02-19
158,46_RV13_S27,0.19539914942992961,32908.106144700374,6698196.422536268,-436731904,73eb8178-0c12-4de8-9343-952cb01393fb_2,NPRA_HBT_19-02-2024.40606,2,"Rv. 13 Teigen i Ullensvang, Vestland","Steinskred/steinsprang, ett stengt kjørefelt.",,,steinskred,steinskred,steinskred,Certain,1708358400000.0,1708339715000,,,,,6.571848,60.151814,Rv,13,,1708336863000,,1.0,1708339751000,1708350488000,1708336115000,1708354800000.0,1708333263000,1708336151000,1708346888000,Steinsprang,2024-02-19
159,46_RV13_S38,0.06285484287303976,39592.8254031447,6788660.117725509,-382992384,25d64091-73dc-4b13-9305-df8676c2e7eb_1,NPRA_HBT_19-02-2024.40811,1,"Rv. 13 Vikafjellet i Voss/Vik, Vestland","Snøskred.
Fjellet åpner for fri ferdsel kl 17:30",,,snøskred,snøskred,snøskred,Certain,1708363800000.0,1708354859000,6.540066713982508,61.00921058233126,6.485748652779133,60.901530400763754,6.480722,60.962875,Rv,13,,1708352164000,,0.0,1708354888000,1708363512000,1708351259000,1708360200000.0,1708348564000,1708351288000,1708359912000,Snøskred,2024-02-19
160,46_RV13_S38,0.06285484287303976,39592.8254031447,6788660.117725509,-382992384,25d64091-73dc-4b13-9305-df8676c2e7eb_2,NPRA_HBT_19-02-2024.40811,2,"Rv. 13 Vikafjellet i Voss/Vik, Vestland","Snøskred, vegen er stengt.
Fjellet åpner for fri ferdsel kl 17:30",,,snøskred,snøskred,snøskred,Certain,1708363800000.0,1708354859000,6.540066713982508,61.00921058233126,6.485748652779133,60.901530400763754,6.480722,60.962875,Rv,13,,1708352165000,,1.0,1708354891000,1708362718000,1708351259000,1708360200000.0,1708348565000,1708351291000,1708359118000,Snøskred,2024-02-19
161,46_RV13_S27,0.1958766036845285,32908.20406314114,6698196.747712294,-376700928,ddc771b2-1e99-4a40-a986-d7cfe1cf65c2_1,NPRA_HBT_19-02-2024.40835,1,"Rv. 13 Skarvabjørgtunnelen i Ullensvang, Vestland","Steinskred/steinsprang, vegen er stengt.
Stengt. Ny vurdering kl 11:00",,,steinskred,steinskred,steinskred,Certain,1708430400000.0,1708356480000,,,,,6.571849,60.151817,Rv,13,,1708353063000,,2.0,1708356580000,1708422800000,1708352880000,1708426800000.0,1708349463000,1708352980000,1708419200000,Steinsprang,2024-02-19
162,46_RV13_S27,0.1958766036845285,32908.20406314114,6698196.747712294,-376700928,ddc771b2-1e99-4a40-a986-d7cfe1cf65c2_2,NPRA_HBT_19-02-2024.40835,2,"Rv. 13 Skarvabjørgtunnelen i Ullensvang, Vestland","Steinskred/steinsprang, vegen er stengt.
Stengt. Ny vurdering kl 11:00",,,steinskred,steinskred,steinskred,Certain,1708430400000.0,1708356480000,,,,,6.571849,60.151817,Rv,13,,1708410653000,,2.0,1708413400000,1708422802000,1708352880000,1708426800000.0,1708407053000,1708409800000,1708419202000,Steinsprang,2024-02-19
163,46_RV13_S27,0.00595475263036595,32833.565721102175,6698113.568944032,840957952,bc613508-5ffe-4ffb-aff6-d299ec43c146_1,NPRA_HBT_21-02-2024.42088,1,"Rv. 13 Skarvabjørgtunnelen i Ullensvang, Vestland - rv. 13 Teigen i Ullensvang, Vestland",Fare for isnedfall.,,,skred,isnedfall,fare for isnedfall,RiskOf,1708514841000.0,1708500441000,6.570154531122453,60.14781165610562,6.572240241739335,60.15405250679175,6.5707097,60.150993,Rv,13,,1708497939000,,0.0,1708500692000,1708500807000,1708496841000,1708511241000.0,1708494339000,1708497092000,1708497207000,Fare for isnedfall,2024-02-21
164,46_RV13_S36,0.6942804545230985,38337.861546563334,6770418.781969103,934805504,5b74e1a9-36db-42c0-9986-e63549a95a17_1,NPRA_HBT_21-02-2024.42446,1,"Rv. 13 Ulvundsøy i Voss, Vestland - rv. 13 Djupgrov i Voss, Vestland","Isnedfall, ett påvirket kjørefelt.",,,,isnedfall,isnedfall,Certain,1708538231000.0,1708523831000,6.499879484320703,60.80041861019416,6.503125344406142,60.79864858802074,6.501294,60.79945,Rv,13,,1708520439000,,1.0,1708523977000,1708523981000,1708520231000,1708534631000.0,1708516839000,1708520377000,1708520381000,Isnedfall,2024-02-21
165,46_RV13_S36,0.6942804545230985,38337.861546563334,6770418.781969103,934805504,5b74e1a9-36db-42c0-9986-e63549a95a17_2,NPRA_HBT_21-02-2024.42446,2,"Rv. 13 Ulvundsøy i Voss, Vestland - rv. 13 Djupgrov i Voss, Vestland","Isnedfall, ett påvirket kjørefelt.",,,,isnedfall,isnedfall,Certain,1708538231000.0,1708523831000,6.499879484320703,60.80041861019416,6.503125344406142,60.79864858802074,6.501294,60.79945,Rv,13,,1708520439000,,1.0,1708523981000,1708523981000,1708520231000,1708534631000.0,1708516839000,1708520381000,1708520381000,Isnedfall,2024-02-21
166,46_RV13_S38,0.06285484287303976,39592.8254031447,6788660.117725509,1000603648,4820e3e8-c5d4-4e7b-8452-4b4899835199_1,NPRA_HBT_21-02-2024.42697,1,"Rv. 13 Vikafjellet i Voss/Vik, Vestland","Uvær, fare for kolonnekjøring.",,,uvær,uvær,uvær,Certain,1708588800000.0,1708547619000,6.540066713982508,61.00921058233126,6.485748652779133,60.901530400763754,6.480722,60.962875,Rv,13,,1708544741000,,0.0,1708547682000,1708547682000,1708544019000,1708585200000.0,1708541141000,1708544082000,1708544082000,Uvær,2024-02-21
167,46_RV13_S38,0.06285484287303976,39592.8254031447,6788660.117725509,1000603648,4820e3e8-c5d4-4e7b-8452-4b4899835199_2,NPRA_HBT_21-02-2024.42697,2,"Rv. 13 Vikafjellet i Voss/Vik, Vestland","Uvær, fare for kolonnekjøring.",,,uvær,uvær,uvær,Certain,1708588800000.0,1708547619000,6.540066713982508,61.00921058233126,6.485748652779133,60.901530400763754,6.480722,60.962875,Rv,13,,1708544742000,,0.0,1708547682000,1708547682000,1708544019000,1708585200000.0,1708541142000,1708544082000,1708544082000,Uvær,2024-02-21
168,46_RV13_S38,0.06285484287303976,39592.8254031447,6788660.117725509,1000603648,4820e3e8-c5d4-4e7b-8452-4b4899835199_4,NPRA_HBT_21-02-2024.42697,4,"Rv. 13 Vikafjellet i Voss/Vik, Vestland","Uvær.|Bruk kjetting, gjelder for totalvekt større enn 7,5 tonn.",,,uvær,uvær,uvær,Certain,1708603200000.0,1708547619000,6.540066713982508,61.00921058233126,6.485748652779133,60.901530400763754,6.480722,60.962875,Rv,13,,1708571768000,,0.0,1708574536000,1708588381000,1708544019000,1708599600000.0,1708568168000,1708570936000,1708584781000,Uvær,2024-02-21
169,46_RV13_S38,0.06285484287303976,39592.8254031447,6788660.117725509,1000603648,e964bc93-10b9-4a95-a93e-2db50e0fddbf_3,NPRA_HBT_21-02-2024.42697,3,"Rv. 13 Vikafjellet i Voss/Vik, Vestland","Uvær.|Bruk kjetting, gjelder for totalvekt større enn 7,5 tonn.",,,uvær,uvær,uvær,Certain,1708603200000.0,1708547619000,6.540066713982508,61.00921058233126,6.485748652779133,60.901530400763754,6.480722,60.962875,Rv,13,,1708571768000,,0.0,1708549547000,1708588381000,1708544019000,1708599600000.0,1708568168000,1708545947000,1708584781000,Uvær,2024-02-21
171,46_RV13_S20,0.24538078706799504,36405.1495743937,6650280.24304064,1597243392,2fe33f09-c0f2-41d0-8f8a-c151991cb514_1,NPRA_HBT_22-02-2024.43277,1,"Rv. 13 Nesflaten - Røldal i Ullensvang, Vestland - rv. 13 Hellerslia i Ullensvang, Vestland",Isnedfall.,,,,isnedfall,isnedfall,Certain,1708618629000.0,1708611429000,6.752979102821229,59.73699168291427,6.729151869347975,59.72441080893328,6.741468,59.730057,Rv,13,,1708608667000,,0.0,1708611643000,1708611643000,1708607829000,1708615029000.0,1708605067000,1708608043000,1708608043000,Isnedfall,2024-02-22
172,46_RV13_S28,0.08584472186467722,35253.4988004496,6703962.9886892205,1607991296,f5b7bbe0-e2f2-4d05-8f2b-740532bc7807_1,NPRA_HBT_22-02-2024.43318,1,"Rv. 13 Espe i Ullensvang, Vestland",Steinskred/steinsprang.,,,steinskred,steinskred,steinskred,Certain,1708628820000.0,1708614420000,,,,,6.6004744,60.205708,Rv,13,,1708612267000,,0.0,1708615369000,1708621130000,1708610820000,1708625220000.0,1708608667000,1708611769000,1708617530000,Steinsprang,2024-02-22
173,46_RV13_S38,0.06285484287303976,39592.8254031447,6788660.117725509,1635516416,aba1cc02-b681-41a9-a74d-258c28f14531_1,NPRA_HBT_22-02-2024.43423,1,"Rv. 13 Vikafjellet i Voss/Vik, Vestland","Uvær, fare for kolonnekjøring.",,,uvær,uvær,uvær,Certain,1708642800000.0,1708624189000,6.540066713982508,61.00921058233126,6.485748652779133,60.901530400763754,6.480722,60.962875,Rv,13,,1708621267000,,0.0,1708624234000,1708624234000,1708620589000,1708639200000.0,1708617667000,1708620634000,1708620634000,Uvær,2024-02-22
174,46_RV13_S38,0.06285484287303976,39592.8254031447,6788660.117725509,1635516416,aba1cc02-b681-41a9-a74d-258c28f14531_2,NPRA_HBT_22-02-2024.43423,2,"Rv. 13 Vikafjellet i Voss/Vik, Vestland","Uvær, fare for kolonnekjøring.",,,uvær,uvær,uvær,Certain,1708642800000.0,1708624189000,6.540066713982508,61.00921058233126,6.485748652779133,60.901530400763754,6.480722,60.962875,Rv,13,,1708621267000,,0.0,1708624234000,1708624234000,1708620589000,1708639200000.0,1708617667000,1708620634000,1708620634000,Uvær,2024-02-22
176,46_RV13_S27,0.4194113339937729,32509.94428771001,6696814.3669106085,-2144075776,da832fb6-be11-4b82-aff2-e4916468af3e_1,NPRA_HBT_23-02-2024.43693,1,"Rv. 13 Tyssedal i Ullensvang, Vestland - rv. 13 Mjøstølsvik i Ullensvang, Vestland","Isnedfall, ett påvirket kjørefelt.",,,,isnedfall,isnedfall,Certain,1708676145000.0,1708668945000,6.559457566018258,60.116840129942155,6.57709066221053,60.160312421476696,6.56792,60.139084,Rv,13,,1708666264000,,1.0,1708669086000,1708669086000,1708665345000,1708672545000.0,1708662664000,1708665486000,1708665486000,Isnedfall,2024-02-23
177,46_RV13_S27,0.4194113339937729,32509.94428771001,6696814.3669106085,-2144075776,da832fb6-be11-4b82-aff2-e4916468af3e_2,NPRA_HBT_23-02-2024.43693,2,"Rv. 13 Tyssedal i Ullensvang, Vestland - rv. 13 Mjøstølsvik i Ullensvang, Vestland","Isnedfall, ett påvirket kjørefelt.",,,,isnedfall,isnedfall,Certain,1708676145000.0,1708668945000,6.559457566018258,60.116840129942155,6.57709066221053,60.160312421476696,6.56792,60.139084,Rv,13,,1708666264000,,1.0,1708669086000,1708669086000,1708665345000,1708672545000.0,1708662664000,1708665486000,1708665486000,Isnedfall,2024-02-23
179,46_RV13_S25,0.44270804409028147,30588.361649582454,6676062.243159212,-1962934272,60e76a73-0273-48cf-97f1-3b1b52b08afb_1,NPRA_HBT_23-02-2024.44384,1,"Rv. 13 Lauvstakkdalen i Ullensvang, Vestland",Steinskred/steinsprang.,,,steinskred,steinskred,steinskred,Certain,1708727807000.0,1708713407000,,,,,6.581092,59.952568,Rv,13,,1708710364000,,0.0,1708713463000,1708720705000,1708709807000,1708724207000.0,1708706764000,1708709863000,1708717105000,Steinsprang,2024-02-23
180,46_RV13_S38,0.06285484287303976,39592.8254031447,6788660.117725509,-2059927552,255e2a98-9825-4383-b08a-87d63d04b055_3,NPRA_HBT_23-02-2024.44014,3,"Rv. 13 Vikafjellet i Voss/Vik, Vestland","Uvær, fare for kolonnekjøring.|Bruk kjetting, gjelder for totalvekt større enn 7,5 tonn.",,,uvær,uvær,uvær,Certain,1708797600000.0,1708725600000,6.540066713982508,61.00921058233126,6.485748652779133,60.901530400763754,6.480722,60.962875,Rv,13,,1708722067000,,0.0,1708724746000,1708771482000,1708722000000,1708794000000.0,1708718467000,1708721146000,1708767882000,Uvær,2024-02-23
181,46_RV13_S38,0.06285484287303976,39592.8254031447,6788660.117725509,-2059927552,fa265673-fae3-48a4-805e-bdc14fd820a2_1,NPRA_HBT_23-02-2024.44014,1,"Rv. 13 Vikafjellet i Voss/Vik, Vestland","Uvær, fare for kolonnekjøring.|Bruk kjetting, gjelder for totalvekt større enn 7,5 tonn.",,,uvær,uvær,uvær,Certain,1708797600000.0,1708725600000,6.540066713982508,61.00921058233126,6.485748652779133,60.901530400763754,6.480722,60.962875,Rv,13,,1708687867000,,0.0,1708701727000,1708771481000,1708722000000,1708794000000.0,1708684267000,1708698127000,1708767881000,Uvær,2024-02-23
182,46_RV13_S38,0.06285484287303976,39592.8254031447,6788660.117725509,-2059927552,fa265673-fae3-48a4-805e-bdc14fd820a2_2,NPRA_HBT_23-02-2024.44014,2,"Rv. 13 Vikafjellet i Voss/Vik, Vestland","Uvær, fare for kolonnekjøring.|Bruk kjetting, gjelder for totalvekt større enn 7,5 tonn.",,,uvær,uvær,uvær,Certain,1708797600000.0,1708725600000,6.540066713982508,61.00921058233126,6.485748652779133,60.901530400763754,6.480722,60.962875,Rv,13,,1708687867000,,0.0,1708724746000,1708771481000,1708722000000,1708794000000.0,1708684267000,1708721146000,1708767881000,Uvær,2024-02-23
183,46_RV13_S25,0.021287333748387424,30779.61497010244,6674231.418079812,-1458569216,a7b645b9-c55e-4b57-9728-0c22fcdb5a47_1,NPRA_HBT_24-02-2024.44612,1,"Rv. 13 Steinaberg i Ullensvang, Vestland","Isnedfall, vegen er stengt.",,,,isnedfall,isnedfall,Certain,1708746710000.0,1708739510000,,,,,6.588629,59.936523,Rv,13,,1708736438000,,2.0,1708739636000,1708739636000,1708735910000,1708743110000.0,1708732838000,1708736036000,1708736036000,Isnedfall,2024-02-24
184,46_RV13_S25,0.021287333748387424,30779.61497010244,6674231.418079812,-1458569216,a7b645b9-c55e-4b57-9728-0c22fcdb5a47_2,NPRA_HBT_24-02-2024.44612,2,"Rv. 13 Steinaberg i Ullensvang, Vestland","Isnedfall, vegen er stengt.",,,,isnedfall,isnedfall,Certain,1708746710000.0,1708739510000,,,,,6.588629,59.936523,Rv,13,,1708736438000,,2.0,1708739636000,1708739636000,1708735910000,1708743110000.0,1708732838000,1708736036000,1708736036000,Isnedfall,2024-02-24
185,46_RV13_S20,0.10979220874648073,38771.46956607688,6652359.213708015,-1390411776,79e8c3fd-8425-4a16-851c-260b1a1bdacd_1,NPRA_HBT_24-02-2024.44872,1,"Rv. 13 Nesflaten - Røldal i Ullensvang, Vestland","Isnedfall, to påvirkede kjørefelt.",,,,isnedfall,isnedfall,Certain,1708790376000.0,1708783176000,,,,,6.77855,59.751163,Rv,13,,1708780536000,,2.0,1708783241000,1708783241000,1708779576000,1708786776000.0,1708776936000,1708779641000,1708779641000,Isnedfall,2024-02-24
186,46_RV13_S20,0.10979220874648073,38771.46956607688,6652359.213708015,-1390411776,79e8c3fd-8425-4a16-851c-260b1a1bdacd_2,NPRA_HBT_24-02-2024.44872,2,"Rv. 13 Nesflaten - Røldal i Ullensvang, Vestland","Isnedfall, to påvirkede kjørefelt.",,,,isnedfall,isnedfall,Certain,1708790376000.0,1708783176000,,,,,6.77855,59.751163,Rv,13,,1708780536000,,2.0,1708783241000,1708783241000,1708779576000,1708786776000.0,1708776936000,1708779641000,1708779641000,Isnedfall,2024-02-24
187,46_RV13_S48,0.5449838609054363,70710.97608857625,6808573.361027056,-847773696,2f138615-0458-48b5-8697-861c687d214c_1,NPRA_HBT_25-02-2024.45246,1,"Rv. 13 Buviki i Sogndal, Vestland",Steinskred/steinsprang.,,,steinskred,steinskred,steinskred,Certain,1708864275000.0,1708857075000,,,,,7.0049624,61.174915,Rv,13,,1708854343000,,0.0,1708857117000,1708857117000,1708853475000,1708860675000.0,1708850743000,1708853517000,1708853517000,Steinsprang,2024-02-25
188,46_RV13_S48,0.020753185079548476,71859.60525607859,6810239.476769376,-847511552,29ea2277-96ca-45a5-877c-e570eaf84371_1,NPRA_HBT_25-02-2024.45247,1,"Rv. 13 Fardal i Sogndal, Vestland","Steinskred/steinsprang, ett påvirket kjørefelt.",,,steinskred,steinskred,steinskred,Certain,1708872175000.0,1708857775000,,,,,7.0223436,61.190983,Rv,13,,1708855243000,,1.0,1708857947000,1708857947000,1708854175000,1708868575000.0,1708851643000,1708854347000,1708854347000,Steinsprang,2024-02-25
189,46_RV13_S48,0.020753185079548476,71859.60525607859,6810239.476769376,-847511552,29ea2277-96ca-45a5-877c-e570eaf84371_2,NPRA_HBT_25-02-2024.45247,2,"Rv. 13 Fardal i Sogndal, Vestland","Steinskred/steinsprang, ett påvirket kjørefelt.",,,steinskred,steinskred,steinskred,Certain,1708872175000.0,1708857775000,,,,,7.0223436,61.190983,Rv,13,,1708855243000,,1.0,1708857947000,1708857947000,1708854175000,1708868575000.0,1708851643000,1708854347000,1708854347000,Steinsprang,2024-02-25
190,46_RV13_S20,993.3277580339759,36401.565328673285,6646106.543273308,-788791296,30aef1ab-4a92-4014-a043-7699d4ed1d78_1,NPRA_HBT_25-02-2024.45471,1,"Rv. 13 Forenuten i Suldal, Rogaland","Snøskred, to påvirkede kjørefelt.",,,snøskred,snøskred,snøskred,Certain,1708904055000.0,1708889655000,,,,,6.750601,59.692963,Rv,13,,1708886743000,,2.0,1708889821000,1708896344000,1708886055000,1708900455000.0,1708883143000,1708886221000,1708892744000,Snøskred,2024-02-25
191,46_RV13_S20,993.3277580339759,36401.565328673285,6646106.543273308,-788791296,30aef1ab-4a92-4014-a043-7699d4ed1d78_2,NPRA_HBT_25-02-2024.45471,2,"Rv. 13 Forenuten i Suldal, Rogaland","Snøskred, to påvirkede kjørefelt.",,,snøskred,snøskred,snøskred,Certain,1708904055000.0,1708889655000,,,,,6.750601,59.692963,Rv,13,,1708886743000,,2.0,1708889821000,1708896344000,1708886055000,1708900455000.0,1708883143000,1708886221000,1708892744000,Snøskred,2024-02-25
193,46_RV13_S20,0.5804078320001885,35949.80463977833,6647391.609036731,-769916928,68c6224c-458f-460b-9add-f8b1136d773e_1,NPRA_HBT_25-02-2024.45543,1,"Rv. 13 Sellandsvik i Ullensvang, Vestland",Snøskred.,,,snøskred,snøskred,snøskred,Certain,1708908625000.0,1708901425000,,,,,6.7398276,59.70388,Rv,13,,1708898443000,,0.0,1708901474000,1708901474000,1708897825000,1708905025000.0,1708894843000,1708897874000,1708897874000,Snøskred,2024-02-25
194,46_RV13_S38,0.06285484287303976,39592.8254031447,6788660.117725509,319553536,cf584e05-d71b-45c2-97cf-a4456b3f4bd1_1,NPRA_HBT_27-02-2024.46307,1,"Rv. 13 Vikafjellet i Voss/Vik, Vestland","Uvær, vegen er stengt.
Oppryddingsarbeid. Styrt trafikkavvikling fra kl 17:00",,,uvær,uvær,uvær,Certain,1709548200000.0,1709019560000,6.540066713982508,61.00921058233126,6.485748652779133,60.901530400763754,6.480722,60.962875,Rv,13,,1709016357000,,1.0,1709043419000,1709471481000,1709015960000,1709544600000.0,1709012757000,1709039819000,1709467881000,Uvær,2024-02-27
195,46_RV13_S38,0.06285484287303976,39592.8254031447,6788660.117725509,319553536,cf584e05-d71b-45c2-97cf-a4456b3f4bd1_2,NPRA_HBT_27-02-2024.46307,2,"Rv. 13 Vikafjellet i Voss/Vik, Vestland","Uvær, vegen er stengt.
Oppryddingsarbeid. Styrt trafikkavvikling fra kl 17:00",,,uvær,uvær,uvær,Certain,1709548200000.0,1709019560000,6.540066713982508,61.00921058233126,6.485748652779133,60.901530400763754,6.480722,60.962875,Rv,13,,1709016357000,,1.0,1709043419000,1709471481000,1709015960000,1709544600000.0,1709012757000,1709039819000,1709467881000,Uvær,2024-02-27
196,46_RV13_S27,0.3980251809889714,33305.181030744396,6699246.045748313,417333248,dbbdb1af-6cad-4f61-b426-288a862167ef_1,NPRA_HBT_27-02-2024.46680,1,"Rv. 13 Skjelvik III i Ullensvang, Vestland",Trær/Busker.,,,,nedfalne trær,nedfalne trær,Certain,1709059951000.0,1709052751000,,,,,6.5765204,60.16159,Rv,13,,1709049656000,,0.0,1709052768000,1709052768000,1709049151000,1709056351000.0,1709046056000,1709049168000,1709049168000,Trefall,2024-02-27
199,46_RV13_S36,0.9025902256811388,36655.11684285669,6774016.989280619,1663041536,2f29a18c-7e65-4db7-94fa-1bee12553778_1,NPRA_HBT_29-02-2024.48040,1,"Rv. 13 Grimshaugen i Voss, Vestland",Flom.,,,flom,flom,flom,Certain,1709312639000.0,1709226239000,,,,,6.4621496,60.829445,Rv,13,,1709223319000,,0.0,1709226256000,1709226256000,1709222639000,1709309039000.0,1709219719000,1709222656000,1709222656000,Flom,2024-02-29
200,46_RV13_S20,0.25214982339827324,36854.777715102595,6650811.980700431,1692401664,22b77616-addb-4b83-aa41-30b56e77774a_1,NPRA_HBT_29-02-2024.48152,1,"Rv. 13 Nesflaten - Røldal i Ullensvang, Vestland",Isnedfall.,,,,isnedfall,isnedfall,Certain,1709245755000.0,1709238555000,,,,,6.748209,59.735283,Rv,13,,1709235919000,,0.0,1709238772000,1709238772000,1709234955000,1709242155000.0,1709232319000,1709235172000,1709235172000,Isnedfall,2024-02-29
201,46_RV13_S25,0.05355639858632434,30528.416114085994,6676493.791338891,-625999872,bc87e084-ae5e-46dc-95e0-61653b650b1e_1,NPRA_HBT_01-03-2024.48268,1,"Rv. 13 Lauvstakkdalen i Ullensvang, Vestland",Isnedfall.,,,,isnedfall,isnedfall,Certain,1709279240000.0,1709272040000,,,,,6.579051,59.956333,Rv,13,,1709269253000,,0.0,1709272085000,1709272085000,1709268440000,1709275640000.0,1709265653000,1709268485000,1709268485000,Isnedfall,2024-03-01
202,46_RV13_S20,0.048125045038371894,39347.77327393234,6652881.4224282475,-571998208,1462f783-3c4f-4fcc-b7be-b567d3ba00f8_1,NPRA_HBT_01-03-2024.48474,1,"Rv. 13 Ørenes i Ullensvang, Vestland",Isnedfall.,,,,isnedfall,isnedfall,Certain,1709306360000.0,1709291960000,,,,,6.7875533,59.756443,Rv,13,,1709289052000,,0.0,1709292045000,1709292045000,1709288360000,1709302760000.0,1709285452000,1709288445000,1709288445000,Isnedfall,2024-03-01
203,46_RV13_S25,0.012159285980448254,30674.058256174263,6675571.56199227,-503316480,8fd05254-43f9-42ee-b487-fc6ccacbcca7_1,NPRA_HBT_01-03-2024.48736,1,"Rv. 13 Låtefoss i Ullensvang, Vestland",Isnedfall.,,,,isnedfall,isnedfall,Certain,1709318697000.0,1709311497000,,,,,6.5837226,59.948307,Rv,13,,1709308855000,,0.0,1709311538000,1709311538000,1709307897000,1709315097000.0,1709305255000,1709307938000,1709307938000,Isnedfall,2024-03-01
206,46_RV13_S20,0.5092698300958831,37348.327906225575,6650945.650243594,33292288,601c3b2c-2ffc-4a70-be4b-0a87f960206a_1,NPRA_HBT_02-03-2024.49087,1,"Rv. 13 Botna i Ullensvang, Vestland - rv. 13 Nesflaten - Røldal i Ullensvang, Vestland","Isnedfall, to påvirkede kjørefelt.",,,,isnedfall,isnedfall,Certain,1709401035000.0,1709386635000,6.786023653467849,59.75075893628547,6.728478582501342,59.72373942365133,6.7566023,59.73702,Rv,13,,1709386212000,,2.0,1709389735000,1709389735000,1709383035000,1709397435000.0,1709382612000,1709386135000,1709386135000,Isnedfall,2024-03-02
207,46_RV13_S20,0.5092698300958831,37348.327906225575,6650945.650243594,33292288,601c3b2c-2ffc-4a70-be4b-0a87f960206a_2,NPRA_HBT_02-03-2024.49087,2,"Rv. 13 Botna i Ullensvang, Vestland - rv. 13 Nesflaten - Røldal i Ullensvang, Vestland","Isnedfall, to påvirkede kjørefelt.",,,,isnedfall,isnedfall,Certain,1709401035000.0,1709386635000,6.786023653467849,59.75075893628547,6.728478582501342,59.72373942365133,6.7566023,59.73702,Rv,13,,1709386212000,,2.0,1709389735000,1709389735000,1709383035000,1709397435000.0,1709382612000,1709386135000,1709386135000,Isnedfall,2024-03-02
208,46_RV13_S25,0.14948170516291884,30350.774833149742,6673536.20492824,51380224,cee93596-98b6-4037-b394-62fef5486750_1,NPRA_HBT_02-03-2024.49156,1,"Rv. 13 Kløvet i Ullensvang, Vestland - rv. 13 Steinaberg II i Ullensvang, Vestland",Steinskred/steinsprang.,,,steinskred,steinskred,steinskred,Certain,1709409503000.0,1709395103000,6.5749873535407595,59.92841697715971,6.587020444558933,59.93505073543943,6.582614,59.92986,Rv,13,,1709391614000,,0.0,1709395183000,1709395183000,1709391503000,1709405903000.0,1709388014000,1709391583000,1709391583000,Steinsprang,2024-03-02
209,46_RV13_S36,0.36086197604127884,37410.16221034614,6771665.476771559,573833216,d1807722-947c-4abb-9909-9132dd017fa7_1,NPRA_HBT_03-03-2024.49453,1,"Rv. 13 Fiskhammaren i Voss, Vestland",Isnedfall.,,,,isnedfall,isnedfall,Certain,1709483793000.0,1709476593000,,,,,6.481475,60.809444,Rv,13,,1709473556000,,0.0,1709476609000,1709476609000,1709472993000,1709480193000.0,1709469956000,1709473009000,1709473009000,Isnedfall,2024-03-03
210,46_RV13_S25,0.1881873428765552,30542.816550922405,6676191.016790465,1196687360,07039e02-9fb6-4ec2-989d-762216218abc_1,NPRA_HBT_04-03-2024.50133,1,"Rv. 13 Lauvstakkdalen i Ullensvang, Vestland",Isnedfall.,,,,isnedfall,isnedfall,Certain,1709585682000.0,1709571282000,,,,,6.5799932,59.95366,Rv,13,,1709568067000,,0.0,1709571331000,1709577747000,1709567682000,1709582082000.0,1709564467000,1709567731000,1709574147000,Isnedfall,2024-03-04
211,46_RV13_S20,0.15827412970345453,39320.27271653962,6653052.728377949,1221853184,e75aff0c-a378-445e-837d-9976cf1977b7_1,NPRA_HBT_04-03-2024.50229,1,"Rv. 13 Nesflaten - Røldal i Ullensvang, Vestland - rv. 13 Horda i Ullensvang, Vestland",Isnedfall.,,,,isnedfall,isnedfall,Certain,1709596455000.0,1709582055000,6.727612156902074,59.72069910936075,6.772493308519961,59.810893819027996,6.7866926,59.757935,Rv,13,,1709578868000,,0.0,1709582078000,1709588859000,1709578455000,1709592855000.0,1709575268000,1709578478000,1709585259000,Isnedfall,2024-03-04
212,46_RV13_S36,0.4526168702458027,38499.95003716956,6770106.752560224,1825832960,3e91c7cc-108d-4ca0-96e4-be887de825dd_1,NPRA_HBT_05-03-2024.50837,1,"Rv. 13 Vinje i Voss, Vestland",Isnedfall.,,,,isnedfall,isnedfall,Certain,1709682033000.0,1709674833000,,,,,6.5049787,60.796867,Rv,13,,1709671535000,,0.0,1709674965000,1709674965000,1709671233000,1709678433000.0,1709667935000,1709671365000,1709671365000,Isnedfall,2024-03-05
213,46_RV13_S20,0.036077394196683536,38516.78454411001,6652141.66290671,-1673265152,979b3c73-73f6-4b0d-8e54-160faee90acb_1,NPRA_HBT_14-03-2024.54993,1,"Rv. 13 Nesflaten - Røldal i Ullensvang, Vestland",Isnedfall.,,,,isnedfall,isnedfall,Certain,1710435600000.0,1710428567000,6.770438786815035,59.804033502350904,6.740936134529903,59.705863798313096,6.774543,59.748947,Rv,13,,1710425711000,,0.0,1710428671000,1710428671000,1710424967000,1710432000000.0,1710422111000,1710425071000,1710425071000,Isnedfall,2024-03-14
214,46_RV13_S25,0.17431636245182489,29905.055504156975,6673371.525924549,-1665662976,eb7f8de0-b4bd-42cf-a9ad-221fd89defbc_1,NPRA_HBT_14-03-2024.55022,1,"Rv. 13 Kløvet i Ullensvang, Vestland",Isnedfall.,,,,isnedfall,isnedfall,Certain,1710437269000.0,1710430069000,,,,,6.5750995,59.92789,Rv,13,,1710426612000,,0.0,1710430106000,1710430106000,1710426469000,1710433669000.0,1710423012000,1710426506000,1710426506000,Isnedfall,2024-03-14
216,46_RV13_S25,0.07027883958013846,30679.289185914793,6675468.782306557,-1641021440,71f0aa1e-0b83-4b6d-b632-bdfdae3ce4dd_1,NPRA_HBT_14-03-2024.55116,1,"Rv. 13 Låtefoss i Ullensvang, Vestland","Isnedfall, ett påvirket kjørefelt.",,,,isnedfall,isnedfall,Certain,1710445397000.0,1710438197000,,,,,6.5840483,59.9474,Rv,13,,1710435610000,,1.0,1710438502000,1710438502000,1710434597000,1710441797000.0,1710432010000,1710434902000,1710434902000,Isnedfall,2024-03-14
217,46_RV13_S25,0.07027883958013846,30679.289185914793,6675468.782306557,-1641021440,71f0aa1e-0b83-4b6d-b632-bdfdae3ce4dd_2,NPRA_HBT_14-03-2024.55116,2,"Rv. 13 Låtefoss i Ullensvang, Vestland","Isnedfall, ett påvirket kjørefelt.",,,,isnedfall,isnedfall,Certain,1710445397000.0,1710438197000,,,,,6.5840483,59.9474,Rv,13,,1710435613000,,1.0,1710438502000,1710438502000,1710434597000,1710441797000.0,1710432013000,1710434902000,1710434902000,Isnedfall,2024-03-14
218,46_RV13_S25,0.16758418641384706,30716.440393392637,6674639.945729987,-1097596928,10e5bc07-2621-41b4-9aab-468cfba8420b_1,NPRA_HBT_15-03-2024.55493,1,"Rv. 13 Skarsmoen 15 i ULLENSVANG, Vestland - rv. 13 Låtefoss i Ullensvang, Vestland",Steinskred/steinsprang.,,,steinskred,steinskred,steinskred,Certain,1710504191000.0,1710496991000,6.58677153493514,59.933192979883444,6.584022530639022,59.94768501559602,6.586585,59.94008,Rv,13,,1710494164000,,0.0,1710497117000,1710497121000,1710493391000,1710500591000.0,1710490564000,1710493517000,1710493521000,Steinsprang,2024-03-15
219,46_RV13_S20,0.4176378649141975,39387.88229747064,6652386.295469098,-1077673984,469c7d97-c4c6-4b5e-b5c4-0e6e957990b0_1,NPRA_HBT_15-03-2024.55569,1,"Rv. 13 Nesflaten - Røldal i Ullensvang, Vestland",Isnedfall.,,,,isnedfall,isnedfall,Certain,1710518685000.0,1710504285000,,,,,6.789347,59.752087,Rv,13,,1710501364000,,0.0,1710504434000,1710511411000,1710500685000,1710515085000.0,1710497764000,1710500834000,1710507811000,Isnedfall,2024-03-15
220,46_RV13_S20,0.32301938421643056,36358.23005785892,6650121.042443498,-419430400,fc720c6e-08e0-4fba-ae8e-b56e1a4fb04e_1,NPRA_HBT_16-03-2024.56384,1,"Rv. 13 Nesflaten - Røldal i Ullensvang, Vestland",Isnedfall.,,,,isnedfall,isnedfall,Certain,1710608400000.0,1710594000000,,,,,6.7409935,59.72859,Rv,13,,1710591334000,,0.0,1710594210000,1710601595000,1710590400000,1710604800000.0,1710587734000,1710590610000,1710597995000,Isnedfall,2024-03-16
222,46_RV13_S36,0.15531637510850674,37198.674282267166,6771948.347054025,-378535936,8c86b381-5ac4-459e-b487-60cf40652302_1,NPRA_HBT_16-03-2024.56540,1,"Rv. 13 Ulvund i Voss, Vestland",Isnedfall.,,,,isnedfall,isnedfall,Certain,1710619141000.0,1710604741000,,,,,6.4769583,60.81171,Rv,13,,1710602136000,,0.0,1710604847000,1710611447000,1710601141000,1710615541000.0,1710598536000,1710601247000,1710607847000,Isnedfall,2024-03-16
223,46_RV13_S39,0.013923158113987671,44322.62692213233,6796665.50850691,1305477120,46bc8793-7a76-4006-a0b6-4d2bdc37c19f_1,NPRA_HBT_19-03-2024.57876,1,"Rv. 13 Tistel i Vik, Vestland - rv. 13 Klypeseggi i Vik, Vestland",Snøskred.,,,snøskred,snøskred,snøskred,Certain,1710867851000.0,1710839051000,6.561447246430141,61.05598045102108,6.543154670572548,61.02302909644386,6.548114,61.03944,Rv,13,,1710836116000,,0.0,1710839606000,1710850460000,1710835451000,1710864251000.0,1710832516000,1710836006000,1710846860000,Snøskred,2024-03-19
224,46_RV13_S25,0.07067274224818995,30634.095854691695,6673897.10997184,1998848000,b30cf58b-7c7f-4ac9-8a97-4f1112733032_1,NPRA_HBT_20-03-2024.58825,1,"Rv. 13 Kløvet i Ullensvang, Vestland - rv. 13 Låtefoss i Ullensvang, Vestland, i retning mot Voss",Isnedfall.,,,,isnedfall,isnedfall,Certain,1710968889000.0,1710961689000,6.574594450898635,59.92556358406233,6.584051154195919,59.947223432937214,6.5868106,59.933388,Rv,13,,1710958510000,,0.0,1710961720000,1710961720000,1710958089000,1710965289000.0,1710954910000,1710958120000,1710958120000,Isnedfall,2024-03-20
225,46_RV13_S36,0.6431727691900994,37503.77827727818,6771624.067166067,2011168768,f4cd1e82-e9e3-4499-a353-f353500c8f0a_1,NPRA_HBT_20-03-2024.58872,1,"Rv. 13 Fiskhammaren i Voss, Vestland",Isnedfall.,,,,isnedfall,isnedfall,Certain,1710977197000.0,1710969997000,,,,,6.483275,60.809185,Rv,13,,1710966611000,,0.0,1710970018000,1710970018000,1710966397000,1710973597000.0,1710963011000,1710966418000,1710966418000,Isnedfall,2024-03-20
226,46_RV13_S38,0.06285484287303976,39592.8254031447,6788660.117725509,1350041600,ee97dc87-9010-4666-ad87-b44938c5ba57_1,NPRA_HBT_19-03-2024.58046,1,"Rv. 13 Vikafjellet i Voss/Vik, Vestland","Uvær, vegen er stengt.
Åpner med styrt trafikkavvikling 23.03.2024 17:00.",,,uvær,uvær,uvær,Certain,1711213200000.0,1711030200000,6.540066713982508,61.00921058233126,6.485748652779133,60.901530400763754,6.480722,60.962875,Rv,13,,1710866716000,,1.0,1711036769000,1711209461000,1711026600000,1711209600000.0,1710863116000,1711033169000,1711205861000,Uvær,2024-03-21
227,46_RV13_S38,0.06285484287303976,39592.8254031447,6788660.117725509,1350041600,ee97dc87-9010-4666-ad87-b44938c5ba57_2,NPRA_HBT_19-03-2024.58046,2,"Rv. 13 Vikafjellet i Voss/Vik, Vestland","Uvær, vegen er stengt.
Åpner med styrt trafikkavvikling 23.03.2024 17:00.",,,uvær,uvær,uvær,Certain,1711213200000.0,1711030200000,6.540066713982508,61.00921058233126,6.485748652779133,60.901530400763754,6.480722,60.962875,Rv,13,,1710866717000,,1.0,1711036769000,1711210880000,1711026600000,1711209600000.0,1710863117000,1711033169000,1711207280000,Uvær,2024-03-21
229,46_RV13_S36,0.6003316415392037,37162.58612057305,6772022.896855289,-1073741824,716c3594-a0a7-44ad-b8db-1d503c50212b_1,NPRA_HBT_22-03-2024.60096,1,"Rv. 13 Merkesgrovi i Voss, Vestland, i retning mot Dragsvik","Isnedfall, ett påvirket kjørefelt.",,,,isnedfall,isnedfall,Certain,1711139977000.0,1711125577000,,,,,6.476125,60.81233,Rv,13,,1711123238000,,1.0,1711125937000,1711132354000,1711121977000,1711136377000.0,1711119638000,1711122337000,1711128754000,Isnedfall,2024-03-22
230,46_RV13_S36,0.6003316415392037,37162.58612057305,6772022.896855289,-1073741824,716c3594-a0a7-44ad-b8db-1d503c50212b_2,NPRA_HBT_22-03-2024.60096,2,"Rv. 13 Merkesgrovi i Voss, Vestland, i retning mot Dragsvik","Isnedfall, ett påvirket kjørefelt.",,,,isnedfall,isnedfall,Certain,1711139977000.0,1711125577000,,,,,6.476125,60.81233,Rv,13,,1711123238000,,1.0,1711125937000,1711132354000,1711121977000,1711136377000.0,1711119638000,1711122337000,1711128754000,Isnedfall,2024-03-22
237,46_RV13_S35,0.6460900804878755,37523.8763797314,6749981.209358778,6291456,6dab7f60-2ab6-4bdd-8250-8705419101f7_1,NPRA_HBT_24-03-2024.60824,1,"Rv. 13 Bjørgabrui i Voss, Vestland","Steinskred/steinsprang, to påvirkede kjørefelt.",,,steinskred,steinskred,steinskred,Certain,1711336184000.0,1711321784000,,,,,6.5347123,60.617023,Rv,13,,1711318548000,,2.0,1711321961000,1711321961000,1711318184000,1711332584000.0,1711314948000,1711318361000,1711318361000,Steinsprang,2024-03-24
238,46_RV13_S35,0.6460900804878755,37523.8763797314,6749981.209358778,6291456,6dab7f60-2ab6-4bdd-8250-8705419101f7_2,NPRA_HBT_24-03-2024.60824,2,"Rv. 13 Bjørgabrui i Voss, Vestland","Steinskred/steinsprang, to påvirkede kjørefelt.",,,steinskred,steinskred,steinskred,Certain,1711336184000.0,1711321784000,,,,,6.5347123,60.617023,Rv,13,,1711318548000,,2.0,1711321961000,1711321961000,1711318184000,1711332584000.0,1711314948000,1711318361000,1711318361000,Steinsprang,2024-03-24
239,46_RV13_S33,0.5977366903313707,47319.66641635314,6742045.653397671,538181632,92a8f6a2-c1ca-4d3c-964d-d5d305ceb087_1,NPRA_HBT_25-03-2024.61157,1,"Rv. 13 Seim i Voss, Vestland - rv. 13 Granvin i Voss, Vestland, i retning mot Voss",Steinskred/steinsprang.,,,steinskred,steinskred,steinskred,Certain,1711386749000.0,1711379549000,6.694025739987239,60.57287195442996,6.733879136600658,60.53505305739408,6.729971,60.557682,Rv,13,,1711377022000,,0.0,1711380099000,1711380181000,1711375949000,1711383149000.0,1711373422000,1711376499000,1711376581000,Steinsprang,2024-03-25
240,46_RV13_S37,0.31122863383525656,38448.434543023875,6781925.087918294,-2122317824,d0d94741-787a-4205-b4d2-0fe433ab3a38_1,NPRA_HBT_28-03-2024.62304,1,"Rv. 13 Hola i Voss, Vestland","Isnedfall, ett stengt kjørefelt.",,,,isnedfall,isnedfall,Certain,1711641600000.0,1711636646000,,,,,6.4759355,60.901745,Rv,13,,1711633532000,,1.0,1711636796000,1711636796000,1711633046000,1711638000000.0,1711629932000,1711633196000,1711633196000,Isnedfall,2024-03-28
241,46_RV13_S37,0.31122863383525656,38448.434543023875,6781925.087918294,-2122317824,d0d94741-787a-4205-b4d2-0fe433ab3a38_2,NPRA_HBT_28-03-2024.62304,2,"Rv. 13 Hola i Voss, Vestland","Isnedfall, ett stengt kjørefelt.",,,,isnedfall,isnedfall,Certain,1711641600000.0,1711636646000,,,,,6.4759355,60.901745,Rv,13,,1711633532000,,1.0,1711636796000,1711636796000,1711633046000,1711638000000.0,1711629932000,1711633196000,1711633196000,Isnedfall,2024-03-28
242,46_RV13_S37,0.3241447830170947,38124.175701591594,6781926.68515166,-1585709056,066fed71-b049-4472-8c51-0fd26d29b7f9_1,NPRA_HBT_29-03-2024.62655,1,"Rv. 13 Vikafjellet i Voss/Vik, Vestland",Isnedfall.,,,,isnedfall,isnedfall,Certain,1711758625000.0,1711751425000,,,,,6.470021,60.901382,Rv,13,,1711748731000,,0.0,1711751607000,1711751665000,1711747825000,1711755025000.0,1711745131000,1711748007000,1711748065000,Isnedfall,2024-03-29
243,46_RV13_S27,0.29522935277248075,32712.65524450189,6696928.257343812,-1130627072,fc2feec6-2ef0-4012-8005-4087fc1632a0_1,NPRA_HBT_30-03-2024.62695,1,"Rv. 13 Stana i Ullensvang, Vestland",Steinskred/steinsprang.,,,steinskred,steinskred,steinskred,Certain,1711794021000.0,1711786821000,,,,,6.5712695,60.140327,Rv,13,,1711783842000,,0.0,1711787021000,1711787021000,1711783221000,1711790421000.0,1711780242000,1711783421000,1711783421000,Steinsprang,2024-03-30
244,46_RV13_S36,0.11687200838838262,38642.38903070142,6769667.3376509035,-1095761920,af0f2eb9-e092-41c6-8c50-ec4ffe174f11_1,NPRA_HBT_30-03-2024.62828,1,"Rv. 13 Vinje i Voss, Vestland",Isnedfall.,,,,isnedfall,isnedfall,Certain,1711837233000.0,1711830033000,,,,,6.5086074,60.79313,Rv,13,,1711827041000,,0.0,1711830368000,1711830368000,1711826433000,1711833633000.0,1711823441000,1711826768000,1711826768000,Isnedfall,2024-03-30
245,46_RV13_S20,0.02176186156854595,37557.67132450093,6651125.719514952,-619970560,fc5b36ca-fcb5-4e43-8192-810aaeddc161_1,NPRA_HBT_31-03-2024.62947,1,"Rv. 13 Nesflaten - Røldal i Ullensvang, Vestland - rv. 13 Nesflaten - Røldal i Ullensvang, Vestland",Isnedfall.,,,,isnedfall,isnedfall,Certain,1711889824000.0,1711882624000,6.789761140039799,59.7524183306445,6.731431650844691,59.725307265803885,6.759891,59.738853,Rv,13,,1711875632000,,0.0,1711882716000,1711882716000,1711875424000,1711882624000.0,1711868432000,1711875516000,1711875516000,Isnedfall,2024-03-31
246,46_RV13_S37,0.10855289660927601,38553.30462547002,6781945.255938295,1084751872,3a74cc13-8942-446b-b87b-f209193d3ee8_1,NPRA_HBT_02-04-2024.63722,1,"Rv. 13 Hola i Voss, Vestland","Snøskred, vegen er stengt.",,,snøskred,snøskred,snøskred,Certain,1712066906000.0,1712052506000,,,,,6.477799,60.902046,Rv,13,,1712045761000,,2.0,1712052629000,1712052747000,1712045306000,1712059706000.0,1712038561000,1712045429000,1712045547000,Snøskred,2024-04-02
247,46_RV13_S37,0.10855289660927601,38553.30462547002,6781945.255938295,1084751872,3a74cc13-8942-446b-b87b-f209193d3ee8_2,NPRA_HBT_02-04-2024.63722,2,"Rv. 13 Hola i Voss, Vestland","Snøskred, vegen er stengt.",,,snøskred,snøskred,snøskred,Certain,1712066906000.0,1712052506000,,,,,6.477799,60.902046,Rv,13,,1712045761000,,2.0,1712052747000,1712052747000,1712045306000,1712059706000.0,1712038561000,1712045547000,1712045547000,Snøskred,2024-04-02
248,46_RV13_S27,0.419428411409839,32815.89678676688,6697225.504160251,-227803136,dcdba0b9-3793-4826-b4e9-0acad81199dd_1,NPRA_HBT_07-04-2024.66619,1,"Rv. 13 Orri i Ullensvang, Vestland",Steinskred/steinsprang.,,,steinskred,steinskred,steinskred,Certain,1712516658000.0,1712509458000,,,,,6.572428,60.143085,Rv,13,,1712502923000,,0.0,1712509481000,1712509481000,1712502258000,1712509458000.0,1712495723000,1712502281000,1712502281000,Steinsprang,2024-04-07
249,46_RV13_S36,0.1357637131611829,38454.32166106126,6770245.027361661,-208404480,257133f0-afb2-472e-907f-b10b3d0b3970_1,NPRA_HBT_07-04-2024.66693,1,"Rv. 13 Vinje i Voss, Vestland - rv. 13 Myrkdalstunnelen i Voss, Vestland",Isnedfall.,,,,isnedfall,isnedfall,Certain,1712536660000.0,1712522260000,6.5084049368644425,60.79232764351845,6.499482287369004,60.80357718314213,6.503822,60.798042,Rv,13,,1712515524000,,0.0,1712522324000,1712522324000,1712515060000,1712529460000.0,1712508324000,1712515124000,1712515124000,Isnedfall,2024-04-07
250,46_RV13_S26,0.06770539435771461,30691.46753589966,6684602.230709628,953942016,99750b12-d0d4-46f9-abb8-e10448409c2f_1,NPRA_HBT_09-04-2024.67735,1,"Rv. 13 Tjødnadal i Ullensvang, Vestland",Steinskred/steinsprang.,,,steinskred,steinskred,steinskred,Certain,1712663926000.0,1712656726000,,,,,6.563494,60.02854,Rv,13,,1712650534000,,0.0,1712656835000,1712656835000,1712649526000,1712656726000.0,1712643334000,1712649635000,1712649635000,Steinsprang,2024-04-09
251,46_RV13_S38,0.20706221162179939,39879.40064724913,6788872.063326735,1513619456,96e712e1-d402-4376-9a67-3417d0bacb3f_1,NPRA_HBT_10-04-2024.68174,1,"Rv. 13 Vikafjellet i Voss/Vik, Vestland","Snøskred, vegen er stengt.",,,snøskred,snøskred,snøskred,Certain,1712750400000.0,1712724751000,,,,,6.4854493,60.96509,Rv,13,,1712718040000,,2.0,1712725029000,1712742773000,1712717551000,1712743200000.0,1712710840000,1712717829000,1712735573000,Snøskred,2024-04-10
252,46_RV13_S38,0.20706221162179939,39879.40064724913,6788872.063326735,1513619456,96e712e1-d402-4376-9a67-3417d0bacb3f_2,NPRA_HBT_10-04-2024.68174,2,"Rv. 13 Vikafjellet i Voss/Vik, Vestland","Snøskred, vegen er stengt.",,,snøskred,snøskred,snøskred,Certain,1712750400000.0,1712724751000,,,,,6.4854493,60.96509,Rv,13,,1712718040000,,2.0,1712725029000,1712742773000,1712717551000,1712743200000.0,1712710840000,1712717829000,1712735573000,Snøskred,2024-04-10
254,46_RV13_S27,0.21158111105054506,32906.89921525627,6698191.398657835,-2051276800,38b35f52-16dd-45bc-a9df-a53427918cfe_1,NPRA_HBT_11-04-2024.69263,1,"Rv. 13 Skarvabjørgtunnelen i Ullensvang, Vestland",Trær/Busker.,,,,nedfalne trær,nedfalne trær,Certain,1712857422000.0,1712843022000,,,,,6.571838,60.151768,Rv,13,,1712836813000,,0.0,1712843118000,1712843118000,1712835822000,1712850222000.0,1712829613000,1712835918000,1712835918000,Trefall,2024-04-11
255,46_RV13_S36,0.16116478958517572,38446.470057028404,6770268.799957507,-2014314496,29cf7015-aaa4-4aa3-bb36-fd9274408a40_1,NPRA_HBT_11-04-2024.69404,1,"Rv. 13 Vinje i Voss, Vestland - rv. 13 Myrkdalstunnelen i Voss, Vestland",Isnedfall.,,,,isnedfall,isnedfall,Certain,1712862575000.0,1712855375000,6.508527478157722,60.7926251842085,6.499467495155304,60.803722139550366,6.503623,60.798244,Rv,13,,1712848511000,,0.0,1712855447000,1712855447000,1712848175000,1712855375000.0,1712841311000,1712848247000,1712848247000,Isnedfall,2024-04-11
256,46_RV13_S36,0.4913789800069189,38278.40472147253,6770728.919331209,-2005925888,e6e86474-08be-47f7-92f2-ce9b308fca3c_1,NPRA_HBT_11-04-2024.69436,1,"Rv. 13 Ulvundsøy i Voss, Vestland","Isnedfall, ett stengt kjørefelt.",,,,isnedfall,isnedfall,Certain,1712873441000.0,1712859041000,,,,,6.4994783,60.802135,Rv,13,,1712853012000,,1.0,1712859281000,1712866847000,1712851841000,1712866241000.0,1712845812000,1712852081000,1712859647000,Isnedfall,2024-04-11
257,46_RV13_S36,0.4913789800069189,38278.40472147253,6770728.919331209,-2005925888,e6e86474-08be-47f7-92f2-ce9b308fca3c_2,NPRA_HBT_11-04-2024.69436,2,"Rv. 13 Ulvundsøy i Voss, Vestland","Isnedfall, ett stengt kjørefelt.",,,,isnedfall,isnedfall,Certain,1712873441000.0,1712859041000,,,,,6.4994783,60.802135,Rv,13,,1712853012000,,1.0,1712859281000,1712866848000,1712851841000,1712866241000.0,1712845812000,1712852081000,1712859648000,Isnedfall,2024-04-11
258,46_RV13_S25,0.1338887276707477,30380.38668497547,6678317.128403275,-881328128,41d76c0b-f073-4292-b44b-b61168ed071d_1,NPRA_HBT_13-04-2024.70334,1,"Rv. 13 Storemyr i Ullensvang, Vestland - rv. 13 Hildal i Ullensvang, Vestland",Trær/Busker.,,,,nedfalne trær,nedfalne trær,Certain,1713017537000.0,1713003137000,6.5812525710173,59.95243431467013,6.565842016700737,59.99196601911509,6.572287,59.97236,Rv,13,,1712996135000,,0.0,1713003267000,1713003267000,1712995937000,1713010337000.0,1712988935000,1712996067000,1712996067000,Trefall,2024-04-13
259,46_RV13_S36,0.09562363240185447,38513.66085837904,6770069.828458597,-828637184,249c7244-09da-44d3-b8e5-914b4dafb5e9_1,NPRA_HBT_13-04-2024.70535,1,"Rv. 13 Djupgrov i Voss, Vestland","Isnedfall, ett påvirket kjørefelt.",,,,isnedfall,isnedfall,Certain,1713048395000.0,1713041195000,,,,,6.5053153,60.796555,Rv,13,,1713034835000,,1.0,1713041236000,1713041236000,1713033995000,1713041195000.0,1713027635000,1713034036000,1713034036000,Isnedfall,2024-04-13
260,46_RV13_S36,0.09562363240185447,38513.66085837904,6770069.828458597,-828637184,249c7244-09da-44d3-b8e5-914b4dafb5e9_2,NPRA_HBT_13-04-2024.70535,2,"Rv. 13 Djupgrov i Voss, Vestland","Isnedfall, ett påvirket kjørefelt.",,,,isnedfall,isnedfall,Certain,1713048395000.0,1713041195000,,,,,6.5053153,60.796555,Rv,13,,1713034835000,,1.0,1713041236000,1713041236000,1713033995000,1713041195000.0,1713027635000,1713034036000,1713034036000,Isnedfall,2024-04-13
261,46_RV13_S36,0.07083371944868404,38271.441533858015,6770591.86973122,199753728,78f22792-ca61-43c7-a2f4-51e2930f57c7_1,NPRA_HBT_15-04-2024.71066,1,"Rv. 13 Ulvundsøy i Voss, Vestland",Isnedfall.,,,,isnedfall,isnedfall,Certain,1713178407000.0,1713171207000,,,,,6.4996767,60.80091,Rv,13,,1713164459000,,0.0,1713171537000,1713171537000,1713164007000,1713171207000.0,1713157259000,1713164337000,1713164337000,Isnedfall,2024-04-15
262,46_RV13_S36,0.3237476244792221,37371.58569603972,6771699.353158076,284688384,44c534be-d3d6-4b12-b453-cd2af844e3ad_1,NPRA_HBT_15-04-2024.71390,1,"Rv. 13 Vinje i Voss, Vestland - rv. 13 Flisram i Voss, Vestland","Isnedfall, ett stengt kjørefelt.",,,,isnedfall,isnedfall,Certain,1713208929000.0,1713201729000,6.508423054345345,60.792369597443,6.461741729353461,60.830314384222625,6.4806933,60.8097,Rv,13,,1713195059000,,1.0,1713201768000,1713201768000,1713194529000,1713201729000.0,1713187859000,1713194568000,1713194568000,Isnedfall,2024-04-15
263,46_RV13_S36,0.3237476244792221,37371.58569603972,6771699.353158076,284688384,44c534be-d3d6-4b12-b453-cd2af844e3ad_2,NPRA_HBT_15-04-2024.71390,2,"Rv. 13 Vinje i Voss, Vestland - rv. 13 Flisram i Voss, Vestland","Isnedfall, ett stengt kjørefelt.",,,,isnedfall,isnedfall,Certain,1713208929000.0,1713201729000,6.508423054345345,60.792369597443,6.461741729353461,60.830314384222625,6.4806933,60.8097,Rv,13,,1713195059000,,1.0,1713201768000,1713201768000,1713194529000,1713201729000.0,1713187859000,1713194568000,1713194568000,Isnedfall,2024-04-15
264,46_RV13_S25,0.7647388701343633,30499.22448210977,6676658.974233867,-1132199936,18ce96d7-6825-4075-9288-4af370e7264a_1,NPRA_HBT_20-04-2024.73889,1,"Rv. 13 Gjuvet i Ullensvang, Vestland",Trær/Busker.,,,,nedfalne trær,nedfalne trær,Certain,1713627743000.0,1713620543000,,,,,6.578159,59.957767,Rv,13,,1713613547000,,0.0,1713620579000,1713620579000,1713613343000,1713620543000.0,1713606347000,1713613379000,1713613379000,Trefall,2024-04-20
265,46_RV13_S36,0.6311053683959571,38284.456478744454,6770775.429681182,470548480,b45e9940-cbdd-4c80-b190-82bc3cb75285_1,NPRA_HBT_23-04-2024.74915,1,"Rv. 13 Ulvundsøy i Voss, Vestland",Isnedfall.,,,,isnedfall,isnedfall,Certain,1713866400000.0,1713857515000,,,,,6.499478,60.802555,Rv,13,,1713851131000,,0.0,1713857576000,1713858629000,1713850315000,1713859200000.0,1713843931000,1713850376000,1713851429000,Isnedfall,2024-04-23
266,46_RV13_S28,0.11732928925281122,35895.82127772953,6706076.886455307,1141374976,d1281362-5388-4b2c-b476-441d01982aeb_1,NPRA_HBT_24-04-2024.75778,1,"Rv. 13 Segelgjerd i Ullensvang, Vestland","Steinskred/steinsprang, ett stengt kjørefelt.",,,steinskred,steinskred,steinskred,Certain,1713978814000.0,1713971614000,,,,,6.607107,60.225216,Rv,13,,1713964565000,,1.0,1713971701000,1713971799000,1713964414000,1713971614000.0,1713957365000,1713964501000,1713964599000,Steinsprang,2024-04-24
267,46_RV13_S28,0.11732928925281122,35895.82127772953,6706076.886455307,1141374976,d1281362-5388-4b2c-b476-441d01982aeb_2,NPRA_HBT_24-04-2024.75778,2,"Rv. 13 Segelgjerd i Ullensvang, Vestland","Steinskred/steinsprang, ett stengt kjørefelt.",,,steinskred,steinskred,steinskred,Certain,1713978814000.0,1713971614000,,,,,6.607107,60.225216,Rv,13,,1713965465000,,1.0,1713971799000,1713971799000,1713964414000,1713971614000.0,1713958265000,1713964599000,1713964599000,Steinsprang,2024-04-24
268,46_RV13_S34,0.04617687673123809,44571.157775613654,6745220.878317831,-1266679808,5bed6c40-ef7b-4f8c-a62d-c71072d373b9_1,NPRA_HBT_03-05-2024.80064,1,"Rv. 13 Øvre Seim i Voss, Vestland - rv. 13 Klyve i Voss, Vestland",Steinskred/steinsprang.,,,steinskred,steinskred,steinskred,Certain,1714766619000.0,1714759419000,6.685100249573049,60.575462134140786,6.653757993339076,60.58603647486663,6.673073,60.58279,Rv,13,,1714752916000,,0.0,1714759664000,1714759664000,1714752219000,1714759419000.0,1714745716000,1714752464000,1714752464000,Steinsprang,2024-05-03
269,46_RV13_S38,0.06285484287303976,39592.8254031447,6788660.117725509,-740294656,047d0110-5f85-44f0-9643-43971dd92139_1,NPRA_HBT_04-05-2024.80376,1,"Rv. 13 Vikafjellet i Voss/Vik, Vestland","Snøskred, vegen er stengt.",,,snøskred,snøskred,snøskred,Certain,1714865331000.0,1714850931000,6.540066713982508,61.00921058233126,6.485748652779133,60.901530400763754,6.480722,60.962875,Rv,13,,1714843845000,,1.0,1714850966000,1714852031000,1714843731000,1714858131000.0,1714836645000,1714843766000,1714844831000,Snøskred,2024-05-04
270,46_RV13_S38,0.06285484287303976,39592.8254031447,6788660.117725509,-740294656,047d0110-5f85-44f0-9643-43971dd92139_2,NPRA_HBT_04-05-2024.80376,2,"Rv. 13 Vikafjellet i Voss/Vik, Vestland","Snøskred, vegen er stengt.",,,snøskred,snøskred,snøskred,Certain,1714865331000.0,1714850931000,6.540066713982508,61.00921058233126,6.485748652779133,60.901530400763754,6.480722,60.962875,Rv,13,,1714843846000,,1.0,1714851377000,1714852032000,1714843731000,1714858131000.0,1714836646000,1714844177000,1714844832000,Snøskred,2024-05-04
274,46_RV13_S25,0.04405727516041342,30695.865169457975,6674703.372324218,-104071168,a8e1ae20-f090-417a-b3d8-c92d702fb144_1,NPRA_HBT_13-05-2024.83923,1,"Rv. 13 Espelandsfossen i Ullensvang, Vestland - rv. 13 Steinaberg i Ullensvang, Vestland",Steinskred/steinsprang.,,,steinskred,steinskred,steinskred,Certain,1715596631000.0,1715582231000,6.58421899864614,59.94461799350063,6.5885816108388955,59.936736828808584,6.586077,59.94062,Rv,13,,1715575522000,,0.0,1715582269000,1715582287000,1715575031000,1715589431000.0,1715568322000,1715575069000,1715575087000,Steinsprang,2024-05-13
279,46_RV13_S35,0.6384275888170695,32819.59982612904,6752629.821949672,-3932160,5caf91a3-6353-4289-9028-b2d32aecb8c1_1,NPRA_HBT_28-05-2024.91633,1,"Rv. 13 Tvildemoen i Voss, Vestland",Trær/Busker.,,,,nedfalne trær,nedfalne trær,Certain,1716880784000.0,1716873584000,,,,,6.4434476,60.635094,Rv,13,,1716867044000,,0.0,1716873691000,1716873691000,1716866384000,1716873584000.0,1716859844000,1716866491000,1716866491000,Trefall,2024-05-28
280,46_RV13_S36,0.362635047541261,37183.271227911464,6775483.479310626,-1210056704,28630a7b-25af-4ff4-b9f7-b3724caa6494_1,NPRA_HBT_01-06-2024.94296,1,"Rv. 13 Myrkdalen i Voss, Vestland",Steinskred/steinsprang.,,,steinskred,steinskred,steinskred,Certain,1717213767000.0,1717206567000,,,,,6.4682612,60.84308,Rv,13,,1717200026000,,0.0,1717206885000,1717206895000,1717199367000,1717206567000.0,1717192826000,1717199685000,1717199695000,Steinsprang,2024-06-01
281,46_RV13_S44,0.15495046007640523,54251.84838888032,6813548.410702939,-664010752,a9eca275-42a9-472b-a475-54bbcb27a069_1,NPRA_HBT_02-06-2024.94683,1,"Rv. 13 Verken i Sogndal, Vestland - rv. 13 Skopargilet i Sogndal, Vestland","Steinskred/steinsprang, ett påvirket kjørefelt.",,,steinskred,steinskred,steinskred,Certain,1717355679000.0,1717348479000,6.708369951460048,61.18644313232992,6.655986151641205,61.20520761815959,6.6904354,61.200768,Rv,13,,1717342215000,,1.0,1717348601000,1717348601000,1717341279000,1717348479000.0,1717335015000,1717341401000,1717341401000,Steinsprang,2024-06-02
282,46_RV13_S44,0.15495046007640523,54251.84838888032,6813548.410702939,-664010752,a9eca275-42a9-472b-a475-54bbcb27a069_2,NPRA_HBT_02-06-2024.94683,2,"Rv. 13 Verken i Sogndal, Vestland - rv. 13 Skopargilet i Sogndal, Vestland","Steinskred/steinsprang, ett påvirket kjørefelt.",,,steinskred,steinskred,steinskred,Certain,1717355679000.0,1717348479000,6.708369951460048,61.18644313232992,6.655986151641205,61.20520761815959,6.6904354,61.200768,Rv,13,,1717342215000,,1.0,1717348601000,1717348887000,1717341279000,1717348479000.0,1717335015000,1717341401000,1717341687000,Steinsprang,2024-06-02
283,46_RV13_S26,0.033613486810429964,30778.521125673666,6687013.480211106,-161218560,8940d539-a6fb-44dd-b44c-89b1b34e5575_1,NPRA_HBT_03-06-2024.94905,1,"Rv. 13 Vasstun i Ullensvang, Vestland",Forebyggende snøskredkontroll.,,,,snøskredkontroll,snøskredkontroll,Certain,1717403799000.0,1717396599000,,,,,6.559537,60.050056,Rv,13,,1717389912000,,0.0,1717396622000,1717396622000,1717389399000,1717396599000.0,1717382712000,1717389422000,1717389422000,Forebyggende snøskredkontroll,2024-06-03
284,46_RV13_S47,0.17111301187200922,65418.16050781548,6808386.266566207,596115456,07fdedec-4c73-47c6-9f7b-23fe652035b3_1,NPRA_HBT_04-06-2024.96098,1,"Rv. 13 Fatlatunnelen i Sogndal, Vestland",Steinskred/steinsprang.,,,steinskred,steinskred,steinskred,Certain,1717616974000.0,1717530574000,,,,,6.9079676,61.167427,Rv,13,,1717524018000,,0.0,1717530683000,1717530683000,1717523374000,1717609774000.0,1717516818000,1717523483000,1717523483000,Steinsprang,2024-06-04
286,46_RV13_S27,0.27668145060435595,32869.73707815644,6698133.013533856,-1228439552,3a37a426-0778-4973-8cdc-8b88129867a0_1,NPRA_HBT_20-06-2024.105103,1,"Rv. 13 Skarvabjørgtunnelen i Ullensvang, Vestland",Steinskred/steinsprang.,,,steinskred,steinskred,steinskred,Certain,1718926380000.0,1718919180000,,,,,6.5713096,60.151207,Rv,13,,1718912746000,,0.0,1718919258000,1718919258000,1718911980000,1718919180000.0,1718905546000,1718912058000,1718912058000,Steinsprang,2024-06-20
288,46_RV13_S33,0.042257066637973635,46777.02043431322,6740640.875570923,628588544,f37b6241-78ea-4a2e-8e23-27d8938d3edf_1,NPRA_HBT_27-06-2024.108591,1,"Rv. 13 Hausnes i Voss, Vestland",Trær/Busker.,,,,nedfalne trær,nedfalne trær,Certain,1719495943000.0,1719488743000,,,,,6.7233896,60.54459,Rv,13,,1719482438000,,0.0,1719488791000,1719488791000,1719481543000,1719488743000.0,1719475238000,1719481591000,1719481591000,Trefall,2024-06-27
296,46_RV13_S36,0.023524039195603107,38571.146385267144,6769892.846260508,1857945600,e3b11018-849c-47c7-a64e-2f9a476cc1ec_1,NPRA_HBT_10-07-2024.114684,1,"Rv. 13 Djupgrov i Voss, Vestland",Steinskred/steinsprang.,,,steinskred,steinskred,steinskred,Certain,1720587009000.0,1720579809000,,,,,6.506779,60.79505,Rv,13,,1720573262000,,0.0,1720579840000,1720579840000,1720572609000,1720579809000.0,1720566062000,1720572640000,1720572640000,Steinsprang,2024-07-10
297,46_RV13_S28,0.09670856489343631,35319.89539784327,6704054.11353222,1869512704,250c10bc-96f8-408b-b972-f200d7e8b9b4_1,NPRA_HBT_10-07-2024.115037,1,"Rv. 13 Espe i Ullensvang, Vestland","Steinskred/steinsprang, ett stengt kjørefelt.",,,steinskred,steinskred,steinskred,Certain,1720643190000.0,1720635990000,,,,,6.601451,60.206593,Rv,13,,1720629064000,,1.0,1720636233000,1720636233000,1720628790000,1720635990000.0,1720621864000,1720629033000,1720629033000,Steinsprang,2024-07-10
298,46_RV13_S28,0.09670856489343631,35319.89539784327,6704054.11353222,1869512704,250c10bc-96f8-408b-b972-f200d7e8b9b4_2,NPRA_HBT_10-07-2024.115037,2,"Rv. 13 Espe i Ullensvang, Vestland","Steinskred/steinsprang, ett stengt kjørefelt.",,,steinskred,steinskred,steinskred,Certain,1720643190000.0,1720635990000,,,,,6.601451,60.206593,Rv,13,,1720629064000,,1.0,1720636233000,1720636233000,1720628790000,1720635990000.0,1720621864000,1720629033000,1720629033000,Steinsprang,2024-07-10
299,46_RV13_S44,0.1203902692963965,55635.13921132212,6811234.093527418,283574272,bf7d85f4-09c4-44a9-9dd4-d2e18e263941_1,NPRA_HBT_11-07-2024.115214,1,"Rv. 13 Kallsviki i Sogndal, Vestland",Steinskred/steinsprang.,,,steinskred,steinskred,steinskred,Certain,1720689262000.0,1720682062000,,,,,6.7213383,61.181778,Rv,13,,1720675859000,,0.0,1720682188000,1720682188000,1720674862000,1720682062000.0,1720668659000,1720674988000,1720674988000,Steinsprang,2024-07-11
300,46_RV13_S48,0.2301889891766629,71134.30149028264,6809150.392827071,535855104,3609c7a0-ee6f-45f8-8a44-aca3fb047d69_1,NPRA_HBT_19-07-2024.118305,1,"Rv. 13 Ylvisåker i Sogndal, Vestland","Steinskred/steinsprang, ett stengt kjørefelt.",,,steinskred,steinskred,steinskred,Certain,1721380443000.0,1721373243000,,,,,7.01145,61.180508,Rv,13,,1721367042000,,1.0,1721373335000,1721373402000,1721366043000,1721373243000.0,1721359842000,1721366135000,1721366202000,Steinsprang,2024-07-19
301,46_RV13_S48,0.2301889891766629,71134.30149028264,6809150.392827071,535855104,3609c7a0-ee6f-45f8-8a44-aca3fb047d69_2,NPRA_HBT_19-07-2024.118305,2,"Rv. 13 Ylvisåker i Sogndal, Vestland","Steinskred/steinsprang, ett stengt kjørefelt.",,,steinskred,steinskred,steinskred,Certain,1721380443000.0,1721373243000,,,,,7.01145,61.180508,Rv,13,,1721367042000,,1.0,1721373402000,1721373402000,1721366043000,1721373243000.0,1721359842000,1721366202000,1721366202000,Steinsprang,2024-07-19
302,46_RV13_S26,0.47884353371772076,30730.01977169281,6690578.018678338,1675919360,3e0f0e2d-3277-455e-97a8-0b7c69a2813b_1,NPRA_HBT_21-07-2024.119177,1,"Rv. 13 Byrkjenes i Ullensvang, Vestland",Jordskred.,,,løsmasseskred,løsmasseskred,løsmasseskred,Certain,1721611383000.0,1721604183000,,,,,6.5505257,60.08166,Rv,13,,1721597425000,,0.0,1721604348000,1721604348000,1721596983000,1721604183000.0,1721590225000,1721597148000,1721597148000,Jordskred,2024-07-21
303,46_RV13_S20,0.1789199292245041,37048.701679352554,6650941.52045053,85917696,709121f6-4f9f-4a1c-828a-d94a8302a942_1,NPRA_HBT_22-07-2024.119230,1,"Rv. 13 Lono i Ullensvang, Vestland",Steinskred/steinsprang.,,,steinskred,steinskred,steinskred,Certain,1721628536000.0,1721621336000,,,,,6.751337,59.73665,Rv,13,,1721615418000,,0.0,1721621866000,1721621866000,1721614136000,1721621336000.0,1721608218000,1721614666000,1721614666000,Steinsprang,2024-07-22
305,46_RV13_S27,0.28209844765974784,30810.787740498956,6690872.743040814,-1926627328,ead53250-4178-4098-8172-c656c5e510b0_1,NPRA_HBT_26-07-2024.121044,1,"Rv. 13 Kistevik i Ullensvang, Vestland",Oversvømmelse.,,,flom,flom,flom,Certain,1722006613000.0,1721992213000,,,,,6.551287,60.08437,Rv,13,,1721985345000,,0.0,1721992267000,1721992603000,1721985013000,1721999413000.0,1721978145000,1721985067000,1721985403000,Flom,2024-07-26
306,46_RV13_S28,0.09670856489343631,35319.89539784327,6704054.11353222,786792448,3afc71fc-7a76-49dd-aa6d-046517ef6462_1,NPRA_HBT_27-07-2024.121355,1,"Rv. 13 Espe i Ullensvang, Vestland",Steinskred/steinsprang.,,,steinskred,steinskred,steinskred,Certain,1722054828000.0,1722047628000,,,,,6.601451,60.206593,Rv,13,,1722041165000,,0.0,1722047825000,1722047825000,1722040428000,1722047628000.0,1722033965000,1722040625000,1722040625000,Steinsprang,2024-07-27
309,46_RV13_S20,0.40329186928850363,36432.40165462869,6650315.424840567,1316978688,702227f3-79b9-4f02-b6b0-ea010f133af6_1,NPRA_HBT_05-08-2024.125375,1,"Rv. 13 Nesflaten - Røldal i Ullensvang, Vestland",Steinskred/steinsprang.,,,steinskred,steinskred,steinskred,Certain,1722906300000.0,1722891900000,,,,,6.74187,59.7304,Rv,13,,1722885318000,,0.0,1722891985000,1722891985000,1722884700000,1722899100000.0,1722878118000,1722884785000,1722884785000,Steinsprang,2024-08-05
312,46_RV13_S48,0.7639427878383003,71634.5267398766,6809761.761707758,2033057792,0cd876bf-24ce-4ad8-8ff5-ee4def70f784_1,NPRA_HBT_10-08-2024.127964,1,"Rv. 13 Fjellgrovi i Sogndal, Vestland",Steinskred/steinsprang.,,,steinskred,steinskred,steinskred,Certain,1723328604000.0,1723321404000,,,,,7.0192785,61.18649,Rv,13,,1723314664000,,0.0,1723321438000,1723321438000,1723314204000,1723321404000.0,1723307464000,1723314238000,1723314238000,Steinsprang,2024-08-10
313,46_RV13_S26,0.5604721756777079,30737.31243265292,6690533.168979896,-1992294400,8a560b7d-560d-4e84-bbf7-ff6abd1cf78b_1,NPRA_HBT_18-08-2024.131584,1,"Rv. 13 Byrkjenes i Ullensvang, Vestland",Steinskred/steinsprang.,,,steinskred,steinskred,steinskred,Certain,1723978581000.0,1723971381000,,,,,6.550758,60.08127,Rv,13,,1723964457000,,0.0,1723971427000,1723971427000,1723964181000,1723971381000.0,1723957257000,1723964227000,1723964227000,Steinsprang,2024-08-18
314,46_RV13_S27,0.06522224632941494,32937.54082096863,6698262.55610142,1871249408,434db9ca-cc21-4d81-8944-a77be4543678_1,NPRA_HBT_21-08-2024.133074,1,"Rv. 13 Skarvabjørgtunnelen i Ullensvang, Vestland",Steinskred/steinsprang.,,,steinskred,steinskred,steinskred,Certain,1724230699000.0,1724223499000,,,,,6.572221,60.152435,Rv,13,,1724217311000,,0.0,1724224288000,1724224288000,1724216299000,1724223499000.0,1724210111000,1724217088000,1724217088000,Steinsprang,2024-08-21
315,46_RV13_S30,0.11569633431692657,41957.743271502375,6721558.42746041,-1247281152,beb60513-6160-40d0-9b7b-2cc103af7f05_1,NPRA_HBT_23-08-2024.135056,1,"Rv. 13 Urheim i Ullensvang, Vestland","Steinskred/steinsprang, ett påvirket kjørefelt.",,,steinskred,steinskred,steinskred,Certain,1724470559000.0,1724456159000,,,,,6.680253,60.369617,Rv,13,,1724449529000,,1.0,1724456275000,1724456275000,1724448959000,1724463359000.0,1724442329000,1724449075000,1724449075000,Steinsprang,2024-08-23
316,46_RV13_S30,0.11569633431692657,41957.743271502375,6721558.42746041,-1247281152,beb60513-6160-40d0-9b7b-2cc103af7f05_2,NPRA_HBT_23-08-2024.135056,2,"Rv. 13 Urheim i Ullensvang, Vestland","Steinskred/steinsprang, ett påvirket kjørefelt.",,,steinskred,steinskred,steinskred,Certain,1724470559000.0,1724456159000,,,,,6.680253,60.369617,Rv,13,,1724449529000,,1.0,1724456275000,1724456275000,1724448959000,1724463359000.0,1724442329000,1724449075000,1724449075000,Steinsprang,2024-08-23
317,46_RV13_S37,0.5710319316361651,38464.37221444299,6781907.795985829,1460338688,59aeec96-8f5d-4190-b593-3831705f8c98_1,NPRA_HBT_24-08-2024.135190,1,"Rv. 13 Vikafjellet i Voss/Vik, Vestland - rv. 13 Vikafjellet i Voss/Vik, Vestland","Steinskred/steinsprang, ett påvirket kjørefelt.
Også store mengder vann. ",,,steinskred,steinskred,steinskred,Certain,1724527311000.0,1724498511000,6.481824833449679,60.90231680169551,6.473265063445325,60.901355491159336,6.4762673,60.90161,Rv,13,,1724494528000,,1.0,1724501179000,1724501229000,1724491311000,1724520111000.0,1724487328000,1724493979000,1724494029000,Steinsprang,2024-08-24
318,46_RV13_S37,0.5710319316361651,38464.37221444299,6781907.795985829,1460338688,59aeec96-8f5d-4190-b593-3831705f8c98_2,NPRA_HBT_24-08-2024.135190,2,"Rv. 13 Vikafjellet i Voss/Vik, Vestland - rv. 13 Vikafjellet i Voss/Vik, Vestland","Steinskred/steinsprang, ett påvirket kjørefelt.
Også store mengder vann. ",,,steinskred,steinskred,steinskred,Certain,1724527311000.0,1724498511000,6.481824833449679,60.90231680169551,6.473265063445325,60.901355491159336,6.4762673,60.90161,Rv,13,,1724494528000,,1.0,1724501179000,1724501232000,1724491311000,1724520111000.0,1724487328000,1724493979000,1724494032000,Steinsprang,2024-08-24
319,46_RV13_S26,0.170956891075621,30707.752475452842,6690656.32230515,-118784000,d9de2607-bf2f-4378-ad1a-a7f3855d83d8_1,NPRA_HBT_25-08-2024.135575,1,"Rv. 13 Byrkjenes i Ullensvang, Vestland",Flom.,,,flom,flom,flom,Certain,1724611581000.0,1724597181000,,,,,6.5499506,60.08233,Rv,13,,1724596219000,,0.0,1724602838000,1724604505000,1724589981000,1724604381000.0,1724589019000,1724595638000,1724597305000,Flom,2024-08-25
320,46_RV13_S27,0.44954677474383115,30810.904874404543,6690845.255630553,-2114355200,f0326011-2ba0-4f42-9ec7-1cabe01710e8_1,NPRA_HBT_29-08-2024.137907,1,"Rv. 13 Byrkjenes i Ullensvang, Vestland",Flom.,,,flom,flom,flom,Certain,1724966307000.0,1724937507000,,,,,6.551352,60.084126,Rv,13,,1724931034000,,0.0,1724937732000,1724954906000,1724930307000,1724959107000.0,1724923834000,1724930532000,1724947706000,Flom,2024-08-29
322,46_RV13_S48,0.11332060606954547,71062.46080106281,6809027.850468845,-968065024,31069682-90c4-4319-a034-f269cb0aa04f_1,NPRA_HBT_31-08-2024.138969,1,"Rv. 13 Ylvisåker i Sogndal, Vestland",Steinskred/steinsprang.,,,steinskred,steinskred,steinskred,Certain,1725123791000.0,1725109391000,,,,,7.0104046,61.17934,Rv,13,,1725102924000,,0.0,1725109739000,1725109752000,1725102191000,1725116591000.0,1725095724000,1725102539000,1725102552000,Steinsprang,2024-08-31
324,46_RV13_S26,0.36244432330278387,30729.550322256808,6690581.231689937,1160019968,9617243f-e3d5-49f3-9be7-e372336a8e15_3,NPRA_HBT_08-09-2024.143177,3,"Rv. 13 Byrkjenes i Ullensvang, Vestland",Flom.|Manuell dirigering.|Vegen er stengt i korte perioder.,,,flom,flom,flom,Certain,1725865200000.0,1725815228000,,,,,6.55051,60.081688,Rv,13,,1725828327000,,0.0,1725835368000,1725836663000,1725808028000,1725858000000.0,1725821127000,1725828168000,1725829463000,Flom,2024-09-08
325,46_RV13_S26,0.36244432330278387,30729.550322256808,6690581.231689937,1160019968,c59842dc-2626-454c-8023-2aedbd212cf0_2,NPRA_HBT_08-09-2024.143177,2,"Rv. 13 Byrkjenes i Ullensvang, Vestland",Flom.|Manuell dirigering.|Vegen er stengt i korte perioder.,,,flom,flom,flom,Certain,1725865200000.0,1725815228000,,,,,6.55051,60.081688,Rv,13,,1725828327000,,0.0,1725835368000,1725836663000,1725808028000,1725858000000.0,1725821127000,1725828168000,1725829463000,Flom,2024-09-08
326,46_RV13_S26,0.36244432330278387,30729.550322256808,6690581.231689937,1160019968,ec4c459c-58c2-481d-8891-0c2ed456b255_1,NPRA_HBT_08-09-2024.143177,1,"Rv. 13 Byrkjenes i Ullensvang, Vestland",Flom.|Manuell dirigering.|Vegen er stengt i korte perioder.,,,flom,flom,flom,Certain,1725865200000.0,1725815228000,,,,,6.55051,60.081688,Rv,13,,1725828327000,,0.0,1725835368000,1725836663000,1725808028000,1725858000000.0,1725821127000,1725828168000,1725829463000,Flom,2024-09-08
327,46_RV13_S27,0.21119293760138771,32728.401371531887,6696941.20786656,-1973813248,68083d49-2e44-45f3-ac9f-417fd231fdc1_1,NPRA_HBT_10-09-2024.144692,1,"Rv. 13 Stana i Ullensvang, Vestland","Trær/Busker, to påvirkede kjørefelt.",,,,nedfalne trær,nedfalne trær,Certain,1726016217000.0,1726009017000,,,,,6.5715203,60.14046,Rv,13,,1726002041000,,2.0,1726009116000,1726009182000,1726001817000,1726009017000.0,1725994841000,1726001916000,1726001982000,Trefall,2024-09-10
328,46_RV13_S27,0.21119293760138771,32728.401371531887,6696941.20786656,-1973813248,68083d49-2e44-45f3-ac9f-417fd231fdc1_2,NPRA_HBT_10-09-2024.144692,2,"Rv. 13 Stana i Ullensvang, Vestland","Trær/Busker, to påvirkede kjørefelt.",,,,nedfalne trær,nedfalne trær,Certain,1726016217000.0,1726009017000,,,,,6.5715203,60.14046,Rv,13,,1726002041000,,2.0,1726009182000,1726009182000,1726001817000,1726009017000.0,1725994841000,1726001982000,1726001982000,Trefall,2024-09-10
332,46_RV13_S27,0.11540334081914747,32919.080467855034,6698239.146148137,1456275456,c18be6de-2dfb-4193-9a69-7770a2ec2261_1,NPRA_HBT_16-09-2024.147610,1,"Rv. 13 Skarvabjørgtunnelen i Ullensvang, Vestland",Steinskred/steinsprang.,,,steinskred,steinskred,steinskred,Certain,1726526698000.0,1726519498000,,,,,6.5719457,60.152206,Rv,13,,1726513263000,,0.0,1726519627000,1726519627000,1726512298000,1726519498000.0,1726506063000,1726512427000,1726512427000,Steinsprang,2024-09-16
333,46_RV13_S34,0.15616276341869015,43266.47496996948,6745704.462090795,156663808,2998e2cd-9d2b-4744-a69b-b06ddceb397f_1,NPRA_HBT_25-09-2024.151917,1,"Rv. 13 Skjervsvegen i Voss, Vestland",Trær/Busker.,,,,nedfalne trær,nedfalne trær,Certain,1727286522000.0,1727272122000,,,,,6.648398,60.585606,Rv,13,,1727265656000,,0.0,1727272515000,1727272515000,1727264922000,1727279322000.0,1727258456000,1727265315000,1727265315000,Trefall,2024-09-25
337,46_RV13_S32,0.11091486904024019,51696.65386824019,6732583.528745706,1695907840,8dce5a6f-38e5-477a-8428-0b3d3c09e2b4_1,NPRA_HBT_16-10-2024.162859,1,"Rv. 13 Hardangerbrua i Ulvik/Eidfjord, Vestland",Sterk vind.,,,uvær,uvær,uvær,Certain,,1729096020000,6.823856120609264,60.48377145782033,6.836791862242444,60.47318852151293,6.830323,60.47849,Rv,13,,1729089960000,,0.0,1729096564000,1729096574000,1729088820000,,1729082760000,1729089364000,1729089374000,Uvær,2024-10-16
338,46_RV13_S27,0.12889657471726657,32765.93665620673,6697981.19019058,404946944,b6010a7c-4eaa-4c25-90be-01eb42a811cc_1,NPRA_HBT_25-10-2024.167430,1,"Rv. 13 Fresviktunnelen i Ullensvang, Vestland - rv. 13 Okslatunnelen i Ullensvang, Vestland","Fare for steinskred/steinsprang.
Omkjøring via fergen Jondal - Tørvikbygd og fergen Utne - Kvanndal.",,,skred,steinskred,fare for steinskred,RiskOf,1729861200000.0,1729822290000,6.5831227006197945,60.17183662315491,6.5605523955341845,60.12801337775793,6.569808,60.14974,Rv,13,,1729818026000,,0.0,1729824933000,1729851199000,1729815090000,1729854000000.0,1729810826000,1729817733000,1729843999000,Fare for steinsprang,2024-10-25
339,46_RV13_S27,0.12889657471726657,32765.93665620673,6697981.19019058,404946944,b6010a7c-4eaa-4c25-90be-01eb42a811cc_2,NPRA_HBT_25-10-2024.167430,2,"Rv. 13 Fresviktunnelen i Ullensvang, Vestland - rv. 13 Okslatunnelen i Ullensvang, Vestland","Fare for steinskred/steinsprang, vegen er stengt.
Omkjøring via fergen Jondal - Tørvikbygd og fergen Utne - Kvanndal.",,,skred,steinskred,fare for steinskred,RiskOf,1729861200000.0,1729822290000,6.5831227006197945,60.17183662315491,6.5605523955341845,60.12801337775793,6.569808,60.14974,Rv,13,,1729818026000,,2.0,1729824967000,1729846239000,1729815090000,1729854000000.0,1729810826000,1729817767000,1729839039000,Fare for steinsprang,2024-10-25
340,46_RV13_S27,0.12889657471726657,32765.93665620673,6697981.19019058,404946944,b6010a7c-4eaa-4c25-90be-01eb42a811cc_3,NPRA_HBT_25-10-2024.167430,3,"Rv. 13 Fresviktunnelen i Ullensvang, Vestland - rv. 13 Okslatunnelen i Ullensvang, Vestland",Fare for steinskred/steinsprang.,,,skred,steinskred,fare for steinskred,RiskOf,1729861200000.0,1729822290000,6.5831227006197945,60.17183662315491,6.5605523955341845,60.12801337775793,6.569808,60.14974,Rv,13,,1729821625000,,,1729828398000,1729852122000,1729815090000,1729854000000.0,1729814425000,1729821198000,1729844922000,Fare for steinsprang,2024-10-25
341,46_RV13_S33,0.47356525276731987,46658.46236091072,6740215.373762414,-432734208,13393e97-5695-4ac1-96b7-622ccfc37366_1,NPRA_HBT_31-10-2024.171178,1,"Rv. 13 Trelldalen i Voss, Vestland, i retning mot Voss",Steinskred/steinsprang.,,,steinskred,steinskred,steinskred,Certain,1730383200000.0,1730372652000,,,,,6.7222233,60.540676,Rv,13,,1730369714000,,0.0,1730372766000,1730378121000,1730369052000,1730379600000.0,1730366114000,1730369166000,1730374521000,Steinsprang,2024-10-31
342,46_RV13_S29,0.31820581270198317,39906.130208120216,6716440.205231484,-432570368,12f607a4-c258-4719-bf80-e944a20b0fda_5,NPRA_HBT_31-10-2024.171183,5,"Rv. 13 Lofthus i Ullensvang, Vestland","Flom, to påvirkede kjørefelt, fare for stengt veg.|Manuell dirigering.",,,flom,flom,flom,Certain,1730552400000.0,1730373000000,,,,,6.655153,60.321827,Rv,13,,1730470546000,,2.0,1730474077000,1730475831000,1730369400000,1730548800000.0,1730466946000,1730470477000,1730472231000,Flom,2024-10-31
343,46_RV13_S29,0.31820581270198317,39906.130208120216,6716440.205231484,-432570368,97036546-1eaf-4b83-ab46-4a537612fbbb_1,NPRA_HBT_31-10-2024.171183,1,"Rv. 13 Lofthus i Ullensvang, Vestland","Flom, to påvirkede kjørefelt, fare for stengt veg.|Manuell dirigering.",,,flom,flom,flom,Certain,1730552400000.0,1730373000000,,,,,6.655153,60.321827,Rv,13,,1730369713000,,2.0,1730373058000,1730474077000,1730369400000,1730548800000.0,1730366113000,1730369458000,1730470477000,Flom,2024-10-31
344,46_RV13_S27,0.23906895561475383,32789.600099602365,6698085.106272028,-432570368,97036546-1eaf-4b83-ab46-4a537612fbbb_2,NPRA_HBT_31-10-2024.171183,2,"Rv. 13 Okslatunnelen i Ullensvang, Vestland - rv. 13 Fresviktunnelen i Ullensvang, Vestland","Steinskred/steinsprang, vegen er stengt.
Nødetater kan passere på eget ansvar. ",,,steinskred,steinskred,steinskred,Certain,1730401800000.0,1730373000000,6.5605314109702455,60.127540355165216,6.584619494116019,60.174129259797034,6.5699916,60.15069,Rv,13,,1730369713000,,2.0,1730374057000,1730375190000,1730369400000,1730398200000.0,1730366113000,1730370457000,1730371590000,Steinsprang,2024-10-31
345,46_RV13_S29,0.31820581270198317,39906.130208120216,6716440.205231484,-432570368,97036546-1eaf-4b83-ab46-4a537612fbbb_3,NPRA_HBT_31-10-2024.171183,3,"Rv. 13 Lofthus i Ullensvang, Vestland","Flom, to påvirkede kjørefelt, fare for stengt veg.|Manuell dirigering.",,,flom,flom,flom,Certain,1730552400000.0,1730373000000,,,,,6.655153,60.321827,Rv,13,,1730371513000,,,1730374501000,1730474077000,1730369400000,1730548800000.0,1730367913000,1730370901000,1730470477000,Flom,2024-10-31
346,46_RV13_S29,0.31820581270198317,39906.130208120216,6716440.205231484,-432570368,97036546-1eaf-4b83-ab46-4a537612fbbb_4,NPRA_HBT_31-10-2024.171183,4,"Rv. 13 Lofthus i Ullensvang, Vestland","Flom, to påvirkede kjørefelt, fare for stengt veg.|Manuell dirigering.",,,flom,flom,flom,Certain,1730552400000.0,1730373000000,,,,,6.655153,60.321827,Rv,13,,1730377817000,,2.0,1730462695000,1730475831000,1730369400000,1730548800000.0,1730374217000,1730459095000,1730472231000,Flom,2024-10-31
347,46_RV13_S47,0.42138275155868543,64242.91888956167,6809386.046387841,-430342144,a3231203-8632-40f2-a7a6-213172da8c30_1,NPRA_HBT_31-10-2024.171251,1,"Rv. 13 Fatlaviki i Sogndal, Vestland","Flom, vegen er stengt.
Vegen åpner kl 06:00",,,flom,flom,flom,Certain,1730441100000.0,1730377171000,,,,,6.8840437,61.17501,Rv,13,,1730378714000,,2.0,1730382050000,1730440621000,1730373571000,1730437500000.0,1730375114000,1730378450000,1730437021000,Flom,2024-10-31
348,46_RV13_S47,0.42138275155868543,64242.91888956167,6809386.046387841,-430342144,a3231203-8632-40f2-a7a6-213172da8c30_2,NPRA_HBT_31-10-2024.171251,2,"Rv. 13 Fatlaviki i Sogndal, Vestland","Flom, vegen er stengt.
Vegen åpner kl 06:00",,,flom,flom,flom,Certain,1730441100000.0,1730377171000,,,,,6.8840437,61.17501,Rv,13,,1730378714000,,2.0,1730382050000,1730440621000,1730373571000,1730437500000.0,1730375114000,1730378450000,1730437021000,Flom,2024-10-31
349,46_RV13_S47,0.42138275155868543,64242.91888956167,6809386.046387841,-430342144,a3231203-8632-40f2-a7a6-213172da8c30_3,NPRA_HBT_31-10-2024.171251,3,"Rv. 13 Fatlaviki i Sogndal, Vestland","Flom, vegen er stengt.",,,flom,flom,flom,Certain,1730441100000.0,1730377171000,,,,,6.8840437,61.17501,Rv,13,,1730379615000,,,1730382843000,1730440621000,1730373571000,1730437500000.0,1730376015000,1730379243000,1730437021000,Flom,2024-10-31
350,46_RV13_S25,0.06371355505060926,30273.234247305023,6679982.943405779,-429195264,d83f6bf3-4831-4b9f-bace-2e99073e79a3_1,NPRA_HBT_31-10-2024.171286,1,"Rv. 13 Vasstun i Ullensvang, Vestland - rv. 13 Kløvet i Ullensvang, Vestland","Fare for steinskred/steinsprang, vegen er stengt.
Ny vurdering 01.11 kl 12",,,skred,steinskred,fare for steinskred,RiskOf,1730466000000.0,1730397600000,6.559633068515357,60.05230689687048,6.575266790629781,59.92770744126428,6.566599,59.987034,Rv,13,,1730376016000,,2.0,1730379195000,1730381259000,1730394000000,1730462400000.0,1730372416000,1730375595000,1730377659000,Fare for steinsprang,2024-10-31
351,46_RV13_S25,0.06371355505060926,30273.234247305023,6679982.943405779,-429195264,d83f6bf3-4831-4b9f-bace-2e99073e79a3_2,NPRA_HBT_31-10-2024.171286,2,"Rv. 13 Vasstun i Ullensvang, Vestland - rv. 13 Kløvet i Ullensvang, Vestland","Fare for steinskred/steinsprang, vegen er stengt.
Ny vurdering 01.11 kl 12",,,skred,steinskred,fare for steinskred,RiskOf,1730466000000.0,1730397600000,6.559633068515357,60.05230689687048,6.575266790629781,59.92770744126428,6.566599,59.987034,Rv,13,,1730376016000,,2.0,1730379195000,1730381259000,1730394000000,1730462400000.0,1730372416000,1730375595000,1730377659000,Fare for steinsprang,2024-10-31
354,46_RV13_S48,0.1489668441216415,71816.11783645186,6810171.369880663,-416940032,d568ba74-93ca-454e-aa09-ee1423994b92_1,NPRA_HBT_31-10-2024.171660,1,"Rv. 13 Norafjordvegen 691 i SOGNDAL, Vestland",Flom.,,,flom,flom,flom,Certain,1730437783000.0,1730408983000,,,,,7.0216966,61.19033,Rv,13,,1730405716000,,0.0,1730409018000,1730409018000,1730405383000,1730434183000.0,1730402116000,1730405418000,1730405418000,Flom,2024-10-31
355,46_RV13_S32,0.2264012926688299,51688.31328450836,6732601.448427537,-416481280,3e038d34-492d-453d-bdac-a5eb71caaa92_1,NPRA_HBT_31-10-2024.171674,1,"Rv. 13 Hardangerbrua i Ulvik, Vestland","Sterk vind, fare for stengt veg.",,,uvær,uvær,uvær,Certain,1730448000000.0,1730410153000,,,,,6.8301325,60.47864,Rv,13,,1730407514000,,0.0,1730410294000,1730423024000,1730406553000,1730444400000.0,1730403914000,1730406694000,1730419424000,Uvær,2024-10-31
356,46_RV13_S32,0.2264012926688299,51688.31328450836,6732601.448427537,-416481280,3e038d34-492d-453d-bdac-a5eb71caaa92_2,NPRA_HBT_31-10-2024.171674,2,"Rv. 13 Hardangerbrua i Ulvik, Vestland","Sterk vind, fare for stengt veg.",,,uvær,uvær,uvær,Certain,1730448000000.0,1730410153000,,,,,6.8301325,60.47864,Rv,13,,1730407514000,,0.0,1730410294000,1730423024000,1730406553000,1730444400000.0,1730403914000,1730406694000,1730419424000,Uvær,2024-10-31
357,46_RV13_S48,0.3401319118957528,74837.32695473649,6812075.094515117,-415268864,85797598-1c73-4776-b00f-c1f78e72811d_1,NPRA_HBT_31-10-2024.171711,1,"Rv. 13 Bondeviki i Sogndal, Vestland - rv. 13 Stedjebergtunnelen i Sogndal, Vestland","Jordskred, vegen er stengt.
Ny vurdering 01.11.2024 07:00.",,,løsmasseskred,løsmasseskred,løsmasseskred,Certain,1730444400000.0,1730414341000,7.059538887232941,61.2073820575708,7.085568132694257,61.21474443340048,7.0730753,61.210545,Rv,13,,1730411113000,,2.0,1730414399000,1730440066000,1730410741000,1730440800000.0,1730407513000,1730410799000,1730436466000,Jordskred,2024-10-31
358,46_RV13_S48,0.3401319118957528,74837.32695473649,6812075.094515117,-415268864,85797598-1c73-4776-b00f-c1f78e72811d_2,NPRA_HBT_31-10-2024.171711,2,"Rv. 13 Bondeviki i Sogndal, Vestland - rv. 13 Stedjebergtunnelen i Sogndal, Vestland","Jordskred, vegen er stengt.
Ny vurdering 01.11.2024 07:00.",,,løsmasseskred,løsmasseskred,løsmasseskred,Certain,1730444400000.0,1730414341000,7.059538887232941,61.2073820575708,7.085568132694257,61.21474443340048,7.0730753,61.210545,Rv,13,,1730411113000,,2.0,1730414399000,1730440066000,1730410741000,1730440800000.0,1730407513000,1730410799000,1730436466000,Jordskred,2024-10-31
359,46_RV13_S30,0.03046853519660938,40122.54097402084,6717006.860044699,-165969920,1ac0f534-e049-4ec7-902d-86c28b0e5275_1,NPRA_HBT_01-11-2024.171767,1,"Rv. 13 Ringolvsnes i Ullensvang, Vestland","Oversvømmelse, ett påvirket kjørefelt.",,,flom,flom,flom,Certain,1730448000000.0,1730425145000,,,,,6.6577363,60.327106,Rv,13,,1730421947000,,1.0,1730425178000,1730431911000,1730421545000,1730444400000.0,1730418347000,1730421578000,1730428311000,Flom,2024-11-01
360,46_RV13_S30,0.03046853519660938,40122.54097402084,6717006.860044699,-165969920,1ac0f534-e049-4ec7-902d-86c28b0e5275_2,NPRA_HBT_01-11-2024.171767,2,"Rv. 13 Ringolvsnes i Ullensvang, Vestland","Oversvømmelse, ett påvirket kjørefelt.",,,flom,flom,flom,Certain,1730448000000.0,1730425145000,,,,,6.6577363,60.327106,Rv,13,,1730421947000,,1.0,1730425178000,1730431911000,1730421545000,1730444400000.0,1730418347000,1730421578000,1730428311000,Flom,2024-11-01
361,46_RV13_S29,0.30170617290638313,38265.62134520791,6713118.027396971,-164790272,75b25817-1c9c-4d4f-a52a-f684db86f8ce_1,NPRA_HBT_01-11-2024.171803,1,"Rv. 13 Fresviktunnelen i Ullensvang, Vestland - rv. 13 Kinsarvik i Ullensvang, Vestland","Oversvømmelse, vegen er stengt.
Ny vurdering 01.11.2024 12:00.",,,flom,flom,flom,Certain,1730469600000.0,1730435655000,6.587787150811309,60.18113685854249,6.713196202392858,60.37443903809782,6.633371,60.290455,Rv,13,,1730432748000,,2.0,1730435771000,1730460726000,1730432055000,1730466000000.0,1730429148000,1730432171000,1730457126000,Flom,2024-11-01
362,46_RV13_S29,0.30170617290638313,38265.62134520791,6713118.027396971,-164790272,75b25817-1c9c-4d4f-a52a-f684db86f8ce_2,NPRA_HBT_01-11-2024.171803,2,"Rv. 13 Fresviktunnelen i Ullensvang, Vestland - rv. 13 Kinsarvik i Ullensvang, Vestland","Oversvømmelse, vegen er stengt.
Ny vurdering 01.11.2024 12:00.",,,flom,flom,flom,Certain,1730469600000.0,1730435655000,6.587787150811309,60.18113685854249,6.713196202392858,60.37443903809782,6.633371,60.290455,Rv,13,,1730432748000,,2.0,1730435771000,1730460726000,1730432055000,1730466000000.0,1730429148000,1730432171000,1730457126000,Flom,2024-11-01
363,46_RV13_S39,0.03314184769126464,45625.273310325865,6798554.316106965,-157974528,a03a24b1-9a0a-4395-ae5b-a91af8319943_1,NPRA_HBT_01-11-2024.172011,1,"Rv. 13 Øvreåsen i Vik, Vestland",Trær/Busker.,,,,nedfalne trær,nedfalne trær,Certain,1730477948000.0,1730449148000,,,,,6.567481,61.057716,Rv,13,,1730446248000,,0.0,1730449543000,1730449543000,1730445548000,1730474348000.0,1730442648000,1730445943000,1730445943000,Trefall,2024-11-01
364,46_RV13_S21,0.0760657342616246,39053.869708088925,6654778.824033613,-667025408,d796a79d-7c86-4e2e-8c4c-805f29387da5_1,NPRA_HBT_15-11-2024.181180,1,"Rv. 13 Nesflaten - Røldal i Ullensvang, Vestland",Trær/Busker.,,,,nedfalne trær,nedfalne trær,Certain,1731693724000.0,1731686524000,,,,,6.778204,59.77298,Rv,13,,1731683717000,,0.0,1731686860000,1731686860000,1731682924000,1731690124000.0,1731680117000,1731683260000,1731683260000,Trefall,2024-11-15
365,46_RV13_S32,0.14005654313219665,51690.00326523703,6732597.861757003,-661684224,bdb7fd5b-48f0-48be-a028-0e5181700d86_1,NPRA_HBT_15-11-2024.181343,1,"Rv. 13 Hardangerbrua i Ulvik, Vestland","Sterk vind, fare for stengt veg.",,,uvær,uvær,uvær,Certain,1731754800000.0,1731714004000,,,,,6.830171,60.47861,Rv,13,,1731710717000,,0.0,1731714092000,1731747252000,1731710404000,1731751200000.0,1731707117000,1731710492000,1731743652000,Uvær,2024-11-15
366,46_RV13_S32,0.14005654313219665,51690.00326523703,6732597.861757003,-661684224,bdb7fd5b-48f0-48be-a028-0e5181700d86_2,NPRA_HBT_15-11-2024.181343,2,"Rv. 13 Hardangerbrua i Ulvik, Vestland","Sterk vind, fare for stengt veg.",,,uvær,uvær,uvær,Certain,1731754800000.0,1731714004000,,,,,6.830171,60.47861,Rv,13,,1731710717000,,0.0,1731714092000,1731747252000,1731710404000,1731751200000.0,1731707117000,1731710492000,1731743652000,Uvær,2024-11-15
369,46_RV13_S38,0.06285484287303976,39592.8254031447,6788660.117725509,2043183104,0e199f90-f927-4b81-a4db-afe4adfac6b8_4,NPRA_HBT_16-11-2024.181393,4,"Rv. 13 Vikafjellet i Voss/Vik, Vestland","Uvær.|Bruk kjetting, gjelder for totalvekt større enn 7,5 tonn.",,,uvær,uvær,uvær,Certain,1731844800000.0,1731731883000,6.540066713982508,61.00921058233126,6.485748652779133,60.901530400763754,6.480722,60.962875,Rv,13,,1731782746000,,0.0,1731786274000,1731786274000,1731728283000,1731841200000.0,1731779146000,1731782674000,1731782674000,Uvær,2024-11-16
370,46_RV13_S38,0.06285484287303976,39592.8254031447,6788660.117725509,2043183104,10705682-4888-49de-ad8c-f5246ca7a9d4_2,NPRA_HBT_16-11-2024.181393,2,"Rv. 13 Vikafjellet i Voss/Vik, Vestland","Uvær, vegen er stengt.",,,uvær,uvær,uvær,Certain,,1731731883000,6.540066713982508,61.00921058233126,6.485748652779133,60.901530400763754,6.480722,60.962875,Rv,13,,1731770143000,,1.0,1731732047000,1731773589000,1731728283000,,1731766543000,1731728447000,1731769989000,Uvær,2024-11-16
371,46_RV13_S38,0.06285484287303976,39592.8254031447,6788660.117725509,2043183104,10705682-4888-49de-ad8c-f5246ca7a9d4_3,NPRA_HBT_16-11-2024.181393,3,"Rv. 13 Vikafjellet i Voss/Vik, Vestland","Uvær.|Bruk kjetting, gjelder for totalvekt større enn 7,5 tonn.",,,uvær,uvær,uvær,Certain,1731844800000.0,1731731883000,6.540066713982508,61.00921058233126,6.485748652779133,60.901530400763754,6.480722,60.962875,Rv,13,,1731770143000,,0.0,1731773206000,1731786274000,1731728283000,1731841200000.0,1731766543000,1731769606000,1731782674000,Uvær,2024-11-16
377,46_RV13_S38,0.06285484287303976,39592.8254031447,6788660.117725509,-1912569856,b5597387-3249-4980-881e-dce8cf6f0bbf_1,NPRA_HBT_24-11-2024.187137,1,"Rv. 13 Vikafjellet i Voss/Vik, Vestland","Uvær.
Det kan bli innført kolonnekjøring eller stengt veg på kort varsel, på grunn av uvær",,,uvær,uvær,uvær,Certain,1732474800000.0,1732425556000,6.540066713982508,61.00921058233126,6.485748652779133,60.901530400763754,6.480722,60.962875,Rv,13,,1732422657000,,0.0,1732425823000,1732425823000,1732421956000,1732471200000.0,1732419057000,1732422223000,1732422223000,Uvær,2024-11-24
379,46_RV13_S26,0.24735836205418277,30340.299799479137,6688220.534291337,-1905131520,4f6dfb66-4093-45f1-84e7-514764844992_1,NPRA_HBT_24-11-2024.187364,1,"Rv. 13 Øyna i Ullensvang, Vestland",Flom.,,,flom,flom,flom,Certain,1732468825000.0,1732454425000,,,,,6.548994,60.060276,Rv,13,,1732451456000,,0.0,1732454456000,1732454456000,1732450825000,1732465225000.0,1732447856000,1732450856000,1732450856000,Flom,2024-11-24
381,46_RV13_S26,0.05903663233862399,30777.07415391633,6686057.11733868,-1888944128,7793d631-a8bc-4eed-9864-a6cb4269a3b3_1,NPRA_HBT_24-11-2024.187858,1,"Rv. 13 Sandvinvatnet i Ullensvang, Vestland","Isnedfall, ett påvirket kjørefelt.",,,,isnedfall,isnedfall,Certain,1732499252000.0,1732492052000,,,,,6.5616946,60.04156,Rv,13,,1732489220000,,1.0,1732492151000,1732492151000,1732488452000,1732495652000.0,1732485620000,1732488551000,1732488551000,Isnedfall,2024-11-24
382,46_RV13_S26,0.05903663233862399,30777.07415391633,6686057.11733868,-1888944128,7793d631-a8bc-4eed-9864-a6cb4269a3b3_2,NPRA_HBT_24-11-2024.187858,2,"Rv. 13 Sandvinvatnet i Ullensvang, Vestland","Isnedfall, ett påvirket kjørefelt.",,,,isnedfall,isnedfall,Certain,1732499252000.0,1732492052000,,,,,6.5616946,60.04156,Rv,13,,1732489220000,,1.0,1732492151000,1732492151000,1732488452000,1732495652000.0,1732485620000,1732488551000,1732488551000,Isnedfall,2024-11-24
383,46_RV13_S26,0.2264741427807844,30243.748326741625,6683889.449770919,816939008,0af8d53d-bd21-496f-a3aa-341d33a62260_1,NPRA_HBT_25-11-2024.187939,1,"Rv. 13 Hildal i Ullensvang, Vestland - rv. 13 Vasstun i Ullensvang, Vestland",Isnedfall.,,,,isnedfall,isnedfall,Certain,1732532400000.0,1732512729000,6.566403266785542,59.99083304848929,6.559599200750183,60.05243278292069,6.557174,60.021698,Rv,13,,1732509920000,,0.0,1732512779000,1732526066000,1732509129000,1732528800000.0,1732506320000,1732509179000,1732522466000,Isnedfall,2024-11-25
385,46_RV13_S36,0.11620075685696575,38455.09710045735,6770242.786512844,-1312784384,0161c887-7522-486f-b85e-dab8e8470e6d_1,NPRA_HBT_02-12-2024.193281,1,"Rv. 13 Vinje i Voss, Vestland - rv. 13 Ulvundsøy II i Voss, Vestland",Isnedfall.,,,,isnedfall,isnedfall,Certain,1733134709000.0,1733120309000,6.508434501526686,60.79239630740199,6.499486565404013,60.80346273936574,6.5038414,60.798023,Rv,13,,1733117258000,,0.0,1733120430000,1733127801000,1733116709000,1733131109000.0,1733113658000,1733116830000,1733124201000,Isnedfall,2024-12-02
386,46_RV13_S26,0.6121918788510271,30180.786665208405,6683113.2523545865,-1300922368,56e74637-dc02-48ee-9eda-885c69807932_1,NPRA_HBT_02-12-2024.193643,1,"Rv. 13 Naustnes i Ullensvang, Vestland",Steinskred/steinsprang.,,,steinskred,steinskred,steinskred,Certain,1733157977000.0,1733143577000,,,,,6.5578275,60.014732,Rv,13,,1733140658000,,0.0,1733143866000,1733146278000,1733139977000,1733154377000.0,1733137058000,1733140266000,1733142678000,Steinsprang,2024-12-02
387,46_RV13_S25,0.20901815002993257,30483.454702697753,6681014.594804939,-1300922368,56e74637-dc02-48ee-9eda-885c69807932_2,NPRA_HBT_02-12-2024.193643,2,"Rv. 13 Storøyna i Ullensvang, Vestland","Steinskred/steinsprang, ett stengt kjørefelt.",,,steinskred,steinskred,steinskred,Certain,1733157977000.0,1733143577000,,,,,6.567978,59.996437,Rv,13,,1733140658000,,1.0,1733143866000,1733144545000,1733139977000,1733154377000.0,1733137058000,1733140266000,1733140945000,Steinsprang,2024-12-02
388,46_RV13_S32,0.2264012926688299,51688.31328450836,6732601.448427537,-1710161920,d1f6baa8-3599-4782-9dac-1463c272ef95_1,NPRA_HBT_05-12-2024.195810,1,"Rv. 13 Hardangerbrua i Ulvik, Vestland",Sterk vind.,,,uvær,uvær,uvær,Certain,1733410800000.0,1733391149000,,,,,6.8301325,60.47864,Rv,13,,1733388273000,,0.0,1733391278000,1733402387000,1733387549000,1733407200000.0,1733384673000,1733387678000,1733398787000,Uvær,2024-12-05
389,46_RV13_S38,0.06285484287303976,39592.8254031447,6788660.117725509,-1704722432,ef544483-5f89-4fa3-b92a-03adb9b0cb20_1,NPRA_HBT_05-12-2024.195976,1,"Rv. 13 Vikafjellet i Voss/Vik, Vestland","Uvær, vegen er stengt.",,,uvær,uvær,uvær,Certain,1733432400000.0,1733418000000,6.540066713982508,61.00921058233126,6.485748652779133,60.901530400763754,6.480722,60.962875,Rv,13,,1733399974000,,1.0,1733418460000,1733420338000,1733414400000,1733428800000.0,1733396374000,1733414860000,1733416738000,Uvær,2024-12-05
390,46_RV13_S38,0.06285484287303976,39592.8254031447,6788660.117725509,-1704722432,ef544483-5f89-4fa3-b92a-03adb9b0cb20_2,NPRA_HBT_05-12-2024.195976,2,"Rv. 13 Vikafjellet i Voss/Vik, Vestland","Uvær, vegen er stengt.",,,uvær,uvær,uvær,Certain,1733432400000.0,1733418000000,6.540066713982508,61.00921058233126,6.485748652779133,60.901530400763754,6.480722,60.962875,Rv,13,,1733408973000,,1.0,1733418460000,1733420338000,1733414400000,1733428800000.0,1733405373000,1733414860000,1733416738000,Uvær,2024-12-05
391,46_RV13_S25,0.10616323924834477,30655.81600096554,6675235.0333993165,-1695973376,d8c15d58-2e3d-4956-afc5-ac882dab8be5_1,NPRA_HBT_05-12-2024.196243,1,"Rv. 13 Espelandsfossen i Ullensvang, Vestland - rv. 13 Låtefoss i Ullensvang, Vestland",Steinskred/steinsprang.,,,steinskred,steinskred,steinskred,Certain,1733429652000.0,1733422452000,6.585101144681273,59.94297004618084,6.584022530639022,59.94768501559602,6.5841627,59.945297,Rv,13,,1733419774000,,0.0,1733422479000,1733422479000,1733418852000,1733426052000.0,1733416174000,1733418879000,1733418879000,Steinsprang,2024-12-05
392,46_RV13_S33,0.08978107717419113,47284.64324989106,6741576.484962505,1347911680,fef45414-e19e-4e3e-9dfe-e7faa1df0154_1,NPRA_HBT_14-12-2024.202031,1,"Rv. 13 Kyrkje-Elv i Voss, Vestland",Trær/Busker.,,,,nedfalne trær,nedfalne trær,Certain,1734160179000.0,1734145779000,,,,,6.7304106,60.553474,Rv,13,,1734142916000,,0.0,1734145836000,1734145836000,1734142179000,1734156579000.0,1734139316000,1734142236000,1734142236000,Trefall,2024-12-14
394,46_RV13_S33,0.09396079356218756,47037.79379214835,6741092.150365493,1354399744,75a0362b-95e5-4051-bece-0b5883c25e4d_1,NPRA_HBT_14-12-2024.202229,1,"Rv. 13 Vindal i Voss, Vestland",Trær/Busker.,,,,nedfalne trær,nedfalne trær,Certain,1734184715000.0,1734170315000,,,,,6.727063,60.548893,Rv,13,,1734167215000,,0.0,1734170358000,1734170358000,1734166715000,1734181115000.0,1734163615000,1734166758000,1734166758000,Trefall,2024-12-14
397,46_RV13_S38,0.06285484287303976,39592.8254031447,6788660.117725509,-217481216,ce75a74f-ceaf-457e-8c52-23725663a597_1,NPRA_HBT_15-12-2024.202835,1,"Rv. 13 Vikafjellet i Voss/Vik, Vestland","Uvær, fare for kolonnekjøring.",,,uvær,uvær,uvær,Certain,1734331047000.0,1734244647000,6.540066713982508,61.00921058233126,6.485748652779133,60.901530400763754,6.480722,60.962875,Rv,13,,1734242074000,,0.0,1734244890000,1734244890000,1734241047000,1734327447000.0,1734238474000,1734241290000,1734241290000,Uvær,2024-12-15
398,46_RV13_S38,0.06285484287303976,39592.8254031447,6788660.117725509,-217481216,ce75a74f-ceaf-457e-8c52-23725663a597_2,NPRA_HBT_15-12-2024.202835,2,"Rv. 13 Vikafjellet i Voss/Vik, Vestland","Uvær, fare for kolonnekjøring.",,,uvær,uvær,uvær,Certain,1734331047000.0,1734244647000,6.540066713982508,61.00921058233126,6.485748652779133,60.901530400763754,6.480722,60.962875,Rv,13,,1734242074000,,0.0,1734244890000,1734244890000,1734241047000,1734327447000.0,1734238474000,1734241290000,1734241290000,Uvær,2024-12-15
399,46_RV13_S30,0.0009651959161509657,39972.6415593595,6717591.492394464,-201621504,96cee7a6-94e9-406c-a232-6f2d28c72627_1,NPRA_HBT_15-12-2024.203319,1,"Rv. 13 Ullensvangvegen 830 i ULLENSVANG, Vestland",Flom.,,,flom,flom,flom,Certain,1734302546000.0,1734288146000,,,,,6.6537156,60.33213,Rv,13,,1734285276000,,0.0,1734288201000,1734288201000,1734284546000,1734298946000.0,1734281676000,1734284601000,1734284601000,Flom,2024-12-15
400,46_RV13_S25,0.02283526827126156,30606.41981237248,6676024.691986508,-200507392,5e97a781-1e17-49b2-9fdb-150e6df3e1e0_1,NPRA_HBT_15-12-2024.203353,1,"Rv. 13 Grønsdal i Ullensvang, Vestland - rv. 13 Skare i Ullensvang, Vestland",Flom.,,,flom,flom,flom,Certain,1734304022000.0,1734289622000,6.573102396971079,59.968421701850026,6.589006008487516,59.93580223645217,6.581497,59.952255,Rv,13,,1734287074000,,0.0,1734289749000,1734289749000,1734286022000,1734300422000.0,1734283474000,1734286149000,1734286149000,Flom,2024-12-15
401,46_RV13_S32,0.2264012926688299,51688.31328450836,6732601.448427537,-200278016,b1b68bfa-d819-4aea-bcbb-88e45aadcf27_1,NPRA_HBT_15-12-2024.203360,1,"Rv. 13 Hardangerbrua i Ulvik, Vestland","Uvær, vegen er stengt.
Bro stengt pga. ras og rasfare mot Eidfjord og Odda.",,,uvær,uvær,uvær,Certain,1734343200000.0,1734289987000,,,,,6.8301325,60.47864,Rv,13,,1734287074000,,2.0,1734290044000,1734303230000,1734286387000,1734339600000.0,1734283474000,1734286444000,1734299630000,Uvær,2024-12-15
402,46_RV13_S32,0.2264012926688299,51688.31328450836,6732601.448427537,-200278016,b1b68bfa-d819-4aea-bcbb-88e45aadcf27_2,NPRA_HBT_15-12-2024.203360,2,"Rv. 13 Hardangerbrua i Ulvik, Vestland","Uvær, vegen er stengt.
Bro stengt pga. ras og rasfare mot Eidfjord og Odda.",,,uvær,uvær,uvær,Certain,1734343200000.0,1734289987000,,,,,6.8301325,60.47864,Rv,13,,1734287074000,,2.0,1734290391000,1734303230000,1734286387000,1734339600000.0,1734283474000,1734286791000,1734299630000,Uvær,2024-12-15
403,46_RV13_S26,0.3808372861715176,30729.62054828438,6690580.772281165,-200245248,e812dc6d-e206-4f9a-9187-8361226e912c_1,NPRA_HBT_15-12-2024.203361,1,"Rv. 13 Byrkjenes i Ullensvang, Vestland",Flom.,,,flom,flom,flom,Certain,1734304397000.0,1734289997000,,,,,6.5505123,60.081684,Rv,13,,1734287074000,,0.0,1734290232000,1734290785000,1734286397000,1734300797000.0,1734283474000,1734286632000,1734287185000,Flom,2024-12-15
404,46_RV13_S31,0.34832892061755905,45267.62064822507,6725208.809802568,-199458816,b9de4191-fe4d-4f68-bded-9c0653c86c4c_1,NPRA_HBT_15-12-2024.203385,1,"Rv. 13 Berget i Ullensvang, Vestland","Trær/Busker, to påvirkede kjørefelt.",,,,nedfalne trær,nedfalne trær,Certain,1734303600000.0,1734291347000,,,,,6.731364,60.405777,Rv,13,,1734288874000,,2.0,1734291599000,1734299953000,1734287747000,1734300000000.0,1734285274000,1734287999000,1734296353000,Trefall,2024-12-15
405,46_RV13_S31,0.34832892061755905,45267.62064822507,6725208.809802568,-199458816,b9de4191-fe4d-4f68-bded-9c0653c86c4c_2,NPRA_HBT_15-12-2024.203385,2,"Rv. 13 Berget i Ullensvang, Vestland","Trær/Busker, to påvirkede kjørefelt.",,,,nedfalne trær,nedfalne trær,Certain,1734303600000.0,1734291347000,,,,,6.731364,60.405777,Rv,13,,1734288874000,,2.0,1734291599000,1734299953000,1734287747000,1734300000000.0,1734285274000,1734287999000,1734296353000,Trefall,2024-12-15
406,46_RV13_S37,0.12590524376032983,39031.033242928854,6781716.503658999,-198410240,72e0cc1d-b1fc-4dc9-bd03-8ada18dd76be_1,NPRA_HBT_15-12-2024.203417,1,"Rv. 13 Kvassdalen i Voss, Vestland","Jordskred, vegen er stengt.",,,løsmasseskred,løsmasseskred,løsmasseskred,Certain,1734307214000.0,1734292814000,,,,,6.487053,60.90057,Rv,13,,1734289774000,,2.0,1734292880000,1734292880000,1734289214000,1734303614000.0,1734286174000,1734289280000,1734289280000,Jordskred,2024-12-15
407,46_RV13_S37,0.12590524376032983,39031.033242928854,6781716.503658999,-198410240,72e0cc1d-b1fc-4dc9-bd03-8ada18dd76be_2,NPRA_HBT_15-12-2024.203417,2,"Rv. 13 Kvassdalen i Voss, Vestland","Jordskred, vegen er stengt.",,,løsmasseskred,løsmasseskred,løsmasseskred,Certain,1734307214000.0,1734292814000,,,,,6.487053,60.90057,Rv,13,,1734289774000,,2.0,1734292880000,1734292880000,1734289214000,1734303614000.0,1734286174000,1734289280000,1734289280000,Jordskred,2024-12-15
408,46_RV13_S27,0.27668145060435595,32869.73707815644,6698133.013533856,-197885952,9915661d-2d40-4bbf-954d-ba93b2e25806_1,NPRA_HBT_15-12-2024.203433,1,"Rv. 13 Skarvabjørgtunnelen i Ullensvang, Vestland",Flom.,,,flom,flom,flom,Certain,1734322471000.0,1734293671000,,,,,6.5713096,60.151207,Rv,13,,1734290675000,,0.0,1734293713000,1734293713000,1734290071000,1734318871000.0,1734287075000,1734290113000,1734290113000,Flom,2024-12-15
410,46_RV13_S27,0.2650820969493514,32416.61628388439,6696697.115271029,-196444160,c2688c35-e4d5-4521-b22b-425e85d7010f_1,NPRA_HBT_15-12-2024.203477,1,"Rv. 13 Skarvabjørgtunnelen i Ullensvang, Vestland - rv. 13 Okslatunnelen i Ullensvang, Vestland","Steinskred/steinsprang, vegen er stengt.
Ny vurdering 16.12.2024 19:00.",,,steinskred,steinskred,steinskred,Certain,1734375600000.0,1734296168000,6.5712998993762355,60.15120673914304,6.55944613598793,60.123702769154015,6.5665264,60.137936,Rv,13,,1734293375000,,2.0,1734296722000,1734366592000,1734292568000,1734372000000.0,1734289775000,1734293122000,1734362992000,Steinsprang,2024-12-15
411,46_RV13_S27,0.2650820969493514,32416.61628388439,6696697.115271029,-196444160,c2688c35-e4d5-4521-b22b-425e85d7010f_2,NPRA_HBT_15-12-2024.203477,2,"Rv. 13 Skarvabjørgtunnelen i Ullensvang, Vestland - rv. 13 Okslatunnelen i Ullensvang, Vestland","Steinskred/steinsprang, vegen er stengt.
Ny vurdering 16.12.2024 19:00.",,,steinskred,steinskred,steinskred,Certain,1734375600000.0,1734296168000,6.5712998993762355,60.15120673914304,6.55944613598793,60.123702769154015,6.5665264,60.137936,Rv,13,,1734293375000,,2.0,1734296737000,1734366592000,1734292568000,1734372000000.0,1734289775000,1734293137000,1734362992000,Steinsprang,2024-12-15
412,46_RV13_S26,0.702622599865089,30802.042738672346,6686450.892754862,-195624960,ba1783ac-9e6e-417f-977a-392a8f51974c_1,NPRA_HBT_15-12-2024.203502,1,"Rv. 13 Sjursfoss i Ullensvang, Vestland","Trær/Busker, vegen er stengt.",,,,nedfalne trær,nedfalne trær,Certain,1734361200000.0,1734298081000,,,,,6.5612392,60.045086,Rv,13,,1734295176000,,2.0,1734298211000,1734346088000,1734294481000,1734357600000.0,1734291576000,1734294611000,1734342488000,Trefall,2024-12-15
413,46_RV13_S26,0.702622599865089,30802.042738672346,6686450.892754862,-195624960,ba1783ac-9e6e-417f-977a-392a8f51974c_2,NPRA_HBT_15-12-2024.203502,2,"Rv. 13 Sjursfoss i Ullensvang, Vestland","Trær/Busker, vegen er stengt.",,,,nedfalne trær,nedfalne trær,Certain,1734361200000.0,1734298081000,,,,,6.5612392,60.045086,Rv,13,,1734295176000,,2.0,1734298211000,1734346088000,1734294481000,1734357600000.0,1734291576000,1734294611000,1734342488000,Trefall,2024-12-15
414,46_RV13_S38,0.06285484287303976,39592.8254031447,6788660.117725509,-194969600,387e13f3-3315-49fe-ac68-a8cceba19287_1,NPRA_HBT_15-12-2024.203522,1,"Rv. 13 Vikafjellet i Voss/Vik, Vestland","Uvær, vegen er stengt.
Ny vurdering kl 11.",,,uvær,uvær,uvær,Certain,1734346800000.0,1734298959000,6.540066713982508,61.00921058233126,6.485748652779133,60.901530400763754,6.480722,60.962875,Rv,13,,1734296079000,,1.0,1734299000000,1734342009000,1734295359000,1734343200000.0,1734292479000,1734295400000,1734338409000,Uvær,2024-12-15
415,46_RV13_S38,0.06285484287303976,39592.8254031447,6788660.117725509,-194969600,387e13f3-3315-49fe-ac68-a8cceba19287_2,NPRA_HBT_15-12-2024.203522,2,"Rv. 13 Vikafjellet i Voss/Vik, Vestland","Uvær, vegen er stengt.
Ny vurdering kl 11.",,,uvær,uvær,uvær,Certain,1734346800000.0,1734298959000,6.540066713982508,61.00921058233126,6.485748652779133,60.901530400763754,6.480722,60.962875,Rv,13,,1734296079000,,1.0,1734299000000,1734342009000,1734295359000,1734343200000.0,1734292479000,1734295400000,1734338409000,Uvær,2024-12-15
416,46_RV13_S25,0.11908684294746405,30389.428807301272,6680838.9864308415,-193167360,4bcbed98-72bd-4b1b-beab-d93ee283e9d8_1,NPRA_HBT_15-12-2024.203577,1,"Rv. 13 Steinaberg bru i Ullensvang, Vestland - rv. 13 Vasstun i Ullensvang, Vestland","Fare for steinskred/steinsprang, vegen er stengt.
Ny vurdering 16.12.2024 10:00.",,,skred,steinskred,fare for steinskred,RiskOf,1734343200000.0,1734302153000,6.588826229307248,59.93614937273695,6.559552482298219,60.05252051797214,6.5667105,59.99477,Rv,13,,1734298778000,,2.0,1734302285000,1734302319000,1734298553000,1734339600000.0,1734295178000,1734298685000,1734298719000,Fare for steinsprang,2024-12-15
417,46_RV13_S25,0.11908684294746405,30389.428807301272,6680838.9864308415,-193167360,4bcbed98-72bd-4b1b-beab-d93ee283e9d8_2,NPRA_HBT_15-12-2024.203577,2,"Rv. 13 Steinaberg bru i Ullensvang, Vestland - rv. 13 Vasstun i Ullensvang, Vestland","Fare for steinskred/steinsprang, vegen er stengt.
Ny vurdering 16.12.2024 10:00.",,,skred,steinskred,fare for steinskred,RiskOf,1734343200000.0,1734302153000,6.588826229307248,59.93614937273695,6.559552482298219,60.05252051797214,6.5667105,59.99477,Rv,13,,1734298778000,,2.0,1734302285000,1734302319000,1734298553000,1734339600000.0,1734295178000,1734298685000,1734298719000,Fare for steinsprang,2024-12-15
421,46_RV13_S28,0.05224241389757058,34449.316208126314,6702301.393375665,-191758336,67c4f177-7b97-45ce-8603-2bbbcd6a6f55_1,NPRA_HBT_15-12-2024.203620,1,"Rv. 13 Vindhammertunnelen i Ullensvang, Vestland","Steinskred/steinsprang, vegen er stengt.
Ny vurdering 16.12.2024 19:00.",,,steinskred,steinskred,steinskred,Certain,1734375600000.0,1734304605000,,,,,6.589927,60.190033,Rv,13,,1734301478000,,2.0,1734304680000,1734368442000,1734301005000,1734372000000.0,1734297878000,1734301080000,1734364842000,Steinsprang,2024-12-15
422,46_RV13_S28,0.05224241389757058,34449.316208126314,6702301.393375665,-191758336,67c4f177-7b97-45ce-8603-2bbbcd6a6f55_2,NPRA_HBT_15-12-2024.203620,2,"Rv. 13 Vindhammertunnelen i Ullensvang, Vestland","Steinskred/steinsprang, vegen er stengt.
Ny vurdering 16.12.2024 19:00.",,,steinskred,steinskred,steinskred,Certain,1734375600000.0,1734304605000,,,,,6.589927,60.190033,Rv,13,,1734301478000,,2.0,1734304680000,1734368442000,1734301005000,1734372000000.0,1734297878000,1734301080000,1734364842000,Steinsprang,2024-12-15
423,46_RV13_S20,0.003973715280346659,36412.62137879076,6650291.347171012,-191725568,e3e94789-1a2c-4df8-89c6-eba576a46445_1,NPRA_HBT_15-12-2024.203621,1,"Rv. 13 Kjeldehammartunnelen i Suldal, Rogaland - rv. 13 Horda i Ullensvang, Vestland","Jordskred, vegen er stengt.",,,løsmasseskred,løsmasseskred,løsmasseskred,Certain,1734350400000.0,1734304879000,6.798042912551113,59.648719594930604,6.773065030339273,59.81315975300156,6.741575,59.730164,Rv,13,,1734302378000,,2.0,1734305523000,1734344431000,1734301279000,1734346800000.0,1734298778000,1734301923000,1734340831000,Jordskred,2024-12-15
424,46_RV13_S20,0.003973715280346659,36412.62137879076,6650291.347171012,-191725568,e3e94789-1a2c-4df8-89c6-eba576a46445_2,NPRA_HBT_15-12-2024.203621,2,"Rv. 13 Kjeldehammartunnelen i Suldal, Rogaland - rv. 13 Horda i Ullensvang, Vestland","Jordskred, vegen er stengt.",,,løsmasseskred,løsmasseskred,løsmasseskred,Certain,1734350400000.0,1734304879000,6.798042912551113,59.648719594930604,6.773065030339273,59.81315975300156,6.741575,59.730164,Rv,13,,1734307295000,,2.0,1734310136000,1734344431000,1734301279000,1734346800000.0,1734303695000,1734306536000,1734340831000,Jordskred,2024-12-15
425,46_RV13_S32,0.2264012926688299,51688.31328450836,6732601.448427537,-1768456192,7eb478ac-e69a-4fe1-8e4f-850f0876edb3_1,NPRA_HBT_16-12-2024.204079,1,"Rv. 13 Hardangerbrua i Ulvik, Vestland","Sterk vind, fare for stengt veg.",,,uvær,uvær,uvær,Certain,1734372000000.0,1734342811000,,,,,6.8301325,60.47864,Rv,13,,1734339695000,,0.0,1734342851000,1734356673000,1734339211000,1734368400000.0,1734336095000,1734339251000,1734353073000,Uvær,2024-12-16
426,46_RV13_S32,0.2264012926688299,51688.31328450836,6732601.448427537,-1768456192,7eb478ac-e69a-4fe1-8e4f-850f0876edb3_2,NPRA_HBT_16-12-2024.204079,2,"Rv. 13 Hardangerbrua i Ulvik, Vestland","Sterk vind, fare for stengt veg.",,,uvær,uvær,uvær,Certain,1734372000000.0,1734342811000,,,,,6.8301325,60.47864,Rv,13,,1734339695000,,0.0,1734342851000,1734356673000,1734339211000,1734368400000.0,1734336095000,1734339251000,1734353073000,Uvær,2024-12-16
428,46_RV13_S30,0.4668481365041263,43222.290188120154,6722661.542752322,967573504,359ed8b4-faf3-46e9-833c-c35b1cdf367b_1,NPRA_HBT_17-12-2024.205080,1,"Rv. 13 Salthella i Ullensvang, Vestland - rv. 13 Vegaskilhammaren i Ullensvang, Vestland",Steinskred/steinsprang.,,,steinskred,steinskred,steinskred,Certain,1734450983000.0,1734436583000,6.694513110248122,60.38391092334761,6.706210015976559,60.37765863984447,6.7004304,60.380844,Rv,13,,1734433212000,,0.0,1734436628000,1734442595000,1734432983000,1734447383000.0,1734429612000,1734433028000,1734438995000,Steinsprang,2024-12-17
429,46_RV13_S38,0.06285484287303976,39592.8254031447,6788660.117725509,-607387648,008e57d2-7a2b-4d59-a0b9-e507df8a0099_3,NPRA_HBT_18-12-2024.205592,3,"Rv. 13 Vikafjellet i Voss/Vik, Vestland","Uvær, fare for kolonnekjøring.|Bruk kjetting, gjelder for totalvekt større enn 7,5 tonn.",,,uvær,uvær,uvær,Certain,1734523200000.0,1734498488000,6.540066713982508,61.00921058233126,6.485748652779133,60.901530400763754,6.480722,60.962875,Rv,13,,1734496308000,,0.0,1734499603000,1734499603000,1734494888000,1734519600000.0,1734492708000,1734496003000,1734496003000,Uvær,2024-12-18
430,46_RV13_S38,0.06285484287303976,39592.8254031447,6788660.117725509,-607387648,37847718-d7f0-44fd-9458-d95102c90342_1,NPRA_HBT_18-12-2024.205592,1,"Rv. 13 Vikafjellet i Voss/Vik, Vestland","Uvær, fare for kolonnekjøring.|Bruk kjetting, gjelder for totalvekt større enn 7,5 tonn.",,,uvær,uvær,uvær,Certain,1734523200000.0,1734498488000,6.540066713982508,61.00921058233126,6.485748652779133,60.901530400763754,6.480722,60.962875,Rv,13,,1734495408000,,0.0,1734498551000,1734499603000,1734494888000,1734519600000.0,1734491808000,1734494951000,1734496003000,Uvær,2024-12-18
431,46_RV13_S38,0.06285484287303976,39592.8254031447,6788660.117725509,-607387648,37847718-d7f0-44fd-9458-d95102c90342_2,NPRA_HBT_18-12-2024.205592,2,"Rv. 13 Vikafjellet i Voss/Vik, Vestland","Uvær, fare for kolonnekjøring.|Bruk kjetting, gjelder for totalvekt større enn 7,5 tonn.",,,uvær,uvær,uvær,Certain,1734523200000.0,1734498488000,6.540066713982508,61.00921058233126,6.485748652779133,60.901530400763754,6.480722,60.962875,Rv,13,,1734495408000,,0.0,1734498551000,1734499603000,1734494888000,1734519600000.0,1734491808000,1734494951000,1734496003000,Uvær,2024-12-18
432,46_RV13_S36,0.3380415823117595,38605.17525670491,6769822.86807568,-289472512,7203e008-ffae-4d5a-a1a2-a2d00e0a6c2e_1,NPRA_HBT_26-12-2024.210686,1,"Rv. 13 Vinje kyrkje i Voss, Vestland",Isnedfall.,,,,isnedfall,isnedfall,Certain,1735217534000.0,1735210334000,,,,,6.507563,60.794468,Rv,13,,1735207672000,,0.0,1735210650000,1735210650000,1735206734000,1735213934000.0,1735204072000,1735207050000,1735207050000,Isnedfall,2024-12-26
436,46_RV13_S36,0.07654239120285992,38458.33589321928,6770233.016929827,862945280,4174376b-2b8a-48c7-862c-e73a813ace7f_1,NPRA_HBT_28-12-2024.211935,1,"Rv. 13 Vinje i Voss, Vestland - rv. 13 Myrkdalstunnelen i Voss, Vestland, i retning mot Dragsvik",Isnedfall.,,,,isnedfall,isnedfall,Certain,1735390702000.0,1735383502000,6.508380140456735,60.792110198288434,6.499482287369004,60.80357718314213,6.5039234,60.79794,Rv,13,,1735380318000,,0.0,1735383599000,1735383599000,1735379902000,1735387102000.0,1735376718000,1735379999000,1735379999000,Isnedfall,2024-12-28
437,46_RV13_S38,0.0024370868838203517,37377.24441651598,6786497.963936685,-715554816,92040839-6c50-4c82-bde2-d717fdab0961_1,NPRA_HBT_29-12-2024.212339,1,"Rv. 13 Vikafjellet i Voss/Vik, Vestland","Uvær, vegen er stengt.
| Stengt grunnet uvær
| Kolonne fra kl 09:30. Store kjøretøy må bruke kjetting.",,,uvær,uvær,uvær,Certain,1735464600000.0,1735432493000,,,,,6.445453,60.941097,Rv,13,,1735429832000,,2.0,1735432586000,1735461015000,1735428893000,1735461000000.0,1735426232000,1735428986000,1735457415000,Uvær,2024-12-29
438,46_RV13_S38,0.0024370868838203517,37377.24441651598,6786497.963936685,-715554816,92040839-6c50-4c82-bde2-d717fdab0961_2,NPRA_HBT_29-12-2024.212339,2,"Rv. 13 Vikafjellet i Voss/Vik, Vestland","Uvær, vegen er stengt.
| Stengt grunnet uvær
| Kolonne fra kl 09:30. Store kjøretøy må bruke kjetting.",,,uvær,uvær,uvær,Certain,1735464600000.0,1735432493000,,,,,6.445453,60.941097,Rv,13,,1735429832000,,2.0,1735432586000,1735461015000,1735428893000,1735461000000.0,1735426232000,1735428986000,1735457415000,Uvær,2024-12-29
440,46_RV13_S36,0.5270487524423263,38474.62037530687,6770183.594224135,-711852032,f9ffff31-f5b4-43eb-aa75-b7d47132e5b2_1,NPRA_HBT_29-12-2024.212452,1,"Rv. 13 Vinje i Voss, Vestland - rv. 13 Myrkdalstunnelen i Voss, Vestland, i retning mot Dragsvik",Isnedfall.,,,,isnedfall,isnedfall,Certain,1735471150000.0,1735463950000,6.508296688837554,60.79215597756204,6.499465122939258,60.80373358369856,6.5043364,60.79752,Rv,13,,1735460431000,,0.0,1735463990000,1735463990000,1735460350000,1735467550000.0,1735456831000,1735460390000,1735460390000,Isnedfall,2024-12-29
441,46_RV13_S38,0.06285484287303976,39592.8254031447,6788660.117725509,-700022784,64555902-a595-4386-a2a0-22b0f4051115_2,NPRA_HBT_29-12-2024.212813,2,"Rv. 13 Vikafjellet i Voss/Vik, Vestland","Uvær.|Bruk kjetting, gjelder for totalvekt større enn 7,5 tonn.",,,uvær,uvær,uvær,Certain,,1735498926000,6.540066713982508,61.00921058233126,6.485748652779133,60.901530400763754,6.480722,60.962875,Rv,13,,1735495529000,,0.0,1735498982000,1735560334000,1735495326000,,1735491929000,1735495382000,1735556734000,Uvær,2024-12-29
442,46_RV13_S38,0.06285484287303976,39592.8254031447,6788660.117725509,-700022784,84a830d3-5593-43c7-81cf-0689954a54ae_1,NPRA_HBT_29-12-2024.212813,1,"Rv. 13 Vikafjellet i Voss/Vik, Vestland","Uvær.|Bruk kjetting, gjelder for totalvekt større enn 7,5 tonn.",,,uvær,uvær,uvær,Certain,,1735498926000,6.540066713982508,61.00921058233126,6.485748652779133,60.901530400763754,6.480722,60.962875,Rv,13,,1735495529000,,0.0,1735498982000,1735560334000,1735495326000,,1735491929000,1735495382000,1735556734000,Uvær,2024-12-29
443,46_RV13_S25,0.053740975161157216,30613.813673215627,6676004.831265994,2023194624,7f3a8f33-4727-4375-81b5-513f6869f0bd_1,NPRA_HBT_02-01-2025.214959,1,"Rv. 13 Låtefoss i Ullensvang, Vestland","Snøskred, ett stengt kjørefelt.",,,snøskred,snøskred,snøskred,Certain,1735804819000.0,1735797619000,,,,,6.581673,59.952087,Rv,13,,1735794134000,,1.0,1735797697000,1735797697000,1735794019000,1735801219000.0,1735790534000,1735794097000,1735794097000,Snøskred,2025-01-02
444,46_RV13_S25,0.053740975161157216,30613.813673215627,6676004.831265994,2023194624,7f3a8f33-4727-4375-81b5-513f6869f0bd_2,NPRA_HBT_02-01-2025.214959,2,"Rv. 13 Låtefoss i Ullensvang, Vestland","Snøskred, ett stengt kjørefelt.",,,snøskred,snøskred,snøskred,Certain,1735804819000.0,1735797619000,,,,,6.581673,59.952087,Rv,13,,1735794134000,,1.0,1735797697000,1735797697000,1735794019000,1735801219000.0,1735790534000,1735794097000,1735794097000,Snøskred,2025-01-02
445,46_RV13_S25,0.06421869168982751,30682.403921323596,6675500.468620798,-1035993088,e1e4feb9-5740-4297-9036-50f8acd0f713_1,NPRA_HBT_02-01-2025.1202,1,"Rv. 13 Låtefoss i Ullensvang, Vestland","Snøskred, ett stengt kjørefelt.",,,snøskred,snøskred,snøskred,Certain,1735827180000.0,1735819980000,,,,,6.5840316,59.947685,Rv,13,,1735816633000,,1.0,1735820160000,1735820160000,1735816380000,1735823580000.0,1735813033000,1735816560000,1735816560000,Snøskred,2025-01-02
446,46_RV13_S25,0.06421869168982751,30682.403921323596,6675500.468620798,-1035993088,e1e4feb9-5740-4297-9036-50f8acd0f713_2,NPRA_HBT_02-01-2025.1202,2,"Rv. 13 Låtefoss i Ullensvang, Vestland","Snøskred, ett stengt kjørefelt.",,,snøskred,snøskred,snøskred,Certain,1735827180000.0,1735819980000,,,,,6.5840316,59.947685,Rv,13,,1735816633000,,1.0,1735820160000,1735820160000,1735816380000,1735823580000.0,1735813033000,1735816560000,1735816560000,Snøskred,2025-01-02
447,46_RV13_S38,0.06285484287303976,39592.8254031447,6788660.117725509,163577856,bc130ca6-2848-46db-979e-c8f226b366c7_1,NPRA_HBT_03-01-2025.2014,1,"Rv. 13 Vikafjellet i Voss/Vik, Vestland","Uvær, fare for kolonnekjøring.",,,uvær,uvær,uvær,Certain,1736244000000.0,1735900642000,6.540066713982508,61.00921058233126,6.485748652779133,60.901530400763754,6.480722,60.962875,Rv,13,,1735897767000,,0.0,1736162040000,1736162040000,1735897042000,1736240400000.0,1735894167000,1736158440000,1736158440000,Uvær,2025-01-03
448,46_RV13_S38,0.06285484287303976,39592.8254031447,6788660.117725509,163577856,bc130ca6-2848-46db-979e-c8f226b366c7_2,NPRA_HBT_03-01-2025.2014,2,"Rv. 13 Vikafjellet i Voss/Vik, Vestland","Uvær, fare for kolonnekjøring.",,,uvær,uvær,uvær,Certain,1736244000000.0,1735900642000,6.540066713982508,61.00921058233126,6.485748652779133,60.901530400763754,6.480722,60.962875,Rv,13,,1736158811000,,0.0,1736162040000,1736162040000,1735897042000,1736240400000.0,1736155211000,1736158440000,1736158440000,Uvær,2025-01-03
449,46_RV13_S26,0.030060801824437516,30531.383811276,6684247.660498779,1254096896,31c8e31b-ac9f-4219-a3f8-1ac5c6c4558b_1,NPRA_HBT_04-01-2025.2774,1,"Rv. 13 Tjødnadal i Ullensvang, Vestland","Oversvømmelse, fare for stengt veg.",,,flom,flom,flom,Certain,1735995973000.0,1735981573000,,,,,6.5614614,60.025208,Rv,13,,1735978623000,,0.0,1735981604000,1735981614000,1735977973000,1735992373000.0,1735975023000,1735978004000,1735978014000,Flom,2025-01-04
450,46_RV13_S26,0.030060801824437516,30531.383811276,6684247.660498779,1254096896,31c8e31b-ac9f-4219-a3f8-1ac5c6c4558b_2,NPRA_HBT_04-01-2025.2774,2,"Rv. 13 Tjødnadal i Ullensvang, Vestland","Oversvømmelse, fare for stengt veg.",,,flom,flom,flom,Certain,1735995973000.0,1735981573000,,,,,6.5614614,60.025208,Rv,13,,1735978623000,,0.0,1735981614000,1735981614000,1735977973000,1735992373000.0,1735975023000,1735978014000,1735978014000,Flom,2025-01-04
452,46_RV13_S38,0.06285484287303976,39592.8254031447,6788660.117725509,-759169024,13361b34-f45e-44f0-ac51-35a6d310ed3a_1,NPRA_HBT_06-01-2025.4342,1,"Rv. 13 Vikafjellet i Voss/Vik, Vestland","Uvær.
Store kjøretøy må bruke kjetting.",,,uvær,uvær,uvær,Certain,1736326800000.0,1736175600000,6.540066713982508,61.00921058233126,6.485748652779133,60.901530400763754,6.480722,60.962875,Rv,13,,1736249015000,,0.0,1736251978000,1736278777000,1736172000000,1736323200000.0,1736245415000,1736248378000,1736275177000,Uvær,2025-01-06
453,46_RV13_S38,0.06285484287303976,39592.8254031447,6788660.117725509,-759169024,13361b34-f45e-44f0-ac51-35a6d310ed3a_3,NPRA_HBT_06-01-2025.4342,3,"Rv. 13 Vikafjellet i Voss/Vik, Vestland","Uvær, vegen er stengt.
Ny vurdering 07.01.2025 10:00.",,,uvær,uvær,uvær,Certain,1736247600000.0,1736175600000,6.540066713982508,61.00921058233126,6.485748652779133,60.901530400763754,6.480722,60.962875,Rv,13,,1736183112000,,1.0,1736185910000,1736186242000,1736172000000,1736244000000.0,1736179512000,1736182310000,1736182642000,Uvær,2025-01-06
454,46_RV13_S38,0.06285484287303976,39592.8254031447,6788660.117725509,-759169024,13361b34-f45e-44f0-ac51-35a6d310ed3a_4,NPRA_HBT_06-01-2025.4342,4,"Rv. 13 Vikafjellet i Voss/Vik, Vestland","Uvær, vegen er stengt.
Ny vurdering 07.01.2025 10:00.",,,uvær,uvær,uvær,Certain,1736247600000.0,1736175600000,6.540066713982508,61.00921058233126,6.485748652779133,60.901530400763754,6.480722,60.962875,Rv,13,,1736183112000,,1.0,1736185910000,1736186242000,1736172000000,1736244000000.0,1736179512000,1736182310000,1736182642000,Uvær,2025-01-06
455,46_RV13_S48,0.1617148475394309,70762.76700845105,6808639.538690166,465567744,7d5fc251-1227-4501-8045-6c6bf12cb3c6_1,NPRA_HBT_06-01-2025.4926,1,"Rv. 13 Buviki i Sogndal, Vestland","Steinskred/steinsprang, vegen er stengt.
Stengt, ny vurdering kl 07.00 ",,,steinskred,steinskred,steinskred,Certain,1736233200000.0,1736205815000,,,,,7.005766,61.17556,Rv,13,,1736202909000,,2.0,1736205874000,1736209718000,1736202215000,1736229600000.0,1736199309000,1736202274000,1736206118000,Steinsprang,2025-01-06
456,46_RV13_S48,0.1617148475394309,70762.76700845105,6808639.538690166,465567744,7d5fc251-1227-4501-8045-6c6bf12cb3c6_2,NPRA_HBT_06-01-2025.4926,2,"Rv. 13 Buviki i Sogndal, Vestland","Steinskred/steinsprang, vegen er stengt.
Stengt, ny vurdering kl 07.00 ",,,steinskred,steinskred,steinskred,Certain,1736233200000.0,1736205815000,,,,,7.005766,61.17556,Rv,13,,1736202909000,,2.0,1736205874000,1736209718000,1736202215000,1736229600000.0,1736199309000,1736202274000,1736206118000,Steinsprang,2025-01-06
457,46_RV13_S25,0.23592998864724485,30401.739067604474,6677082.732806292,-1094713344,77fe21a3-06f2-480f-af51-fec37657d73c_1,NPRA_HBT_12-01-2025.9718,1,"Rv. 13 Gjuvet i Ullensvang, Vestland",Fare for isnedfall.,,,skred,isnedfall,fare for isnedfall,RiskOf,1736727263000.0,1736698463000,,,,,6.57547,59.96142,Rv,13,,1736695468000,,0.0,1736698845000,1736698845000,1736694863000,1736723663000.0,1736691868000,1736695245000,1736695245000,Fare for isnedfall,2025-01-12
458,46_RV13_S20,0.21031856199593993,39276.69687455625,6652255.008231399,1723334656,8a1991a9-852e-417e-8e39-d35836f6d572_1,NPRA_HBT_14-01-2025.11374,1,"Rv. 13 Nesflaten - Røldal i Ullensvang, Vestland",Snøskred.,,,snøskred,snøskred,snøskred,Certain,1736849700000.0,1736835422000,,,,,6.787677,59.750797,Rv,13,,1736832407000,,0.0,1736835550000,1736848739000,1736831822000,1736846100000.0,1736828807000,1736831950000,1736845139000,Snøskred,2025-01-14
463,46_RV13_S48,0.613706161912584,71689.7994308442,6809915.81474059,-1873543168,593fc7d2-4590-4402-baac-0592479bd061_1,NPRA_HBT_15-01-2025.12341,1,"Rv. 13 Fardal i Sogndal, Vestland",Steinskred/steinsprang.,,,steinskred,steinskred,steinskred,Certain,1736930590000.0,1736923390000,,,,,7.019948,61.18792,Rv,13,,1736919984000,,0.0,1736923453000,1736923453000,1736919790000,1736926990000.0,1736916384000,1736919853000,1736919853000,Steinsprang,2025-01-15
468,46_RV13_S28,0.04545277121488362,35515.53799750452,6704779.611121462,-1641021440,6465a8e4-0aa8-43b7-a37e-fb34cd270f83_1,NPRA_HBT_15-01-2025.13228,1,"Rv. 13 Kvalnes i Ullensvang, Vestland - rv. 13 Skjelnes i Ullensvang, Vestland",Isnedfall.,,,,isnedfall,isnedfall,Certain,1736988704000.0,1736974304000,6.6040769843428055,60.22328926405552,6.598668169800817,60.20380378950959,6.603284,60.21326,Rv,13,,1736971287000,,0.0,1736974506000,1736974506000,1736970704000,1736985104000.0,1736967687000,1736970906000,1736970906000,Isnedfall,2025-01-15
469,46_RV13_S41,0.5179023663038822,48936.76328466274,6806132.932164384,-1625030656,dd24cd74-b856-49b2-a10e-bcadf30c6898_1,NPRA_HBT_15-01-2025.13289,1,"Rv. 13 Djupvik i Vik, Vestland",Isnedfall.,,,,isnedfall,isnedfall,Certain,1736989558000.0,1736982358000,,,,,6.6102314,61.12883,Rv,13,,1736979387000,,0.0,1736982433000,1736982433000,1736978758000,1736985958000.0,1736975787000,1736978833000,1736978833000,Isnedfall,2025-01-15
470,46_RV13_S28,0.09375853772620359,34453.06444037624,6702308.455534624,-1102315520,ce577e5e-f91d-48ab-adf7-812a4b0133e3_1,NPRA_HBT_16-01-2025.13587,1,"Rv. 13 Vindhammertunnelen i Ullensvang, Vestland","Isnedfall, ett påvirket kjørefelt.",,,,isnedfall,isnedfall,Certain,1737033360000.0,1737018960000,,,,,6.5899777,60.1901,Rv,13,,1737015520000,,1.0,1737019071000,1737019071000,1737015360000,1737029760000.0,1737011920000,1737015471000,1737015471000,Isnedfall,2025-01-16
471,46_RV13_S28,0.09375853772620359,34453.06444037624,6702308.455534624,-1102315520,ce577e5e-f91d-48ab-adf7-812a4b0133e3_2,NPRA_HBT_16-01-2025.13587,2,"Rv. 13 Vindhammertunnelen i Ullensvang, Vestland","Isnedfall, ett påvirket kjørefelt.",,,,isnedfall,isnedfall,Certain,1737033360000.0,1737018960000,,,,,6.5899777,60.1901,Rv,13,,1737015520000,,1.0,1737019071000,1737019071000,1737015360000,1737029760000.0,1737011920000,1737015471000,1737015471000,Isnedfall,2025-01-16
472,46_RV13_S27,0.2766979377011181,33230.606408134394,6698953.333296807,-1051197440,27371211-0e62-42eb-9eb3-714cd737621e_1,NPRA_HBT_16-01-2025.13782,1,"Rv. 13 Mjøstølsvik i Ullensvang, Vestland",Steinskred/steinsprang.,,,steinskred,steinskred,steinskred,Certain,1737034773000.0,1737031173000,,,,,6.5758615,60.158905,Rv,13,,1737028125000,,0.0,1737031204000,1737031204000,1737027573000,1737031173000.0,1737024525000,1737027604000,1737027604000,Steinsprang,2025-01-16
473,46_RV13_S25,0.12405400299879293,30660.25365249836,6675097.455884998,-1011089408,6ab89e50-e390-4b1b-98d7-d4940773ec4e_1,NPRA_HBT_16-01-2025.13935,1,"Rv. 13 Grønsdal i Ullensvang, Vestland - rv. 13 Jøsendal i Ullensvang, Vestland, i retning mot Odda",Isnedfall.,,,,isnedfall,isnedfall,Certain,1737048213000.0,1737041013000,6.572554508393646,59.9693830049259,6.574264462370829,59.92575431901209,6.5845532,59.94408,Rv,13,,1737038924000,,0.0,1737042305000,1737043938000,1737037413000,1737044613000.0,1737035324000,1737038705000,1737040338000,Isnedfall,2025-01-16
475,46_RV13_S44,0.01283803223510169,54829.83856444433,6812738.858889262,-958660608,f7655b2b-122b-4545-a9c3-c07018f0234c_1,NPRA_HBT_16-01-2025.14135,1,"Rv. 13 Leikanger i Sogndal, Vestland - rv. 13 Hella i Sogndal, Vestland, i retning mot Dragsvik",Isnedfall.,,,,isnedfall,isnedfall,Certain,1737083381000.0,1737068981000,6.8033165150857275,61.18536740444493,6.598941685778566,61.20737434791354,6.702982,61.194233,Rv,13,,1737065924000,,0.0,1737069011000,1737069011000,1737065381000,1737079781000.0,1737062324000,1737065411000,1737065411000,Isnedfall,2025-01-16
478,46_RV13_S25,0.2839875155571512,30677.4201157965,6674109.741672604,-468451328,750ad410-6b04-4f56-b202-736478bc9242_1,NPRA_HBT_17-01-2025.14309,1,"Rv. 13 Steinaberg II i Ullensvang, Vestland",Isnedfall.,,,,isnedfall,isnedfall,Certain,1737107849000.0,1737100649000,,,,,6.5870957,59.935326,Rv,13,,1737097354000,,0.0,1737100670000,1737100670000,1737097049000,1737104249000.0,1737093754000,1737097070000,1737097070000,Isnedfall,2025-01-17
480,46_RV13_S36,0.03503663354854914,37549.7329533532,6771612.9916469185,393740288,e5f69a3f-4c9b-47ff-92ce-c05e9930a530_1,NPRA_HBT_18-01-2025.15902,1,"Rv. 13 Fiskhammaren i Voss, Vestland",Isnedfall.,,,,isnedfall,isnedfall,Certain,1737233153000.0,1737225953000,,,,,6.4841366,60.80914,Rv,13,,1737223124000,,0.0,1737226009000,1737226009000,1737222353000,1737229553000.0,1737219524000,1737222409000,1737222409000,Isnedfall,2025-01-18
482,46_RV13_S27,0.036640856193915425,31326.740915826347,6693206.767448226,944242688,6605f44e-32cb-46a5-9690-7b963b26af1f_1,NPRA_HBT_19-01-2025.16306,1,"Rv. 13 Odda i Ullensvang, Vestland - rv. 13 Orri i Ullensvang, Vestland, i retning mot Voss",Isnedfall.,,,,isnedfall,isnedfall,Certain,1737311837000.0,1737304637000,6.545717406335566,60.069083926675575,6.571543567895745,60.14584709059959,6.5551195,60.10569,Rv,13,,1737301801000,,0.0,1737304858000,1737304858000,1737301037000,1737308237000.0,1737298201000,1737301258000,1737301258000,Isnedfall,2025-01-19
483,46_RV13_S48,0.13252396933795368,74185.04731660581,6811850.983266285,946864128,fef227a1-80b4-4070-9b3d-2c27021d1840_1,NPRA_HBT_19-01-2025.16316,1,"Rv. 13 Bondeviki i Sogndal, Vestland",Isnedfall.,,,,isnedfall,isnedfall,Certain,1737313652000.0,1737306452000,,,,,7.061556,61.207844,Rv,13,,1737303603000,,0.0,1737306583000,1737306583000,1737302852000,1737310052000.0,1737300003000,1737302983000,1737302983000,Isnedfall,2025-01-19
484,46_RV13_S38,0.06285484287303976,39592.8254031447,6788660.117725509,-204472320,9cf7bb75-7e98-494f-8831-f28ebb1683de_1,NPRA_HBT_24-01-2025.19828,1,"Rv. 13 Vikafjellet i Voss/Vik, Vestland","Uvær, vegen er stengt.
Ny vurdering søndag kl 1200",,,uvær,uvær,uvær,Certain,1737896400000.0,1737738000000,6.540066713982508,61.00921058233126,6.485748652779133,60.901530400763754,6.480722,60.962875,Rv,13,,1737724305000,,1.0,1737738006000,1737788601000,1737734400000,1737892800000.0,1737720705000,1737734406000,1737785001000,Uvær,2025-01-24
485,46_RV13_S38,0.06285484287303976,39592.8254031447,6788660.117725509,-204472320,9cf7bb75-7e98-494f-8831-f28ebb1683de_2,NPRA_HBT_24-01-2025.19828,2,"Rv. 13 Vikafjellet i Voss/Vik, Vestland","Uvær, vegen er stengt.
Ny vurdering søndag kl 1200",,,uvær,uvær,uvær,Certain,1737896400000.0,1737738000000,6.540066713982508,61.00921058233126,6.485748652779133,60.901530400763754,6.480722,60.962875,Rv,13,,1737724305000,,1.0,1737738006000,1737788601000,1737734400000,1737892800000.0,1737720705000,1737734406000,1737785001000,Uvær,2025-01-24
489,46_RV13_S28,0.1584723477285326,33318.80369833589,6699395.948505636,370671616,da898bb8-7969-4fac-bba2-b5d3a1f9d7db_1,NPRA_HBT_25-01-2025.20326,1,"Rv. 13 Skjelvik I i Ullensvang, Vestland",Steinskred/steinsprang.,,,steinskred,steinskred,steinskred,Certain,1737804341000.0,1737789941000,,,,,6.57642,60.162937,Rv,13,,1737786855000,,0.0,1737790090000,1737794594000,1737786341000,1737800741000.0,1737783255000,1737786490000,1737790994000,Steinsprang,2025-01-25
490,46_RV13_S48,0.3734134201474505,71227.61050163326,6809265.122631746,371195904,502bd077-d968-4436-b263-c2f2c3f7df98_1,NPRA_HBT_25-01-2025.20328,1,"Rv. 13 Ylvisåker i Sogndal, Vestland","Steinskred/steinsprang, vegen er stengt.
Ny vurdering 26.01 kl. 12:00",,,steinskred,steinskred,steinskred,Certain,1737892800000.0,1737790155000,,,,,7.0129085,61.18163,Rv,13,,1737786855000,,2.0,1737790223000,1737804591000,1737786555000,1737889200000.0,1737783255000,1737786623000,1737800991000,Steinsprang,2025-01-25
491,46_RV13_S48,0.3734134201474505,71227.61050163326,6809265.122631746,371195904,502bd077-d968-4436-b263-c2f2c3f7df98_2,NPRA_HBT_25-01-2025.20328,2,"Rv. 13 Ylvisåker i Sogndal, Vestland","Steinskred/steinsprang, vegen er stengt.
Ny vurdering 26.01 kl. 12:00",,,steinskred,steinskred,steinskred,Certain,1737892800000.0,1737790155000,,,,,7.0129085,61.18163,Rv,13,,1737786855000,,2.0,1737790223000,1737804591000,1737786555000,1737889200000.0,1737783255000,1737786623000,1737800991000,Steinsprang,2025-01-25
492,46_RV13_S33,0.027021002602684578,46596.968377090234,6740333.463507023,490471424,98f7070a-55ca-47e2-a45a-09217ffe87b6_1,NPRA_HBT_25-01-2025.20783,1,"Rv. 13 Trelldalen i Voss, Vestland","Isnedfall, ett påvirket kjørefelt.",,,,isnedfall,isnedfall,Certain,1737842118000.0,1737834918000,,,,,6.7208443,60.541656,Rv,13,,1737831855000,,1.0,1737834939000,1737834964000,1737831318000,1737838518000.0,1737828255000,1737831339000,1737831364000,Isnedfall,2025-01-25
493,46_RV13_S33,0.027021002602684578,46596.968377090234,6740333.463507023,490471424,98f7070a-55ca-47e2-a45a-09217ffe87b6_2,NPRA_HBT_25-01-2025.20783,2,"Rv. 13 Trelldalen i Voss, Vestland","Isnedfall, ett påvirket kjørefelt.",,,,isnedfall,isnedfall,Certain,1737842118000.0,1737834918000,,,,,6.7208443,60.541656,Rv,13,,1737831855000,,1.0,1737834964000,1737834964000,1737831318000,1737838518000.0,1737828255000,1737831364000,1737831364000,Isnedfall,2025-01-25
494,46_RV13_S38,0.06285484287303976,39592.8254031447,6788660.117725509,1603010560,41864380-f88d-41d4-b2e9-774e44ac80e6_1,NPRA_HBT_27-01-2025.21635,1,"Rv. 13 Vikafjellet i Voss/Vik, Vestland","Uvær.|Bruk kjetting, gjelder for totalvekt større enn 7,5 tonn.
Stedvis redusert sikt. Kjøretøy over 7.5 tonn må bruke kjetting. ",,,uvær,uvær,uvær,Certain,1738022400000.0,1737957751000,6.540066713982508,61.00921058233126,6.485748652779133,60.901530400763754,6.480722,60.962875,Rv,13,,1737954525000,,0.0,1737957913000,1738003096000,1737954151000,1738018800000.0,1737950925000,1737954313000,1737999496000,Uvær,2025-01-27
495,46_RV13_S38,0.06285484287303976,39592.8254031447,6788660.117725509,1603010560,41864380-f88d-41d4-b2e9-774e44ac80e6_2,NPRA_HBT_27-01-2025.21635,2,"Rv. 13 Vikafjellet i Voss/Vik, Vestland","Uvær, fare for kolonnekjøring.",,,uvær,uvær,uvær,Certain,1738000800000.0,1737957751000,6.540066713982508,61.00921058233126,6.485748652779133,60.901530400763754,6.480722,60.962875,Rv,13,,1737954525000,,0.0,1737957913000,1737957913000,1737954151000,1737997200000.0,1737950925000,1737954313000,1737954313000,Uvær,2025-01-27
496,46_RV13_S38,0.06285484287303976,39592.8254031447,6788660.117725509,-856424448,98955148-5234-4078-9b8a-9354e4ddf0e6_1,NPRA_HBT_05-02-2025.27421,1,"Rv. 13 Vikafjellet i Voss/Vik, Vestland","Uvær, vegen er stengt.
Ny vurdering kl. 08:00.",,,uvær,uvær,uvær,Certain,1738735200000.0,1738728000000,6.540066713982508,61.00921058233126,6.485748652779133,60.901530400763754,6.480722,60.962875,Rv,13,,1738724567000,,1.0,1738727447000,1738732131000,1738724400000,1738731600000.0,1738720967000,1738723847000,1738728531000,Uvær,2025-02-05
497,46_RV13_S38,0.06285484287303976,39592.8254031447,6788660.117725509,-856424448,98955148-5234-4078-9b8a-9354e4ddf0e6_2,NPRA_HBT_05-02-2025.27421,2,"Rv. 13 Vikafjellet i Voss/Vik, Vestland","Uvær, vegen er stengt.
Ny vurdering kl. 08:00.",,,uvær,uvær,uvær,Certain,1738735200000.0,1738728000000,6.540066713982508,61.00921058233126,6.485748652779133,60.901530400763754,6.480722,60.962875,Rv,13,,1738724567000,,1.0,1738727447000,1738732131000,1738724400000,1738731600000.0,1738720967000,1738723847000,1738728531000,Uvær,2025-02-05
499,46_RV13_S33,0.06392631445877404,46827.185929846135,6740075.490141413,-725352448,32b2781d-adbd-4f1e-858e-fcd124fb7f14_2,NPRA_HBT_05-02-2025.27921,2,"Rv. 13 Trelldalen i Voss, Vestland",Isnedfall.|Manuell dirigering.,,,,isnedfall,isnedfall,Certain,1738774800000.0,1738765825000,,,,,6.725586,60.539623,Rv,13,,1738763263000,,0.0,1738766711000,1738766711000,1738762225000,1738771200000.0,1738759663000,1738763111000,1738763111000,Isnedfall,2025-02-05
500,46_RV13_S33,0.06392631445877404,46827.185929846135,6740075.490141413,-725352448,6eba9be6-ac7e-4076-8610-136f0ebc378c_1,NPRA_HBT_05-02-2025.27921,1,"Rv. 13 Trelldalen i Voss, Vestland",Isnedfall.|Manuell dirigering.,,,,isnedfall,isnedfall,Certain,1738774800000.0,1738765825000,,,,,6.725586,60.539623,Rv,13,,1738763263000,,0.0,1738766711000,1738766711000,1738762225000,1738771200000.0,1738759663000,1738763111000,1738763111000,Isnedfall,2025-02-05
501,46_RV13_S32,0.11091486904024019,51696.65386824019,6732583.528745706,1128005632,13463733-a002-4fdf-bcd2-6ddb0daf8d02_1,NPRA_HBT_08-02-2025.29903,1,"Rv. 13 Hardangerbrua i Ulvik/Eidfjord, Vestland","Sterk vind, fare for stengt veg.",,,uvær,uvær,uvær,Certain,,1738981576000,6.823856120609264,60.48377145782033,6.836791862242444,60.47318852151293,6.830323,60.47849,Rv,13,,1738978288000,,0.0,1738981592000,1738981592000,1738977976000,,1738974688000,1738977992000,1738977992000,Uvær,2025-02-08
502,46_RV13_S32,0.11091486904024019,51696.65386824019,6732583.528745706,1128005632,13463733-a002-4fdf-bcd2-6ddb0daf8d02_2,NPRA_HBT_08-02-2025.29903,2,"Rv. 13 Hardangerbrua i Ulvik/Eidfjord, Vestland","Sterk vind, fare for stengt veg.",,,uvær,uvær,uvær,Certain,,1738981576000,6.823856120609264,60.48377145782033,6.836791862242444,60.47318852151293,6.830323,60.47849,Rv,13,,1738978288000,,0.0,1738981592000,1738981592000,1738977976000,,1738974688000,1738977992000,1738977992000,Uvær,2025-02-08
506,46_RV13_S32,0.11091486904024019,51696.65386824019,6732583.528745706,-450887680,15076a48-08f9-4ef3-a910-49154ca0dd28_1,NPRA_HBT_20-02-2025.36296,1,"Rv. 13 Hardangerbrua i Ulvik/Eidfjord, Vestland","Sterk vind, fare for stengt veg.",,,uvær,uvær,uvær,Certain,,1740029492000,6.823856120609264,60.48377145782033,6.836791862242444,60.47318852151293,6.830323,60.47849,Rv,13,,1740025962000,,0.0,1740029523000,1740029523000,1740025892000,,1740022362000,1740025923000,1740025923000,Uvær,2025-02-20
507,46_RV13_S32,0.11091486904024019,51696.65386824019,6732583.528745706,-450887680,15076a48-08f9-4ef3-a910-49154ca0dd28_2,NPRA_HBT_20-02-2025.36296,2,"Rv. 13 Hardangerbrua i Ulvik/Eidfjord, Vestland","Sterk vind, fare for stengt veg.",,,uvær,uvær,uvær,Certain,,1740029492000,6.823856120609264,60.48377145782033,6.836791862242444,60.47318852151293,6.830323,60.47849,Rv,13,,1740025962000,,0.0,1740029523000,1740029523000,1740025892000,,1740022362000,1740025923000,1740025923000,Uvær,2025-02-20
508,46_RV13_S32,0.11091486904024019,51696.65386824019,6732583.528745706,-448528384,e8d9af8a-7ccf-4ca2-9e34-564c1274d953_1,NPRA_HBT_20-02-2025.36305,1,"Rv. 13 Hardangerbrua i Ulvik/Eidfjord, Vestland","Sterk vind, fare for stengt veg.",,,uvær,uvær,uvær,Certain,,1740031753000,6.823856120609264,60.48377145782033,6.836791862242444,60.47318852151293,6.830323,60.47849,Rv,13,,1740028663000,,0.0,1740031772000,1740031772000,1740028153000,,1740025063000,1740028172000,1740028172000,Uvær,2025-02-20
509,46_RV13_S32,0.11091486904024019,51696.65386824019,6732583.528745706,-448528384,e8d9af8a-7ccf-4ca2-9e34-564c1274d953_2,NPRA_HBT_20-02-2025.36305,2,"Rv. 13 Hardangerbrua i Ulvik/Eidfjord, Vestland","Sterk vind, fare for stengt veg.",,,uvær,uvær,uvær,Certain,,1740031753000,6.823856120609264,60.48377145782033,6.836791862242444,60.47318852151293,6.830323,60.47849,Rv,13,,1740028663000,,0.0,1740031772000,1740031772000,1740028153000,,1740025063000,1740028172000,1740028172000,Uvær,2025-02-20
510,46_RV13_S32,0.11091486904024019,51696.65386824019,6732583.528745706,-445382656,28a5179b-c6cc-499a-9f25-db8d73ed66d0_1,NPRA_HBT_20-02-2025.36317,1,"Rv. 13 Hardangerbrua i Ulvik/Eidfjord, Vestland","Sterk vind, fare for stengt veg.",,,uvær,uvær,uvær,Certain,,1740033033000,6.823856120609264,60.48377145782033,6.836791862242444,60.47318852151293,6.830323,60.47849,Rv,13,,1740029562000,,0.0,1740033062000,1740033062000,1740029433000,,1740025962000,1740029462000,1740029462000,Uvær,2025-02-20
511,46_RV13_S32,0.11091486904024019,51696.65386824019,6732583.528745706,-445382656,28a5179b-c6cc-499a-9f25-db8d73ed66d0_2,NPRA_HBT_20-02-2025.36317,2,"Rv. 13 Hardangerbrua i Ulvik/Eidfjord, Vestland","Sterk vind, fare for stengt veg.",,,uvær,uvær,uvær,Certain,,1740033033000,6.823856120609264,60.48377145782033,6.836791862242444,60.47318852151293,6.830323,60.47849,Rv,13,,1740029562000,,0.0,1740033062000,1740033062000,1740029433000,,1740025962000,1740029462000,1740029462000,Uvær,2025-02-20
512,46_RV13_S32,0.11091486904024019,51696.65386824019,6732583.528745706,-443547648,5a8fc885-6be1-4355-92a2-7d67e16954b5_1,NPRA_HBT_20-02-2025.36324,1,"Rv. 13 Hardangerbrua i Ulvik/Eidfjord, Vestland","Sterk vind, fare for stengt veg.",,,uvær,uvær,uvær,Certain,,1740033953000,6.823856120609264,60.48377145782033,6.836791862242444,60.47318852151293,6.830323,60.47849,Rv,13,,1740030464000,,0.0,1740033965000,1740033965000,1740030353000,,1740026864000,1740030365000,1740030365000,Uvær,2025-02-20
513,46_RV13_S32,0.11091486904024019,51696.65386824019,6732583.528745706,-443547648,5a8fc885-6be1-4355-92a2-7d67e16954b5_2,NPRA_HBT_20-02-2025.36324,2,"Rv. 13 Hardangerbrua i Ulvik/Eidfjord, Vestland","Sterk vind, fare for stengt veg.",,,uvær,uvær,uvær,Certain,,1740033953000,6.823856120609264,60.48377145782033,6.836791862242444,60.47318852151293,6.830323,60.47849,Rv,13,,1740030464000,,0.0,1740033965000,1740033965000,1740030353000,,1740026864000,1740030365000,1740030365000,Uvær,2025-02-20
514,46_RV13_S32,0.11091486904024019,51696.65386824019,6732583.528745706,-427556864,a3bb5d33-8285-449d-8e49-98e450fd97b5_1,NPRA_HBT_20-02-2025.36385,1,"Rv. 13 Hardangerbrua i Ulvik/Eidfjord, Vestland","Sterk vind, fare for stengt veg.",,,uvær,uvær,uvær,Certain,,1740038173000,6.823856120609264,60.48377145782033,6.836791862242444,60.47318852151293,6.830323,60.47849,Rv,13,,1740034962000,,0.0,1740038194000,1740038194000,1740034573000,,1740031362000,1740034594000,1740034594000,Uvær,2025-02-20
515,46_RV13_S32,0.11091486904024019,51696.65386824019,6732583.528745706,-427556864,a3bb5d33-8285-449d-8e49-98e450fd97b5_2,NPRA_HBT_20-02-2025.36385,2,"Rv. 13 Hardangerbrua i Ulvik/Eidfjord, Vestland","Sterk vind, fare for stengt veg.",,,uvær,uvær,uvær,Certain,,1740038173000,6.823856120609264,60.48377145782033,6.836791862242444,60.47318852151293,6.830323,60.47849,Rv,13,,1740034962000,,0.0,1740038194000,1740038194000,1740034573000,,1740031362000,1740034594000,1740034594000,Uvær,2025-02-20
516,46_RV13_S32,0.11091486904024019,51696.65386824019,6732583.528745706,-408682496,180970a4-82fd-493d-98da-b9369caed573_1,NPRA_HBT_20-02-2025.36457,1,"Rv. 13 Hardangerbrua i Ulvik/Eidfjord, Vestland","Sterk vind, fare for stengt veg.",,,uvær,uvær,uvær,Certain,,1740042782000,6.823856120609264,60.48377145782033,6.836791862242444,60.47318852151293,6.830323,60.47849,Rv,13,,1740039462000,,0.0,1740042815000,1740042815000,1740039182000,,1740035862000,1740039215000,1740039215000,Uvær,2025-02-20
517,46_RV13_S32,0.11091486904024019,51696.65386824019,6732583.528745706,-408682496,180970a4-82fd-493d-98da-b9369caed573_2,NPRA_HBT_20-02-2025.36457,2,"Rv. 13 Hardangerbrua i Ulvik/Eidfjord, Vestland","Sterk vind, fare for stengt veg.",,,uvær,uvær,uvær,Certain,,1740042782000,6.823856120609264,60.48377145782033,6.836791862242444,60.47318852151293,6.830323,60.47849,Rv,13,,1740039462000,,0.0,1740042815000,1740042815000,1740039182000,,1740035862000,1740039215000,1740039215000,Uvær,2025-02-20
518,46_RV13_S32,0.11091486904024019,51696.65386824019,6732583.528745706,-391643136,209b0d7a-4f15-4144-ad0d-2540b89882f1_1,NPRA_HBT_20-02-2025.36522,1,"Rv. 13 Hardangerbrua i Ulvik/Eidfjord, Vestland","Sterk vind, fare for stengt veg.",,,uvær,uvær,uvær,Certain,,1740046396000,6.823856120609264,60.48377145782033,6.836791862242444,60.47318852151293,6.830323,60.47849,Rv,13,,1740043064000,,0.0,1740046414000,1740046414000,1740042796000,,1740039464000,1740042814000,1740042814000,Uvær,2025-02-20
519,46_RV13_S32,0.11091486904024019,51696.65386824019,6732583.528745706,-391643136,209b0d7a-4f15-4144-ad0d-2540b89882f1_2,NPRA_HBT_20-02-2025.36522,2,"Rv. 13 Hardangerbrua i Ulvik/Eidfjord, Vestland","Sterk vind, fare for stengt veg.",,,uvær,uvær,uvær,Certain,,1740046396000,6.823856120609264,60.48377145782033,6.836791862242444,60.47318852151293,6.830323,60.47849,Rv,13,,1740043064000,,0.0,1740046414000,1740046414000,1740042796000,,1740039464000,1740042814000,1740042814000,Uvær,2025-02-20
520,46_RV13_S32,0.11091486904024019,51696.65386824019,6732583.528745706,-388759552,a2ab93ab-4ce2-4d37-b7d5-ffdaf7f88845_1,NPRA_HBT_20-02-2025.36533,1,"Rv. 13 Hardangerbrua i Ulvik/Eidfjord, Vestland","Sterk vind, fare for stengt veg.",,,uvær,uvær,uvær,Certain,,1740047247000,6.823856120609264,60.48377145782033,6.836791862242444,60.47318852151293,6.830323,60.47849,Rv,13,,1740043964000,,0.0,1740047255000,1740047255000,1740043647000,,1740040364000,1740043655000,1740043655000,Uvær,2025-02-20
521,46_RV13_S32,0.11091486904024019,51696.65386824019,6732583.528745706,-388759552,a2ab93ab-4ce2-4d37-b7d5-ffdaf7f88845_2,NPRA_HBT_20-02-2025.36533,2,"Rv. 13 Hardangerbrua i Ulvik/Eidfjord, Vestland","Sterk vind, fare for stengt veg.",,,uvær,uvær,uvær,Certain,,1740047247000,6.823856120609264,60.48377145782033,6.836791862242444,60.47318852151293,6.830323,60.47849,Rv,13,,1740043964000,,0.0,1740047255000,1740047255000,1740043647000,,1740040364000,1740043655000,1740043655000,Uvær,2025-02-20
522,46_RV13_S32,0.11091486904024019,51696.65386824019,6732583.528745706,-387710976,eddc0032-8932-4caf-b6d7-125fc07132cd_1,NPRA_HBT_20-02-2025.36537,1,"Rv. 13 Hardangerbrua i Ulvik/Eidfjord, Vestland","Sterk vind, fare for stengt veg.",,,uvær,uvær,uvær,Certain,,1740047872000,6.823856120609264,60.48377145782033,6.836791862242444,60.47318852151293,6.830323,60.47849,Rv,13,,1740044865000,,0.0,1740047884000,1740047884000,1740044272000,,1740041265000,1740044284000,1740044284000,Uvær,2025-02-20
523,46_RV13_S32,0.11091486904024019,51696.65386824019,6732583.528745706,-387710976,eddc0032-8932-4caf-b6d7-125fc07132cd_2,NPRA_HBT_20-02-2025.36537,2,"Rv. 13 Hardangerbrua i Ulvik/Eidfjord, Vestland","Sterk vind, fare for stengt veg.",,,uvær,uvær,uvær,Certain,,1740047872000,6.823856120609264,60.48377145782033,6.836791862242444,60.47318852151293,6.830323,60.47849,Rv,13,,1740044865000,,0.0,1740047884000,1740047884000,1740044272000,,1740041265000,1740044284000,1740044284000,Uvær,2025-02-20
524,46_RV13_S32,0.11091486904024019,51696.65386824019,6732583.528745706,-375914496,c4708fb4-1da6-49cb-af8b-45d668aef4f6_1,NPRA_HBT_20-02-2025.36582,1,"Rv. 13 Hardangerbrua i Ulvik/Eidfjord, Vestland","Sterk vind, fare for stengt veg.",,,uvær,uvær,uvær,Certain,,1740051677000,6.823856120609264,60.48377145782033,6.836791862242444,60.47318852151293,6.830323,60.47849,Rv,13,,1740048465000,,0.0,1740051694000,1740051694000,1740048077000,,1740044865000,1740048094000,1740048094000,Uvær,2025-02-20
525,46_RV13_S32,0.11091486904024019,51696.65386824019,6732583.528745706,-375914496,c4708fb4-1da6-49cb-af8b-45d668aef4f6_2,NPRA_HBT_20-02-2025.36582,2,"Rv. 13 Hardangerbrua i Ulvik/Eidfjord, Vestland","Sterk vind, fare for stengt veg.",,,uvær,uvær,uvær,Certain,,1740051677000,6.823856120609264,60.48377145782033,6.836791862242444,60.47318852151293,6.830323,60.47849,Rv,13,,1740048465000,,0.0,1740051694000,1740051694000,1740048077000,,1740044865000,1740048094000,1740048094000,Uvær,2025-02-20
526,46_RV13_S32,0.11091486904024019,51696.65386824019,6732583.528745706,-349437952,56836d8c-8e21-4e08-a119-89ef79d8a4ea_1,NPRA_HBT_20-02-2025.36683,1,"Rv. 13 Hardangerbrua i Ulvik/Eidfjord, Vestland","Sterk vind, fare for stengt veg.",,,uvær,uvær,uvær,Certain,,1740058926000,6.823856120609264,60.48377145782033,6.836791862242444,60.47318852151293,6.830323,60.47849,Rv,13,,1740055664000,,0.0,1740058954000,1740058954000,1740055326000,,1740052064000,1740055354000,1740055354000,Uvær,2025-02-20
527,46_RV13_S32,0.11091486904024019,51696.65386824019,6732583.528745706,-349437952,56836d8c-8e21-4e08-a119-89ef79d8a4ea_2,NPRA_HBT_20-02-2025.36683,2,"Rv. 13 Hardangerbrua i Ulvik/Eidfjord, Vestland","Sterk vind, fare for stengt veg.",,,uvær,uvær,uvær,Certain,,1740058926000,6.823856120609264,60.48377145782033,6.836791862242444,60.47318852151293,6.830323,60.47849,Rv,13,,1740055664000,,0.0,1740058954000,1740058954000,1740055326000,,1740052064000,1740055354000,1740055354000,Uvær,2025-02-20
528,46_RV13_S32,0.11091486904024019,51696.65386824019,6732583.528745706,-314048512,11f84a7d-7e1f-4802-a300-c740af68821f_1,NPRA_HBT_20-02-2025.36818,1,"Rv. 13 Hardangerbrua i Ulvik/Eidfjord, Vestland","Sterk vind, fare for stengt veg.",,,uvær,uvær,uvær,Certain,,1740068610000,6.823856120609264,60.48377145782033,6.836791862242444,60.47318852151293,6.830323,60.47849,Rv,13,,1740065564000,,0.0,1740068647000,1740068647000,1740065010000,,1740061964000,1740065047000,1740065047000,Uvær,2025-02-20
529,46_RV13_S32,0.11091486904024019,51696.65386824019,6732583.528745706,-314048512,11f84a7d-7e1f-4802-a300-c740af68821f_2,NPRA_HBT_20-02-2025.36818,2,"Rv. 13 Hardangerbrua i Ulvik/Eidfjord, Vestland","Sterk vind, fare for stengt veg.",,,uvær,uvær,uvær,Certain,,1740068610000,6.823856120609264,60.48377145782033,6.836791862242444,60.47318852151293,6.830323,60.47849,Rv,13,,1740065564000,,0.0,1740068647000,1740068647000,1740065010000,,1740061964000,1740065047000,1740065047000,Uvær,2025-02-20
530,46_RV13_S32,0.11091486904024019,51696.65386824019,6732583.528745706,-306184192,3b2ce9dc-70cd-4ee6-b611-184f9b9bcfde_1,NPRA_HBT_20-02-2025.36848,1,"Rv. 13 Hardangerbrua i Ulvik/Eidfjord, Vestland","Sterk vind, fare for stengt veg.",,,uvær,uvær,uvær,Certain,,1740070260000,6.823856120609264,60.48377145782033,6.836791862242444,60.47318852151293,6.830323,60.47849,Rv,13,,1740067364000,,0.0,1740070294000,1740070294000,1740066660000,,1740063764000,1740066694000,1740066694000,Uvær,2025-02-20
531,46_RV13_S32,0.11091486904024019,51696.65386824019,6732583.528745706,-306184192,3b2ce9dc-70cd-4ee6-b611-184f9b9bcfde_2,NPRA_HBT_20-02-2025.36848,2,"Rv. 13 Hardangerbrua i Ulvik/Eidfjord, Vestland","Sterk vind, fare for stengt veg.",,,uvær,uvær,uvær,Certain,,1740070260000,6.823856120609264,60.48377145782033,6.836791862242444,60.47318852151293,6.830323,60.47849,Rv,13,,1740067364000,,0.0,1740070294000,1740070294000,1740066660000,,1740063764000,1740066694000,1740066694000,Uvær,2025-02-20
532,46_RV13_S32,0.11091486904024019,51696.65386824019,6732583.528745706,-301727744,d094b572-87a9-4fe0-b9f9-12f45b65cb10_1,NPRA_HBT_20-02-2025.36865,1,"Rv. 13 Hardangerbrua i Ulvik/Eidfjord, Vestland","Sterk vind, fare for stengt veg.",,,uvær,uvær,uvær,Certain,,1740071605000,6.823856120609264,60.48377145782033,6.836791862242444,60.47318852151293,6.830323,60.47849,Rv,13,,1740068264000,,0.0,1740071614000,1740071614000,1740068005000,,1740064664000,1740068014000,1740068014000,Uvær,2025-02-20
533,46_RV13_S32,0.11091486904024019,51696.65386824019,6732583.528745706,-301727744,d094b572-87a9-4fe0-b9f9-12f45b65cb10_2,NPRA_HBT_20-02-2025.36865,2,"Rv. 13 Hardangerbrua i Ulvik/Eidfjord, Vestland","Sterk vind, fare for stengt veg.",,,uvær,uvær,uvær,Certain,,1740071605000,6.823856120609264,60.48377145782033,6.836791862242444,60.47318852151293,6.830323,60.47849,Rv,13,,1740068264000,,0.0,1740071614000,1740071614000,1740068005000,,1740064664000,1740068014000,1740068014000,Uvær,2025-02-20
534,46_RV13_S32,0.11091486904024019,51696.65386824019,6732583.528745706,-294912000,c8049e3c-876e-4b5b-839b-746f469f381e_1,NPRA_HBT_20-02-2025.36891,1,"Rv. 13 Hardangerbrua i Ulvik/Eidfjord, Vestland","Sterk vind, fare for stengt veg.",,,uvær,uvær,uvær,Certain,,1740074315000,6.823856120609264,60.48377145782033,6.836791862242444,60.47318852151293,6.830323,60.47849,Rv,13,,1740070963000,,0.0,1740074346000,1740074346000,1740070715000,,1740067363000,1740070746000,1740070746000,Uvær,2025-02-20
535,46_RV13_S32,0.11091486904024019,51696.65386824019,6732583.528745706,-294912000,c8049e3c-876e-4b5b-839b-746f469f381e_2,NPRA_HBT_20-02-2025.36891,2,"Rv. 13 Hardangerbrua i Ulvik/Eidfjord, Vestland","Sterk vind, fare for stengt veg.",,,uvær,uvær,uvær,Certain,,1740074315000,6.823856120609264,60.48377145782033,6.836791862242444,60.47318852151293,6.830323,60.47849,Rv,13,,1740070963000,,0.0,1740074346000,1740074346000,1740070715000,,1740067363000,1740070746000,1740070746000,Uvær,2025-02-20
536,46_RV13_S32,0.11091486904024019,51696.65386824019,6732583.528745706,-285999104,3bb2f7db-c757-4166-8f17-91b3cb16b4e1_1,NPRA_HBT_20-02-2025.36925,1,"Rv. 13 Hardangerbrua i Ulvik/Eidfjord, Vestland","Sterk vind, fare for stengt veg.",,,uvær,uvær,uvær,Certain,,1740078224000,6.823856120609264,60.48377145782033,6.836791862242444,60.47318852151293,6.830323,60.47849,Rv,13,,1740075462000,,0.0,1740078245000,1740078245000,1740074624000,,1740071862000,1740074645000,1740074645000,Uvær,2025-02-20
537,46_RV13_S32,0.11091486904024019,51696.65386824019,6732583.528745706,-285999104,3bb2f7db-c757-4166-8f17-91b3cb16b4e1_2,NPRA_HBT_20-02-2025.36925,2,"Rv. 13 Hardangerbrua i Ulvik/Eidfjord, Vestland","Sterk vind, fare for stengt veg.",,,uvær,uvær,uvær,Certain,,1740078224000,6.823856120609264,60.48377145782033,6.836791862242444,60.47318852151293,6.830323,60.47849,Rv,13,,1740075462000,,0.0,1740078245000,1740078245000,1740074624000,,1740071862000,1740074645000,1740074645000,Uvær,2025-02-20
538,46_RV13_S32,0.11091486904024019,51696.65386824019,6732583.528745706,-279183360,222edc28-28ca-49d1-a5d6-a16b9559ddcd_1,NPRA_HBT_20-02-2025.36951,1,"Rv. 13 Hardangerbrua i Ulvik/Eidfjord, Vestland","Sterk vind, fare for stengt veg.",,,uvær,uvær,uvær,Certain,,1740081140000,6.823856120609264,60.48377145782033,6.836791862242444,60.47318852151293,6.830323,60.47849,Rv,13,,1740078162000,,0.0,1740081153000,1740081153000,1740077540000,,1740074562000,1740077553000,1740077553000,Uvær,2025-02-20
539,46_RV13_S32,0.11091486904024019,51696.65386824019,6732583.528745706,-279183360,222edc28-28ca-49d1-a5d6-a16b9559ddcd_2,NPRA_HBT_20-02-2025.36951,2,"Rv. 13 Hardangerbrua i Ulvik/Eidfjord, Vestland","Sterk vind, fare for stengt veg.",,,uvær,uvær,uvær,Certain,,1740081140000,6.823856120609264,60.48377145782033,6.836791862242444,60.47318852151293,6.830323,60.47849,Rv,13,,1740078162000,,0.0,1740081153000,1740081153000,1740077540000,,1740074562000,1740077553000,1740077553000,Uvær,2025-02-20
540,46_RV13_S32,0.11091486904024019,51696.65386824019,6732583.528745706,-274726912,253979ef-d4c5-4c74-bde2-ac77e989a4db_1,NPRA_HBT_20-02-2025.36968,1,"Rv. 13 Hardangerbrua i Ulvik/Eidfjord, Vestland","Sterk vind, fare for stengt veg.",,,uvær,uvær,uvær,Certain,,1740082304000,6.823856120609264,60.48377145782033,6.836791862242444,60.47318852151293,6.830323,60.47849,Rv,13,,1740079062000,,0.0,1740082327000,1740082327000,1740078704000,,1740075462000,1740078727000,1740078727000,Uvær,2025-02-20
541,46_RV13_S32,0.11091486904024019,51696.65386824019,6732583.528745706,-274726912,253979ef-d4c5-4c74-bde2-ac77e989a4db_2,NPRA_HBT_20-02-2025.36968,2,"Rv. 13 Hardangerbrua i Ulvik/Eidfjord, Vestland","Sterk vind, fare for stengt veg.",,,uvær,uvær,uvær,Certain,,1740082304000,6.823856120609264,60.48377145782033,6.836791862242444,60.47318852151293,6.830323,60.47849,Rv,13,,1740079062000,,0.0,1740082327000,1740082327000,1740078704000,,1740075462000,1740078727000,1740078727000,Uvær,2025-02-20
542,46_RV13_S32,0.11091486904024019,51696.65386824019,6732583.528745706,198967296,27e82884-ab35-4d52-af40-37eac4d9e76c_1,NPRA_HBT_21-02-2025.37079,1,"Rv. 13 Hardangerbrua i Ulvik/Eidfjord, Vestland","Sterk vind, fare for stengt veg.",,,uvær,uvær,uvær,Certain,,1740097368000,6.823856120609264,60.48377145782033,6.836791862242444,60.47318852151293,6.830323,60.47849,Rv,13,,1740094365000,,0.0,1740097384000,1740097384000,1740093768000,,1740090765000,1740093784000,1740093784000,Uvær,2025-02-21
543,46_RV13_S32,0.11091486904024019,51696.65386824019,6732583.528745706,198967296,27e82884-ab35-4d52-af40-37eac4d9e76c_2,NPRA_HBT_21-02-2025.37079,2,"Rv. 13 Hardangerbrua i Ulvik/Eidfjord, Vestland","Sterk vind, fare for stengt veg.",,,uvær,uvær,uvær,Certain,,1740097368000,6.823856120609264,60.48377145782033,6.836791862242444,60.47318852151293,6.830323,60.47849,Rv,13,,1740094365000,,0.0,1740097384000,1740097384000,1740093768000,,1740090765000,1740093784000,1740093784000,Uvær,2025-02-21
544,46_RV13_S36,0.18722651350966246,37488.940232793684,6771628.822607126,446955520,5c56542e-6bdf-4bd4-bb1f-ad3663426596_1,NPRA_HBT_21-02-2025.38025,1,"Rv. 13 Fiskhammaren i Voss, Vestland",Oversvømmelse.,,,flom,flom,flom,Certain,1740186040000.0,1740178840000,,,,,6.482994,60.80921,Rv,13,,1740175767000,,0.0,1740178875000,1740178993000,1740175240000,1740182440000.0,1740172167000,1740175275000,1740175393000,Flom,2025-02-21
545,46_RV13_S25,0.025118654128388124,30674.412244391802,6674803.612341359,918552576,a4a6dca8-3fd3-4452-83b8-7c0fcc1e5f15_1,NPRA_HBT_22-02-2025.38128,1,"Rv. 13 Låtefoss i Ullensvang, Vestland - rv. 13 Steinaberg bru i Ullensvang, Vestland",Steinskred/steinsprang.,,,steinskred,steinskred,steinskred,Certain,1740206357000.0,1740199157000,6.584043989116722,59.94733024662807,6.588993604244894,59.935882341582335,6.58547,59.941486,Rv,13,,1740196376000,,0.0,1740199212000,1740199212000,1740195557000,1740202757000.0,1740192776000,1740195612000,1740195612000,Steinsprang,2025-02-22
548,46_RV13_S26,0.04304552804115724,30143.371159744507,6682078.31048434,1555562496,46aa1e65-0b7a-45d2-a3bd-76d5f74f5f8a_1,NPRA_HBT_23-02-2025.38862,1,"Rv. 13 Storelva i Ullensvang, Vestland",Isnedfall.,,,,isnedfall,isnedfall,Certain,1740312832000.0,1740305632000,,,,,6.5595236,60.005497,Rv,13,,1740302112000,,0.0,1740305651000,1740305651000,1740302032000,1740309232000.0,1740298512000,1740302051000,1740302051000,Isnedfall,2025-02-23
549,46_RV13_S26,0.0198225907952802,30109.385191784764,6682311.569919266,1559494656,60a745d7-e0f1-4f17-8b3a-f034584c06c4_1,NPRA_HBT_23-02-2025.38877,1,"Rv. 13 Sandvin i Ullensvang, Vestland",Isnedfall.,,,,isnedfall,isnedfall,Certain,1740315076000.0,1740307876000,,,,,6.558389,60.00753,Rv,13,,1740304809000,,0.0,1740308139000,1740308139000,1740304276000,1740311476000.0,1740301209000,1740304539000,1740304539000,Isnedfall,2025-02-23
550,46_RV13_S27,0.6790111173445796,32514.047332196555,6696817.892579985,1642856448,0d74c725-6aa1-4add-8e31-192e9d83cd96_1,NPRA_HBT_23-02-2025.39195,1,"Rv. 13 Stana i Ullensvang, Vestland","Isnedfall, ett påvirket kjørefelt.",,,,isnedfall,isnedfall,Certain,1740361092000.0,1740353892000,,,,,6.567985,60.13912,Rv,13,,1740350706000,,1.0,1740353920000,1740354148000,1740350292000,1740357492000.0,1740347106000,1740350320000,1740350548000,Isnedfall,2025-02-23
551,46_RV13_S27,0.6790111173445796,32514.047332196555,6696817.892579985,1642856448,0d74c725-6aa1-4add-8e31-192e9d83cd96_2,NPRA_HBT_23-02-2025.39195,2,"Rv. 13 Stana i Ullensvang, Vestland","Isnedfall, ett påvirket kjørefelt.",,,,isnedfall,isnedfall,Certain,1740361092000.0,1740353892000,,,,,6.567985,60.13912,Rv,13,,1740350706000,,1.0,1740354148000,1740354148000,1740350292000,1740357492000.0,1740347106000,1740350548000,1740350548000,Isnedfall,2025-02-23
552,46_RV13_S27,0.30819728142533936,32964.86056282697,6698388.407216444,2096627712,30aae48a-ce01-45c5-aab2-a9fc9313815c_1,NPRA_HBT_24-02-2025.39230,1,"Rv. 13 Mjøstølsvik i Ullensvang, Vestland - rv. 13 Skarvabjørgtunnelen i Ullensvang, Vestland",Steinskred/steinsprang.,,,steinskred,steinskred,steinskred,Certain,1740384419000.0,1740370019000,6.576283374849659,60.15925193453373,6.570120209499068,60.147876513101174,6.5724196,60.153584,Rv,13,,1740367478000,,0.0,1740370283000,1740370283000,1740366419000,1740380819000.0,1740363878000,1740366683000,1740366683000,Steinsprang,2025-02-24
553,46_RV13_S26,0.6397254184424397,30754.23899670696,6685860.434252919,2106851328,8c76985c-e96b-4286-a9fe-12a3a9fcdace_1,NPRA_HBT_24-02-2025.39269,1,"Rv. 13 Vasstun i Ullensvang, Vestland - rv. 13 Tjødnadal i Ullensvang, Vestland",Isnedfall.,,,,isnedfall,isnedfall,Certain,1740384618000.0,1740377418000,6.558379931815326,60.05304313464237,6.563415851360562,60.02635169508882,6.561738,60.039787,Rv,13,,1740374677000,,0.0,1740377555000,1740377555000,1740373818000,1740381018000.0,1740371077000,1740373955000,1740373955000,Isnedfall,2025-02-24
554,46_RV13_S47,0.050021994945822046,69988.28016098123,6807979.69631114,-1401683968,31148b18-d425-4061-a49f-e5c38826a667_1,NPRA_HBT_25-02-2025.40573,1,"Rv. 13 Norane i Sogndal, Vestland",Steinskred/steinsprang.,,,steinskred,steinskred,steinskred,Certain,1740526102000.0,1740518902000,,,,,6.9930043,61.168846,Rv,13,,1740515993000,,0.0,1740519255000,1740519255000,1740515302000,1740522502000.0,1740512393000,1740515655000,1740515655000,Steinsprang,2025-02-25
555,46_RV13_S25,0.03346871462043351,30627.828867853503,6673866.953047434,-935591936,86efc88b-855a-4285-8925-3d92ef285e83_1,NPRA_HBT_26-02-2025.40655,1,"Rv. 13 Skarsmoen i Ullensvang, Vestland","Steinskred/steinsprang, ett påvirket kjørefelt, fare for stengt veg.",,,steinskred,steinskred,steinskred,Certain,1740551825000.0,1740537425000,,,,,6.586768,59.933113,Rv,13,,1740534803000,,1.0,1740537978000,1740537998000,1740533825000,1740548225000.0,1740531203000,1740534378000,1740534398000,Steinsprang,2025-02-26
556,46_RV13_S25,0.03346871462043351,30627.828867853503,6673866.953047434,-935591936,86efc88b-855a-4285-8925-3d92ef285e83_2,NPRA_HBT_26-02-2025.40655,2,"Rv. 13 Skarsmoen i Ullensvang, Vestland","Steinskred/steinsprang, ett påvirket kjørefelt, fare for stengt veg.",,,steinskred,steinskred,steinskred,Certain,1740551825000.0,1740537425000,,,,,6.586768,59.933113,Rv,13,,1740534803000,,1.0,1740537978000,1740537998000,1740533825000,1740548225000.0,1740531203000,1740534378000,1740534398000,Steinsprang,2025-02-26
557,46_RV13_S32,0.11091486904024019,51696.65386824019,6732583.528745706,-1371013120,098730ae-c265-4698-ad2f-92d9817d85f9_1,NPRA_HBT_01-03-2025.42866,1,"Rv. 13 Hardangerbrua i Ulvik/Eidfjord, Vestland","Sterk vind, fare for stengt veg.",,,uvær,uvær,uvær,Certain,,1740870330000,6.823856120609264,60.48377145782033,6.836791862242444,60.47318852151293,6.830323,60.47849,Rv,13,,1740867213000,,0.0,1740870363000,1740870363000,1740866730000,,1740863613000,1740866763000,1740866763000,Uvær,2025-03-01
558,46_RV13_S32,0.11091486904024019,51696.65386824019,6732583.528745706,-1371013120,098730ae-c265-4698-ad2f-92d9817d85f9_2,NPRA_HBT_01-03-2025.42866,2,"Rv. 13 Hardangerbrua i Ulvik/Eidfjord, Vestland","Sterk vind, fare for stengt veg.",,,uvær,uvær,uvær,Certain,,1740870330000,6.823856120609264,60.48377145782033,6.836791862242444,60.47318852151293,6.830323,60.47849,Rv,13,,1740867213000,,0.0,1740870363000,1740870363000,1740866730000,,1740863613000,1740866763000,1740866763000,Uvær,2025-03-01
559,46_RV13_S32,0.11091486904024019,51696.65386824019,6732583.528745706,-1370750976,d20fd8bc-5745-4f5f-b22a-980c49376b3f_1,NPRA_HBT_01-03-2025.42867,1,"Rv. 13 Hardangerbrua i Ulvik/Eidfjord, Vestland","Sterk vind, fare for stengt veg.",,,uvær,uvær,uvær,Certain,,1740871029000,6.823856120609264,60.48377145782033,6.836791862242444,60.47318852151293,6.830323,60.47849,Rv,13,,1740868111000,,0.0,1740871052000,1740871052000,1740867429000,,1740864511000,1740867452000,1740867452000,Uvær,2025-03-01
560,46_RV13_S32,0.11091486904024019,51696.65386824019,6732583.528745706,-1370750976,d20fd8bc-5745-4f5f-b22a-980c49376b3f_2,NPRA_HBT_01-03-2025.42867,2,"Rv. 13 Hardangerbrua i Ulvik/Eidfjord, Vestland","Sterk vind, fare for stengt veg.",,,uvær,uvær,uvær,Certain,,1740871029000,6.823856120609264,60.48377145782033,6.836791862242444,60.47318852151293,6.830323,60.47849,Rv,13,,1740868111000,,0.0,1740871052000,1740871052000,1740867429000,,1740864511000,1740867452000,1740867452000,Uvær,2025-03-01
561,46_RV13_S32,0.11091486904024019,51696.65386824019,6732583.528745706,-1368129536,db6db836-a26a-4238-b9bf-e43f54140166_1,NPRA_HBT_01-03-2025.42877,1,"Rv. 13 Hardangerbrua i Ulvik/Eidfjord, Vestland","Sterk vind, fare for stengt veg.",,,uvær,uvær,uvær,Certain,,1740873449000,6.823856120609264,60.48377145782033,6.836791862242444,60.47318852151293,6.830323,60.47849,Rv,13,,1740869912000,,0.0,1740873482000,1740873482000,1740869849000,,1740866312000,1740869882000,1740869882000,Uvær,2025-03-01
562,46_RV13_S32,0.11091486904024019,51696.65386824019,6732583.528745706,-1368129536,db6db836-a26a-4238-b9bf-e43f54140166_2,NPRA_HBT_01-03-2025.42877,2,"Rv. 13 Hardangerbrua i Ulvik/Eidfjord, Vestland","Sterk vind, fare for stengt veg.",,,uvær,uvær,uvær,Certain,,1740873449000,6.823856120609264,60.48377145782033,6.836791862242444,60.47318852151293,6.830323,60.47849,Rv,13,,1740869912000,,0.0,1740873482000,1740873482000,1740869849000,,1740866312000,1740869882000,1740869882000,Uvær,2025-03-01
563,46_RV13_S32,0.11091486904024019,51696.65386824019,6732583.528745706,-919863296,b667a90b-6d3c-4346-8870-2d319a810d16_1,NPRA_HBT_02-03-2025.42891,1,"Rv. 13 Hardangerbrua i Ulvik/Eidfjord, Vestland","Sterk vind, fare for stengt veg.",,,uvær,uvær,uvær,Certain,,1740876089000,6.823856120609264,60.48377145782033,6.836791862242444,60.47318852151293,6.830323,60.47849,Rv,13,,1740873402000,,0.0,1740876092000,1740876092000,1740872489000,,1740869802000,1740872492000,1740872492000,Uvær,2025-03-02
564,46_RV13_S32,0.11091486904024019,51696.65386824019,6732583.528745706,-919863296,b667a90b-6d3c-4346-8870-2d319a810d16_2,NPRA_HBT_02-03-2025.42891,2,"Rv. 13 Hardangerbrua i Ulvik/Eidfjord, Vestland","Sterk vind, fare for stengt veg.",,,uvær,uvær,uvær,Certain,,1740876089000,6.823856120609264,60.48377145782033,6.836791862242444,60.47318852151293,6.830323,60.47849,Rv,13,,1740873402000,,0.0,1740876092000,1740876092000,1740872489000,,1740869802000,1740872492000,1740872492000,Uvær,2025-03-02
565,46_RV13_S38,0.06285484287303976,39592.8254031447,6788660.117725509,-1380188160,52b38f45-9826-48a8-81a1-5534ff236ab4_2,NPRA_HBT_01-03-2025.42831,2,"Rv. 13 Vikafjellet i Voss/Vik, Vestland",Uvær.|Kolonnekjøring.,,,uvær,uvær,uvær,Certain,1740916800000.0,1740878400000,6.540066713982508,61.00921058233126,6.485748652779133,60.901530400763754,6.480722,60.962875,Rv,13,,1740875200000,,0.0,1740878667000,1740878667000,1740874800000,1740913200000.0,1740871600000,1740875067000,1740875067000,Uvær,2025-03-02
566,46_RV13_S38,0.06285484287303976,39592.8254031447,6788660.117725509,-1380188160,9c0e60e4-0d9d-4755-a7e8-b2791574d804_1,NPRA_HBT_01-03-2025.42831,1,"Rv. 13 Vikafjellet i Voss/Vik, Vestland","Uvær.|Kolonnekjøring.
Ny vurdering 02.03.2025 12:00.",,,uvær,uvær,uvær,Certain,1740916800000.0,1740878400000,6.540066713982508,61.00921058233126,6.485748652779133,60.901530400763754,6.480722,60.962875,Rv,13,,1740875200000,,0.0,1740861826000,1740878667000,1740874800000,1740913200000.0,1740871600000,1740858226000,1740875067000,Uvær,2025-03-02
567,46_RV13_S32,0.11091486904024019,51696.65386824019,6732583.528745706,-915931136,47b8f0d0-36b7-4a6a-810c-02d791ae622e_1,NPRA_HBT_02-03-2025.42906,1,"Rv. 13 Hardangerbrua i Ulvik/Eidfjord, Vestland","Sterk vind, fare for stengt veg.",,,uvær,uvær,uvær,Certain,,1740881608000,6.823856120609264,60.48377145782033,6.836791862242444,60.47318852151293,6.830323,60.47849,Rv,13,,1740878803000,,0.0,1740881613000,1740881613000,1740878008000,,1740875203000,1740878013000,1740878013000,Uvær,2025-03-02
568,46_RV13_S32,0.11091486904024019,51696.65386824019,6732583.528745706,-915931136,47b8f0d0-36b7-4a6a-810c-02d791ae622e_2,NPRA_HBT_02-03-2025.42906,2,"Rv. 13 Hardangerbrua i Ulvik/Eidfjord, Vestland","Sterk vind, fare for stengt veg.",,,uvær,uvær,uvær,Certain,,1740881608000,6.823856120609264,60.48377145782033,6.836791862242444,60.47318852151293,6.830323,60.47849,Rv,13,,1740878803000,,0.0,1740881613000,1740881613000,1740878008000,,1740875203000,1740878013000,1740878013000,Uvær,2025-03-02
569,46_RV13_S32,0.11091486904024019,51696.65386824019,6732583.528745706,-913047552,f8f8d20d-efec-4ca4-968c-8d241ac10a8c_1,NPRA_HBT_02-03-2025.42917,1,"Rv. 13 Hardangerbrua i Ulvik/Eidfjord, Vestland","Sterk vind, fare for stengt veg.",,,uvær,uvær,uvær,Certain,,1740884933000,6.823856120609264,60.48377145782033,6.836791862242444,60.47318852151293,6.830323,60.47849,Rv,13,,1740881502000,,0.0,1740884942000,1740884942000,1740881333000,,1740877902000,1740881342000,1740881342000,Uvær,2025-03-02
570,46_RV13_S32,0.11091486904024019,51696.65386824019,6732583.528745706,-913047552,f8f8d20d-efec-4ca4-968c-8d241ac10a8c_2,NPRA_HBT_02-03-2025.42917,2,"Rv. 13 Hardangerbrua i Ulvik/Eidfjord, Vestland","Sterk vind, fare for stengt veg.",,,uvær,uvær,uvær,Certain,,1740884933000,6.823856120609264,60.48377145782033,6.836791862242444,60.47318852151293,6.830323,60.47849,Rv,13,,1740881502000,,0.0,1740884942000,1740884942000,1740881333000,,1740877902000,1740881342000,1740881342000,Uvær,2025-03-02
571,46_RV13_S32,0.11091486904024019,51696.65386824019,6732583.528745706,-856424448,5f59a187-d7ee-4d9d-aec5-263fb6b59ab5_1,NPRA_HBT_02-03-2025.43133,1,"Rv. 13 Hardangerbrua i Ulvik/Eidfjord, Vestland","Sterk vind, fare for stengt veg.",,,uvær,uvær,uvær,Certain,,1740928843000,6.823856120609264,60.48377145782033,6.836791862242444,60.47318852151293,6.830323,60.47849,Rv,13,,1740925600000,,0.0,1740928863000,1740928863000,1740925243000,,1740922000000,1740925263000,1740925263000,Uvær,2025-03-02
572,46_RV13_S32,0.11091486904024019,51696.65386824019,6732583.528745706,-856424448,5f59a187-d7ee-4d9d-aec5-263fb6b59ab5_2,NPRA_HBT_02-03-2025.43133,2,"Rv. 13 Hardangerbrua i Ulvik/Eidfjord, Vestland","Sterk vind, fare for stengt veg.",,,uvær,uvær,uvær,Certain,,1740928843000,6.823856120609264,60.48377145782033,6.836791862242444,60.47318852151293,6.830323,60.47849,Rv,13,,1740925600000,,0.0,1740928863000,1740928863000,1740925243000,,1740922000000,1740925263000,1740925263000,Uvær,2025-03-02
573,46_RV13_S32,0.11091486904024019,51696.65386824019,6732583.528745706,-855113728,7ed800af-7498-4d35-907b-409fff955a70_1,NPRA_HBT_02-03-2025.43138,1,"Rv. 13 Hardangerbrua i Ulvik/Eidfjord, Vestland","Sterk vind, fare for stengt veg.",,,uvær,uvær,uvær,Certain,,1740929599000,6.823856120609264,60.48377145782033,6.836791862242444,60.47318852151293,6.830323,60.47849,Rv,13,,1740926502000,,0.0,1740929613000,1740929613000,1740925999000,,1740922902000,1740926013000,1740926013000,Uvær,2025-03-02
574,46_RV13_S32,0.11091486904024019,51696.65386824019,6732583.528745706,-855113728,7ed800af-7498-4d35-907b-409fff955a70_2,NPRA_HBT_02-03-2025.43138,2,"Rv. 13 Hardangerbrua i Ulvik/Eidfjord, Vestland","Sterk vind, fare for stengt veg.",,,uvær,uvær,uvær,Certain,,1740929599000,6.823856120609264,60.48377145782033,6.836791862242444,60.47318852151293,6.830323,60.47849,Rv,13,,1740926502000,,0.0,1740929613000,1740929613000,1740925999000,,1740922902000,1740926013000,1740926013000,Uvær,2025-03-02
575,46_RV13_S20,0.004144945458812123,39404.343904877605,6652581.486467176,-831258624,49f3ba34-55d8-4bee-a78f-c1cce0dbc1dc_1,NPRA_HBT_02-03-2025.43229,1,"Rv. 13 Nesflaten - Røldal i Ullensvang, Vestland",Isnedfall.,,,,isnedfall,isnedfall,Certain,1740952286000.0,1740945086000,,,,,6.7892084,59.75384,Rv,13,,1740942703000,,0.0,1740945381000,1740945381000,1740941486000,1740948686000.0,1740939103000,1740941781000,1740941781000,Isnedfall,2025-03-02
576,46_RV13_S32,0.11091486904024019,51696.65386824019,6732583.528745706,-830472192,d302e8ab-539b-4296-bd15-baa5f9613d7b_1,NPRA_HBT_02-03-2025.43232,1,"Rv. 13 Hardangerbrua i Ulvik/Eidfjord, Vestland","Sterk vind, fare for stengt veg.",,,uvær,uvær,uvær,Certain,,1740945327000,6.823856120609264,60.48377145782033,6.836791862242444,60.47318852151293,6.830323,60.47849,Rv,13,,1740941800000,,0.0,1740945332000,1740945332000,1740941727000,,1740938200000,1740941732000,1740941732000,Uvær,2025-03-02
577,46_RV13_S32,0.11091486904024019,51696.65386824019,6732583.528745706,-830472192,d302e8ab-539b-4296-bd15-baa5f9613d7b_2,NPRA_HBT_02-03-2025.43232,2,"Rv. 13 Hardangerbrua i Ulvik/Eidfjord, Vestland","Sterk vind, fare for stengt veg.",,,uvær,uvær,uvær,Certain,,1740945327000,6.823856120609264,60.48377145782033,6.836791862242444,60.47318852151293,6.830323,60.47849,Rv,13,,1740941800000,,0.0,1740945332000,1740945332000,1740941727000,,1740938200000,1740941732000,1740941732000,Uvær,2025-03-02
579,46_RV13_S32,0.11091486904024019,51696.65386824019,6732583.528745706,-814743552,8d5a1287-0031-45a3-b23e-333d5f5c657e_1,NPRA_HBT_02-03-2025.43292,1,"Rv. 13 Hardangerbrua i Ulvik/Eidfjord, Vestland","Sterk vind, fare for stengt veg.",,,uvær,uvær,uvær,Certain,,1740954607000,6.823856120609264,60.48377145782033,6.836791862242444,60.47318852151293,6.830323,60.47849,Rv,13,,1740951700000,,0.0,1740954632000,1740954632000,1740951007000,,1740948100000,1740951032000,1740951032000,Uvær,2025-03-02
580,46_RV13_S32,0.11091486904024019,51696.65386824019,6732583.528745706,-814743552,8d5a1287-0031-45a3-b23e-333d5f5c657e_2,NPRA_HBT_02-03-2025.43292,2,"Rv. 13 Hardangerbrua i Ulvik/Eidfjord, Vestland","Sterk vind, fare for stengt veg.",,,uvær,uvær,uvær,Certain,,1740954607000,6.823856120609264,60.48377145782033,6.836791862242444,60.47318852151293,6.830323,60.47849,Rv,13,,1740951700000,,0.0,1740954632000,1740954632000,1740951007000,,1740948100000,1740951032000,1740951032000,Uvær,2025-03-02
581,46_RV13_S38,0.06285484287303976,39592.8254031447,6788660.117725509,-823132160,1f9fe794-1ffa-4bd5-91d0-13b6b537af66_2,NPRA_HBT_02-03-2025.43260,2,"Rv. 13 Vikafjellet i Voss/Vik, Vestland",Uvær.|Kolonnekjøring.,,,uvær,uvær,uvær,Certain,,1740960000000,6.540066713982508,61.00921058233126,6.485748652779133,60.901530400763754,6.480722,60.962875,Rv,13,,1740957103000,,0.0,1740960415000,1740960415000,1740956400000,,1740953503000,1740956815000,1740956815000,Uvær,2025-03-03
582,46_RV13_S38,0.06285484287303976,39592.8254031447,6788660.117725509,-823132160,e992fd79-417e-4874-8009-0f95750e55ac_1,NPRA_HBT_02-03-2025.43260,1,"Rv. 13 Vikafjellet i Voss/Vik, Vestland",Uvær.|Kolonnekjøring.,,,uvær,uvær,uvær,Certain,,1740960000000,6.540066713982508,61.00921058233126,6.485748652779133,60.901530400763754,6.480722,60.962875,Rv,13,,1740957103000,,0.0,1740949691000,1740960415000,1740956400000,,1740953503000,1740946091000,1740956815000,Uvær,2025-03-03
583,46_RV13_S21,0.18969620068256499,39043.82586368185,6654815.634594876,-320864256,1c277b38-8265-45fb-b8e0-03ebee00c962_1,NPRA_HBT_03-03-2025.43480,1,"Rv. 13 Holmane i Ullensvang, Vestland","Steinskred/steinsprang, ett påvirket kjørefelt.",,,steinskred,steinskred,steinskred,Certain,1740996265000.0,1740989065000,,,,,6.777946,59.773296,Rv,13,,1740986390000,,1.0,1740989086000,1740989095000,1740985465000,1740992665000.0,1740982790000,1740985486000,1740985495000,Steinsprang,2025-03-03
584,46_RV13_S21,0.18969620068256499,39043.82586368185,6654815.634594876,-320864256,1c277b38-8265-45fb-b8e0-03ebee00c962_2,NPRA_HBT_03-03-2025.43480,2,"Rv. 13 Holmane i Ullensvang, Vestland","Steinskred/steinsprang, ett påvirket kjørefelt.",,,steinskred,steinskred,steinskred,Certain,1740996265000.0,1740989065000,,,,,6.777946,59.773296,Rv,13,,1740986390000,,1.0,1740989095000,1740989095000,1740985465000,1740992665000.0,1740982790000,1740985495000,1740985495000,Steinsprang,2025-03-03
585,46_RV13_S38,0.06285484287303976,39592.8254031447,6788660.117725509,-338952192,29f6b3da-82b9-437c-8d31-5464a55118a1_1,NPRA_HBT_03-03-2025.43411,1,"Rv. 13 Vikafjellet i Voss/Vik, Vestland","Uvær, fare for stengt veg.",,,uvær,uvær,uvær,Certain,1741204800000.0,1740996840000,6.540066713982508,61.00921058233126,6.485748652779133,60.901530400763754,6.480722,60.962875,Rv,13,,1740993591000,,0.0,1740996938000,1741171999000,1740993240000,1741201200000.0,1740989991000,1740993338000,1741168399000,Uvær,2025-03-03
586,46_RV13_S38,0.06285484287303976,39592.8254031447,6788660.117725509,-338952192,29f6b3da-82b9-437c-8d31-5464a55118a1_3,NPRA_HBT_03-03-2025.43411,3,"Rv. 13 Vikafjellet i Voss/Vik, Vestland","Uvær, vegen er stengt.
Ny vurdering Onsdag kl 10:00.",,,uvær,uvær,uvær,Certain,1741172400000.0,1740996840000,6.540066713982508,61.00921058233126,6.485748652779133,60.901530400763754,6.480722,60.962875,Rv,13,,1741027792000,,1.0,1741030483000,1741125367000,1740993240000,1741168800000.0,1741024192000,1741026883000,1741121767000,Uvær,2025-03-03
587,46_RV13_S38,0.06285484287303976,39592.8254031447,6788660.117725509,-338952192,2e8f0f72-df44-445e-ba70-717300fc70eb_2,NPRA_HBT_03-03-2025.43411,2,"Rv. 13 Vikafjellet i Voss/Vik, Vestland","Uvær, fare for stengt veg.|Kolonnekjøring.",,,uvær,uvær,uvær,Certain,,1740996840000,6.540066713982508,61.00921058233126,6.485748652779133,60.901530400763754,6.480722,60.962875,Rv,13,,1740993591000,,0.0,1740996938000,1741030483000,1740993240000,,1740989991000,1740993338000,1741026883000,Uvær,2025-03-03
588,46_RV13_S32,0.11091486904024019,51696.65386824019,6732583.528745706,-262406144,e4db635a-05e1-4dd1-8445-ee8a67567a22_1,NPRA_HBT_03-03-2025.43703,1,"Rv. 13 Hardangerbrua i Ulvik/Eidfjord, Vestland","Sterk vind, fare for stengt veg.",,,uvær,uvær,uvær,Certain,,1741003576000,6.823856120609264,60.48377145782033,6.836791862242444,60.47318852151293,6.830323,60.47849,Rv,13,,1741000791000,,0.0,1741003595000,1741003595000,1740999976000,,1740997191000,1740999995000,1740999995000,Uvær,2025-03-03
589,46_RV13_S32,0.11091486904024019,51696.65386824019,6732583.528745706,-262406144,e4db635a-05e1-4dd1-8445-ee8a67567a22_2,NPRA_HBT_03-03-2025.43703,2,"Rv. 13 Hardangerbrua i Ulvik/Eidfjord, Vestland","Sterk vind, fare for stengt veg.",,,uvær,uvær,uvær,Certain,,1741003576000,6.823856120609264,60.48377145782033,6.836791862242444,60.47318852151293,6.830323,60.47849,Rv,13,,1741000791000,,0.0,1741003595000,1741003595000,1740999976000,,1740997191000,1740999995000,1740999995000,Uvær,2025-03-03
590,46_RV13_S32,0.11091486904024019,51696.65386824019,6732583.528745706,-257425408,2b2405ef-0cd0-45bb-96b9-600b54f5b511_1,NPRA_HBT_03-03-2025.43722,1,"Rv. 13 Hardangerbrua i Ulvik/Eidfjord, Vestland","Sterk vind, fare for stengt veg.",,,uvær,uvær,uvær,Certain,,1741005486000,6.823856120609264,60.48377145782033,6.836791862242444,60.47318852151293,6.830323,60.47849,Rv,13,,1741002593000,,0.0,1741005514000,1741005514000,1741001886000,,1740998993000,1741001914000,1741001914000,Uvær,2025-03-03
591,46_RV13_S32,0.11091486904024019,51696.65386824019,6732583.528745706,-257425408,2b2405ef-0cd0-45bb-96b9-600b54f5b511_2,NPRA_HBT_03-03-2025.43722,2,"Rv. 13 Hardangerbrua i Ulvik/Eidfjord, Vestland","Sterk vind, fare for stengt veg.",,,uvær,uvær,uvær,Certain,,1741005486000,6.823856120609264,60.48377145782033,6.836791862242444,60.47318852151293,6.830323,60.47849,Rv,13,,1741002593000,,0.0,1741005514000,1741005514000,1741001886000,,1740998993000,1741001914000,1741001914000,Uvær,2025-03-03
592,46_RV13_S32,0.11091486904024019,51696.65386824019,6732583.528745706,-248512512,4d6aec2e-979c-487d-8853-273423899353_1,NPRA_HBT_03-03-2025.43756,1,"Rv. 13 Hardangerbrua i Ulvik/Eidfjord, Vestland","Sterk vind, fare for stengt veg.",,,uvær,uvær,uvær,Certain,,1741008802000,6.823856120609264,60.48377145782033,6.836791862242444,60.47318852151293,6.830323,60.47849,Rv,13,,1741005294000,,0.0,1741008815000,1741008815000,1741005202000,,1741001694000,1741005215000,1741005215000,Uvær,2025-03-03
593,46_RV13_S32,0.11091486904024019,51696.65386824019,6732583.528745706,-248512512,4d6aec2e-979c-487d-8853-273423899353_2,NPRA_HBT_03-03-2025.43756,2,"Rv. 13 Hardangerbrua i Ulvik/Eidfjord, Vestland","Sterk vind, fare for stengt veg.",,,uvær,uvær,uvær,Certain,,1741008802000,6.823856120609264,60.48377145782033,6.836791862242444,60.47318852151293,6.830323,60.47849,Rv,13,,1741005294000,,0.0,1741008815000,1741008815000,1741005202000,,1741001694000,1741005215000,1741005215000,Uvær,2025-03-03
594,46_RV13_S32,0.11091486904024019,51696.65386824019,6732583.528745706,-244056064,d98b9148-2540-4d48-84df-4f87b669bfa7_1,NPRA_HBT_03-03-2025.43773,1,"Rv. 13 Hardangerbrua i Ulvik/Eidfjord, Vestland","Sterk vind, fare for stengt veg.",,,uvær,uvær,uvær,Certain,,1741010591000,6.823856120609264,60.48377145782033,6.836791862242444,60.47318852151293,6.830323,60.47849,Rv,13,,1741007093000,,0.0,1741010619000,1741010619000,1741006991000,,1741003493000,1741007019000,1741007019000,Uvær,2025-03-03
595,46_RV13_S32,0.11091486904024019,51696.65386824019,6732583.528745706,-244056064,d98b9148-2540-4d48-84df-4f87b669bfa7_2,NPRA_HBT_03-03-2025.43773,2,"Rv. 13 Hardangerbrua i Ulvik/Eidfjord, Vestland","Sterk vind, fare for stengt veg.",,,uvær,uvær,uvær,Certain,,1741010591000,6.823856120609264,60.48377145782033,6.836791862242444,60.47318852151293,6.830323,60.47849,Rv,13,,1741007093000,,0.0,1741010619000,1741010619000,1741006991000,,1741003493000,1741007019000,1741007019000,Uvær,2025-03-03
596,46_RV13_S25,0.014098519894705038,30616.569806179905,6675996.372402291,-239337472,fb82e855-f16d-4785-96e5-faa218fceda3_1,NPRA_HBT_03-03-2025.43791,1,"Rv. 13 Låtefoss i Ullensvang, Vestland - rv. 13 Lauvstakkdalen i Ullensvang, Vestland","Isnedfall, ett påvirket kjørefelt.",,,,isnedfall,isnedfall,Certain,1741019161000.0,1741011961000,6.582959662715764,59.94938636670294,6.579442487414733,59.954452282952026,6.581741,59.952015,Rv,13,,1741008893000,,1.0,1741011981000,1741011988000,1741008361000,1741015561000.0,1741005293000,1741008381000,1741008388000,Isnedfall,2025-03-03
597,46_RV13_S25,0.014098519894705038,30616.569806179905,6675996.372402291,-239337472,fb82e855-f16d-4785-96e5-faa218fceda3_2,NPRA_HBT_03-03-2025.43791,2,"Rv. 13 Låtefoss i Ullensvang, Vestland - rv. 13 Lauvstakkdalen i Ullensvang, Vestland","Isnedfall, ett påvirket kjørefelt.",,,,isnedfall,isnedfall,Certain,1741019161000.0,1741011961000,6.582959662715764,59.94938636670294,6.579442487414733,59.954452282952026,6.581741,59.952015,Rv,13,,1741008893000,,1.0,1741011988000,1741011988000,1741008361000,1741015561000.0,1741005293000,1741008388000,1741008388000,Isnedfall,2025-03-03
598,46_RV13_S27,0.16404499932923133,32906.674910059664,6698190.526791042,-185860096,47ab05c4-2c2b-45ea-8ae7-3f56fd57f9ea_1,NPRA_HBT_03-03-2025.43995,1,"Rv. 13 Skarvabjørgtunnelen i Ullensvang, Vestland","Steinskred/steinsprang, vegen er stengt.",,,steinskred,steinskred,steinskred,Certain,1741035600000.0,1741029805000,,,,,6.571836,60.15176,Rv,13,,1741026893000,,2.0,1741029854000,1741034070000,1741026205000,1741032000000.0,1741023293000,1741026254000,1741030470000,Steinsprang,2025-03-03
599,46_RV13_S27,0.16404499932923133,32906.674910059664,6698190.526791042,-185860096,47ab05c4-2c2b-45ea-8ae7-3f56fd57f9ea_2,NPRA_HBT_03-03-2025.43995,2,"Rv. 13 Skarvabjørgtunnelen i Ullensvang, Vestland","Steinskred/steinsprang, vegen er stengt.",,,steinskred,steinskred,steinskred,Certain,1741035600000.0,1741029805000,,,,,6.571836,60.15176,Rv,13,,1741026893000,,2.0,1741029854000,1741034070000,1741026205000,1741032000000.0,1741023293000,1741026254000,1741030470000,Steinsprang,2025-03-03
600,46_RV13_S32,0.11091486904024019,51696.65386824019,6732583.528745706,294649856,c2423ddf-61fa-45e6-ac74-157e19e40c45_1,NPRA_HBT_04-03-2025.44132,1,"Rv. 13 Hardangerbrua i Ulvik/Eidfjord, Vestland","Sterk vind, fare for stengt veg.",,,uvær,uvær,uvær,Certain,,1741048193000,6.823856120609264,60.48377145782033,6.836791862242444,60.47318852151293,6.830323,60.47849,Rv,13,,1741044891000,,0.0,1741048203000,1741048203000,1741044593000,,1741041291000,1741044603000,1741044603000,Uvær,2025-03-04
601,46_RV13_S32,0.11091486904024019,51696.65386824019,6732583.528745706,294649856,c2423ddf-61fa-45e6-ac74-157e19e40c45_2,NPRA_HBT_04-03-2025.44132,2,"Rv. 13 Hardangerbrua i Ulvik/Eidfjord, Vestland","Sterk vind, fare for stengt veg.",,,uvær,uvær,uvær,Certain,,1741048193000,6.823856120609264,60.48377145782033,6.836791862242444,60.47318852151293,6.830323,60.47849,Rv,13,,1741044891000,,0.0,1741048203000,1741048203000,1741044593000,,1741041291000,1741044603000,1741044603000,Uvær,2025-03-04
602,46_RV13_S32,0.11091486904024019,51696.65386824019,6732583.528745706,295436288,54f9025e-12c5-438a-8b33-4b5de45be10a_1,NPRA_HBT_04-03-2025.44135,1,"Rv. 13 Hardangerbrua i Ulvik/Eidfjord, Vestland","Sterk vind, fare for stengt veg.",,,uvær,uvær,uvær,Certain,,1741049053000,6.823856120609264,60.48377145782033,6.836791862242444,60.47318852151293,6.830323,60.47849,Rv,13,,1741046408000,,0.0,1741049072000,1741049072000,1741045453000,,1741042808000,1741045472000,1741045472000,Uvær,2025-03-04
603,46_RV13_S32,0.11091486904024019,51696.65386824019,6732583.528745706,295436288,54f9025e-12c5-438a-8b33-4b5de45be10a_2,NPRA_HBT_04-03-2025.44135,2,"Rv. 13 Hardangerbrua i Ulvik/Eidfjord, Vestland","Sterk vind, fare for stengt veg.",,,uvær,uvær,uvær,Certain,,1741049053000,6.823856120609264,60.48377145782033,6.836791862242444,60.47318852151293,6.830323,60.47849,Rv,13,,1741046408000,,0.0,1741049072000,1741049072000,1741045453000,,1741042808000,1741045472000,1741045472000,Uvær,2025-03-04
604,46_RV13_S36,0.4691885187446976,37140.18471725384,6772067.499745348,299630592,01a5c831-c5e7-4f07-85f4-1d9e7b878c70_1,NPRA_HBT_04-03-2025.44151,1,"Rv. 13 Merkesgrovi i Voss, Vestland",Isnedfall.,,,,isnedfall,isnedfall,Certain,1741073770000.0,1741059370000,,,,,6.4756117,60.8127,Rv,13,,1741056305000,,0.0,1741059403000,1741059403000,1741055770000,1741070170000.0,1741052705000,1741055803000,1741055803000,Isnedfall,2025-03-04
605,46_RV13_S32,0.11091486904024019,51696.65386824019,6732583.528745706,409731072,6ebd1f04-cd48-4249-be75-2a90c12d846d_1,NPRA_HBT_04-03-2025.44571,1,"Rv. 13 Hardangerbrua i Ulvik/Eidfjord, Vestland","Sterk vind, fare for stengt veg.",,,uvær,uvær,uvær,Certain,,1741092938000,6.823856120609264,60.48377145782033,6.836791862242444,60.47318852151293,6.830323,60.47849,Rv,13,,1741089606000,,0.0,1741092964000,1741092964000,1741089338000,,1741086006000,1741089364000,1741089364000,Uvær,2025-03-04
606,46_RV13_S32,0.11091486904024019,51696.65386824019,6732583.528745706,409731072,6ebd1f04-cd48-4249-be75-2a90c12d846d_2,NPRA_HBT_04-03-2025.44571,2,"Rv. 13 Hardangerbrua i Ulvik/Eidfjord, Vestland","Sterk vind, fare for stengt veg.",,,uvær,uvær,uvær,Certain,,1741092938000,6.823856120609264,60.48377145782033,6.836791862242444,60.47318852151293,6.830323,60.47849,Rv,13,,1741089606000,,0.0,1741092964000,1741092964000,1741089338000,,1741086006000,1741089364000,1741089364000,Uvær,2025-03-04
607,46_RV13_S32,0.11091486904024019,51696.65386824019,6732583.528745706,415236096,6e337d9d-7f04-4e2d-9bc5-912d5c1e32d3_1,NPRA_HBT_04-03-2025.44592,1,"Rv. 13 Hardangerbrua i Ulvik/Eidfjord, Vestland","Sterk vind, fare for stengt veg.",,,uvær,uvær,uvær,Certain,,1741094018000,6.823856120609264,60.48377145782033,6.836791862242444,60.47318852151293,6.830323,60.47849,Rv,13,,1741090507000,,0.0,1741094044000,1741094044000,1741090418000,,1741086907000,1741090444000,1741090444000,Uvær,2025-03-04
608,46_RV13_S32,0.11091486904024019,51696.65386824019,6732583.528745706,415236096,6e337d9d-7f04-4e2d-9bc5-912d5c1e32d3_2,NPRA_HBT_04-03-2025.44592,2,"Rv. 13 Hardangerbrua i Ulvik/Eidfjord, Vestland","Sterk vind, fare for stengt veg.",,,uvær,uvær,uvær,Certain,,1741094018000,6.823856120609264,60.48377145782033,6.836791862242444,60.47318852151293,6.830323,60.47849,Rv,13,,1741090507000,,0.0,1741094044000,1741094044000,1741090418000,,1741086907000,1741090444000,1741090444000,Uvær,2025-03-04
609,46_RV13_S32,0.11091486904024019,51696.65386824019,6732583.528745706,425459712,2ca5d111-97e9-4f14-bd4a-a9aa78ffe6d9_1,NPRA_HBT_04-03-2025.44631,1,"Rv. 13 Hardangerbrua i Ulvik/Eidfjord, Vestland","Sterk vind, fare for stengt veg.",,,uvær,uvær,uvær,Certain,,1741096678000,6.823856120609264,60.48377145782033,6.836791862242444,60.47318852151293,6.830323,60.47849,Rv,13,,1741093207000,,0.0,1741096684000,1741096684000,1741093078000,,1741089607000,1741093084000,1741093084000,Uvær,2025-03-04
610,46_RV13_S32,0.11091486904024019,51696.65386824019,6732583.528745706,425459712,2ca5d111-97e9-4f14-bd4a-a9aa78ffe6d9_2,NPRA_HBT_04-03-2025.44631,2,"Rv. 13 Hardangerbrua i Ulvik/Eidfjord, Vestland","Sterk vind, fare for stengt veg.",,,uvær,uvær,uvær,Certain,,1741096678000,6.823856120609264,60.48377145782033,6.836791862242444,60.47318852151293,6.830323,60.47849,Rv,13,,1741093207000,,0.0,1741096684000,1741096684000,1741093078000,,1741089607000,1741093084000,1741093084000,Uvær,2025-03-04
611,46_RV13_S25,0.2114321185667223,30243.1346046697,6681722.775408585,420478976,d6f897fb-26f0-423c-9c8f-cd710d223d02_1,NPRA_HBT_04-03-2025.44612,1,"Rv. 13 Odda i Ullensvang, Vestland - rv. 13 Steinaberg bru i Ullensvang, Vestland, i retning mot Od","Fare for jordskred, fare for stengt veg.
Fare for stengt på kort varsel",,,skred,løsmasseskred,fare for løsmasseskred,RiskOf,1741168800000.0,1741096800000,6.546302975136211,60.06645179163038,6.588959745241805,59.935935744827006,6.5621033,60.002453,Rv,13,,1741092308000,,0.0,1741095377000,1741096034000,1741093200000,1741165200000.0,1741088708000,1741091777000,1741092434000,Fare for jordskred,2025-03-04
612,46_RV13_S25,0.2114321185667223,30243.1346046697,6681722.775408585,420478976,d6f897fb-26f0-423c-9c8f-cd710d223d02_2,NPRA_HBT_04-03-2025.44612,2,"Rv. 13 Odda i Ullensvang, Vestland - rv. 13 Steinaberg bru i Ullensvang, Vestland, i retning mot Od","Fare for jordskred, fare for stengt veg.
Fare for stengt på kort varsel",,,skred,løsmasseskred,fare for løsmasseskred,RiskOf,1741168800000.0,1741096800000,6.546302975136211,60.06645179163038,6.588959745241805,59.935935744827006,6.5621033,60.002453,Rv,13,,1741092308000,,0.0,1741095417000,1741096034000,1741093200000,1741165200000.0,1741088708000,1741091817000,1741092434000,Fare for jordskred,2025-03-04
613,46_RV13_S32,0.11091486904024019,51696.65386824019,6732583.528745706,456392704,33a4063d-1829-4426-af0e-c47833808be1_1,NPRA_HBT_04-03-2025.44749,1,"Rv. 13 Hardangerbrua i Ulvik/Eidfjord, Vestland","Sterk vind, fare for stengt veg.",,,uvær,uvær,uvær,Certain,,1741107342000,6.823856120609264,60.48377145782033,6.836791862242444,60.47318852151293,6.830323,60.47849,Rv,13,,1741104007000,,0.0,1741107364000,1741107364000,1741103742000,,1741100407000,1741103764000,1741103764000,Uvær,2025-03-04
614,46_RV13_S32,0.11091486904024019,51696.65386824019,6732583.528745706,456392704,33a4063d-1829-4426-af0e-c47833808be1_2,NPRA_HBT_04-03-2025.44749,2,"Rv. 13 Hardangerbrua i Ulvik/Eidfjord, Vestland","Sterk vind, fare for stengt veg.",,,uvær,uvær,uvær,Certain,,1741107342000,6.823856120609264,60.48377145782033,6.836791862242444,60.47318852151293,6.830323,60.47849,Rv,13,,1741104007000,,0.0,1741107364000,1741107364000,1741103742000,,1741100407000,1741103764000,1741103764000,Uvær,2025-03-04
615,46_RV13_S32,0.11091486904024019,51696.65386824019,6732583.528745706,460324864,cca58795-c367-4a5f-8feb-7d84256708fa_1,NPRA_HBT_04-03-2025.44764,1,"Rv. 13 Hardangerbrua i Ulvik/Eidfjord, Vestland","Sterk vind, fare for stengt veg.",,,uvær,uvær,uvær,Certain,,1741109283000,6.823856120609264,60.48377145782033,6.836791862242444,60.47318852151293,6.830323,60.47849,Rv,13,,1741105807000,,0.0,1741109313000,1741109313000,1741105683000,,1741102207000,1741105713000,1741105713000,Uvær,2025-03-04
616,46_RV13_S32,0.11091486904024019,51696.65386824019,6732583.528745706,460324864,cca58795-c367-4a5f-8feb-7d84256708fa_2,NPRA_HBT_04-03-2025.44764,2,"Rv. 13 Hardangerbrua i Ulvik/Eidfjord, Vestland","Sterk vind, fare for stengt veg.",,,uvær,uvær,uvær,Certain,,1741109283000,6.823856120609264,60.48377145782033,6.836791862242444,60.47318852151293,6.830323,60.47849,Rv,13,,1741105807000,,0.0,1741109313000,1741109313000,1741105683000,,1741102207000,1741105713000,1741105713000,Uvær,2025-03-04
617,46_RV13_S32,0.11091486904024019,51696.65386824019,6732583.528745706,461897728,b4d88bd4-8c1a-4f4c-838d-057568d6e324_1,NPRA_HBT_04-03-2025.44770,1,"Rv. 13 Hardangerbrua i Ulvik/Eidfjord, Vestland","Sterk vind, fare for stengt veg.",,,uvær,uvær,uvær,Certain,,1741109808000,6.823856120609264,60.48377145782033,6.836791862242444,60.47318852151293,6.830323,60.47849,Rv,13,,1741106705000,,0.0,1741109825000,1741109825000,1741106208000,,1741103105000,1741106225000,1741106225000,Uvær,2025-03-04
618,46_RV13_S32,0.11091486904024019,51696.65386824019,6732583.528745706,461897728,b4d88bd4-8c1a-4f4c-838d-057568d6e324_2,NPRA_HBT_04-03-2025.44770,2,"Rv. 13 Hardangerbrua i Ulvik/Eidfjord, Vestland","Sterk vind, fare for stengt veg.",,,uvær,uvær,uvær,Certain,,1741109808000,6.823856120609264,60.48377145782033,6.836791862242444,60.47318852151293,6.830323,60.47849,Rv,13,,1741106705000,,0.0,1741109825000,1741109825000,1741106208000,,1741103105000,1741106225000,1741106225000,Uvær,2025-03-04
619,46_RV13_S32,0.11091486904024019,51696.65386824019,6732583.528745706,473169920,95120e82-31ee-4b78-99a3-12f124ada47b_1,NPRA_HBT_04-03-2025.44813,1,"Rv. 13 Hardangerbrua i Ulvik/Eidfjord, Vestland","Sterk vind, fare for stengt veg.",,,uvær,uvær,uvær,Certain,,1741113627000,6.823856120609264,60.48377145782033,6.836791862242444,60.47318852151293,6.830323,60.47849,Rv,13,,1741110309000,,0.0,1741113634000,1741113634000,1741110027000,,1741106709000,1741110034000,1741110034000,Uvær,2025-03-04
620,46_RV13_S32,0.11091486904024019,51696.65386824019,6732583.528745706,473169920,95120e82-31ee-4b78-99a3-12f124ada47b_2,NPRA_HBT_04-03-2025.44813,2,"Rv. 13 Hardangerbrua i Ulvik/Eidfjord, Vestland","Sterk vind, fare for stengt veg.",,,uvær,uvær,uvær,Certain,,1741113627000,6.823856120609264,60.48377145782033,6.836791862242444,60.47318852151293,6.830323,60.47849,Rv,13,,1741110309000,,0.0,1741113634000,1741113634000,1741110027000,,1741106709000,1741110034000,1741110034000,Uvær,2025-03-04
621,46_RV13_S32,0.11091486904024019,51696.65386824019,6732583.528745706,478150656,02fa3125-0d6d-4f8e-90d1-0e76ad7fca34_1,NPRA_HBT_04-03-2025.44832,1,"Rv. 13 Hardangerbrua i Ulvik/Eidfjord, Vestland","Sterk vind, fare for stengt veg.",,,uvær,uvær,uvær,Certain,,1741114738000,6.823856120609264,60.48377145782033,6.836791862242444,60.47318852151293,6.830323,60.47849,Rv,13,,1741111205000,,0.0,1741114744000,1741114744000,1741111138000,,1741107605000,1741111144000,1741111144000,Uvær,2025-03-04
622,46_RV13_S32,0.11091486904024019,51696.65386824019,6732583.528745706,478150656,02fa3125-0d6d-4f8e-90d1-0e76ad7fca34_2,NPRA_HBT_04-03-2025.44832,2,"Rv. 13 Hardangerbrua i Ulvik/Eidfjord, Vestland","Sterk vind, fare for stengt veg.",,,uvær,uvær,uvær,Certain,,1741114738000,6.823856120609264,60.48377145782033,6.836791862242444,60.47318852151293,6.830323,60.47849,Rv,13,,1741111205000,,0.0,1741114744000,1741114744000,1741111138000,,1741107605000,1741111144000,1741111144000,Uvær,2025-03-04
623,46_RV13_S32,0.11091486904024019,51696.65386824019,6732583.528745706,493879296,d610e1ef-9015-413f-983d-85ee7b4c6628_1,NPRA_HBT_04-03-2025.44892,1,"Rv. 13 Hardangerbrua i Ulvik/Eidfjord, Vestland","Sterk vind, fare for stengt veg.",,,uvær,uvær,uvær,Certain,,1741119538000,6.823856120609264,60.48377145782033,6.836791862242444,60.47318852151293,6.830323,60.47849,Rv,13,,1741116606000,,0.0,1741119544000,1741119544000,1741115938000,,1741113006000,1741115944000,1741115944000,Uvær,2025-03-04
624,46_RV13_S32,0.11091486904024019,51696.65386824019,6732583.528745706,493879296,d610e1ef-9015-413f-983d-85ee7b4c6628_2,NPRA_HBT_04-03-2025.44892,2,"Rv. 13 Hardangerbrua i Ulvik/Eidfjord, Vestland","Sterk vind, fare for stengt veg.",,,uvær,uvær,uvær,Certain,,1741119538000,6.823856120609264,60.48377145782033,6.836791862242444,60.47318852151293,6.830323,60.47849,Rv,13,,1741116606000,,0.0,1741119544000,1741119544000,1741115938000,,1741113006000,1741115944000,1741115944000,Uvær,2025-03-04
625,46_RV13_S27,0.021675260841110357,31961.368798077747,6695744.171495157,419954688,f97a283e-76c6-4f40-befd-902f672c5258_1,NPRA_HBT_04-03-2025.44610,1,"Rv. 13 Freimsbekken i Ullensvang, Vestland - rv. 13 Brakavik i Ullensvang, Vestland","Fare for jordskred, vegen er stengt.
Preventiv stenging grunnet stor fare for skred/ras. Ny vurdering klokken 10. ",,,skred,løsmasseskred,fare for løsmasseskred,RiskOf,1741168800000.0,1741122000000,6.552973021228565,60.07226538929384,6.589072715950854,60.184371719182906,6.5606027,60.128952,Rv,13,,1741092308000,,2.0,1741095254000,1741161901000,1741118400000,1741165200000.0,1741088708000,1741091654000,1741158301000,Fare for jordskred,2025-03-04
626,46_RV13_S27,0.021675260841110357,31961.368798077747,6695744.171495157,419954688,f97a283e-76c6-4f40-befd-902f672c5258_2,NPRA_HBT_04-03-2025.44610,2,"Rv. 13 Freimsbekken i Ullensvang, Vestland - rv. 13 Brakavik i Ullensvang, Vestland","Fare for jordskred, vegen er stengt.
Preventiv stenging grunnet stor fare for skred/ras. Ny vurdering klokken 10. ",,,skred,løsmasseskred,fare for løsmasseskred,RiskOf,1741168800000.0,1741122000000,6.552973021228565,60.07226538929384,6.589072715950854,60.184371719182906,6.5606027,60.128952,Rv,13,,1741092308000,,2.0,1741095254000,1741161901000,1741118400000,1741165200000.0,1741088708000,1741091654000,1741158301000,Fare for jordskred,2025-03-04
631,46_RV13_S25,0.2544338598044172,30667.983279746375,6675354.610894079,1010040832,a7c734d4-f04c-44a3-abde-128628bbc7cc_1,NPRA_HBT_05-03-2025.45165,1,"Rv. 13 Espelandsfossen i Ullensvang, Vestland",Flom.,,,flom,flom,flom,Certain,1741189455000.0,1741160655000,,,,,6.584107,59.946373,Rv,13,,1741157479000,,0.0,1741160737000,1741164465000,1741157055000,1741185855000.0,1741153879000,1741157137000,1741160865000,Flom,2025-03-05
632,46_RV13_S36,0.22669238640652176,37488.723863461404,6771628.850894571,1075838976,e23225d3-ae88-4cc8-bd47-3ac988d7a911_2,NPRA_HBT_05-03-2025.45416,2,"Rv. 13 Grimshaugen i Voss, Vestland - rv. 13 Vinje i Voss, Vestland","Steinskred/steinsprang, vegen er stengt.",,,steinskred,steinskred,steinskred,Certain,1741266881000.0,1741180481000,6.46339065376884,60.8276212084781,6.508539876374748,60.79270147815555,6.48299,60.80921,Rv,13,,1741181779000,,2.0,1741185296000,1741186934000,1741176881000,1741263281000.0,1741178179000,1741181696000,1741183334000,Steinsprang,2025-03-05
635,46_RV13_S27,0.2603566959901498,30810.666239743994,6690873.54682429,1118830592,be8fc913-23f1-4415-8aff-f05ce376d6e7_1,NPRA_HBT_05-03-2025.45580,1,"Rv. 13 Kviturtunnelen i Ullensvang, Vestland - rv. 13 Freim i Ullensvang, Vestland",Flom.,,,flom,flom,flom,Certain,1741204975000.0,1741190575000,6.548948000390155,60.09329581853413,6.552403191993264,60.07591223809329,6.551283,60.084377,Rv,13,,1741187180000,,0.0,1741190751000,1741190751000,1741186975000,1741201375000.0,1741183580000,1741187151000,1741187151000,Flom,2025-03-05
636,46_RV13_S27,0.41759501699088575,32776.823421194335,6697666.461001654,1132724224,ea3d4222-c4c4-4616-abdf-186ceb8558f6_1,NPRA_HBT_05-03-2025.45633,1,"Rv. 13 Okslatunnelen i Ullensvang, Vestland - rv. 13 Fresviktunnelen i Ullensvang, Vestland","Steinskred/steinsprang, vegen er stengt.
Åpner med manuell dirigering kl 15.30",,,steinskred,steinskred,steinskred,Certain,1741275000000.0,1741193783000,6.558163420407714,60.12110496092739,6.584077335031292,60.17310310425463,6.5707226,60.146957,Rv,13,,1741190781000,,2.0,1741193829000,1741272506000,1741190183000,1741271400000.0,1741187181000,1741190229000,1741268906000,Steinsprang,2025-03-05
637,46_RV13_S27,0.41759501699088575,32776.823421194335,6697666.461001654,1132724224,ea3d4222-c4c4-4616-abdf-186ceb8558f6_2,NPRA_HBT_05-03-2025.45633,2,"Rv. 13 Okslatunnelen i Ullensvang, Vestland - rv. 13 Fresviktunnelen i Ullensvang, Vestland","Steinskred/steinsprang, vegen er stengt.
Åpner med manuell dirigering kl 15.30",,,steinskred,steinskred,steinskred,Certain,1741275000000.0,1741193783000,6.558163420407714,60.12110496092739,6.584077335031292,60.17310310425463,6.5707226,60.146957,Rv,13,,1741190781000,,2.0,1741193956000,1741272506000,1741190183000,1741271400000.0,1741187181000,1741190356000,1741268906000,Steinsprang,2025-03-05
638,46_RV13_S36,0.22669238640652176,37488.723863461404,6771628.850894571,1075838976,e23225d3-ae88-4cc8-bd47-3ac988d7a911_1,NPRA_HBT_05-03-2025.45416,1,"Rv. 13 Grimshaugen i Voss, Vestland - rv. 13 Vinje i Voss, Vestland","Steinskred/steinsprang, vegen er stengt.
Utrykningskjøretøy under utrykning kan passere. ",,,steinskred,steinskred,steinskred,Certain,1741269600000.0,1741199400000,6.46339065376884,60.8276212084781,6.508539876374748,60.79270147815555,6.48299,60.80921,Rv,13,,1741179080000,,2.0,1741181917000,1741262326000,1741195800000,1741266000000.0,1741175480000,1741178317000,1741258726000,Steinsprang,2025-03-05
639,46_RV13_S36,0.22669238640652176,37488.723863461404,6771628.850894571,1075838976,e23225d3-ae88-4cc8-bd47-3ac988d7a911_3,NPRA_HBT_05-03-2025.45416,3,"Rv. 13 Grimshaugen i Voss, Vestland - rv. 13 Vinje i Voss, Vestland","Steinskred/steinsprang, vegen er stengt.
Utrykningskjøretøy under utrykning kan passere. ",,,steinskred,steinskred,steinskred,Certain,1741269600000.0,1741199400000,6.46339065376884,60.8276212084781,6.508539876374748,60.79270147815555,6.48299,60.80921,Rv,13,,1741187180000,,2.0,1741189943000,1741262326000,1741195800000,1741266000000.0,1741183580000,1741186343000,1741258726000,Steinsprang,2025-03-05
640,46_RV13_S48,0.06642104951292359,74079.37415778096,6811817.337697532,1155530752,b0e87b3f-c846-48c1-b83e-407d226877ee_1,NPRA_HBT_05-03-2025.45720,1,"Rv. 13 Bondeviki i Sogndal, Vestland - rv. 13 Bondeviki i Sogndal, Vestland",Flom.,,,flom,flom,flom,Certain,1741255200000.0,1741200184000,7.058075464384991,61.20664201100953,7.061774296328313,61.207874159367925,7.059684,61.20743,Rv,13,,1741197080000,,0.0,1741200257000,1741213918000,1741196584000,1741251600000.0,1741193480000,1741196657000,1741210318000,Flom,2025-03-05
641,46_RV13_S32,0.11091486904024019,51696.65386824019,6732583.528745706,1157890048,a7e26006-453b-4ab0-8c7c-d6d42bcb2b7c_1,NPRA_HBT_05-03-2025.45729,1,"Rv. 13 Hardangerbrua i Ulvik/Eidfjord, Vestland","Sterk vind, fare for stengt veg.",,,uvær,uvær,uvær,Certain,,1741200621000,6.823856120609264,60.48377145782033,6.836791862242444,60.47318852151293,6.830323,60.47849,Rv,13,,1741197080000,,0.0,1741200633000,1741200633000,1741197021000,,1741193480000,1741197033000,1741197033000,Uvær,2025-03-05
642,46_RV13_S32,0.11091486904024019,51696.65386824019,6732583.528745706,1157890048,a7e26006-453b-4ab0-8c7c-d6d42bcb2b7c_2,NPRA_HBT_05-03-2025.45729,2,"Rv. 13 Hardangerbrua i Ulvik/Eidfjord, Vestland","Sterk vind, fare for stengt veg.",,,uvær,uvær,uvær,Certain,,1741200621000,6.823856120609264,60.48377145782033,6.836791862242444,60.47318852151293,6.830323,60.47849,Rv,13,,1741197080000,,0.0,1741200633000,1741200633000,1741197021000,,1741193480000,1741197033000,1741197033000,Uvær,2025-03-05
643,46_RV13_S32,0.11091486904024019,51696.65386824019,6732583.528745706,1163132928,97c6c88e-0a94-4001-9a74-82bcf6fc2a5a_1,NPRA_HBT_05-03-2025.45749,1,"Rv. 13 Hardangerbrua i Ulvik/Eidfjord, Vestland","Sterk vind, fare for stengt veg.",,,uvær,uvær,uvær,Certain,,1741202301000,6.823856120609264,60.48377145782033,6.836791862242444,60.47318852151293,6.830323,60.47849,Rv,13,,1741198880000,,0.0,1741202314000,1741202314000,1741198701000,,1741195280000,1741198714000,1741198714000,Uvær,2025-03-05
644,46_RV13_S32,0.11091486904024019,51696.65386824019,6732583.528745706,1163132928,97c6c88e-0a94-4001-9a74-82bcf6fc2a5a_2,NPRA_HBT_05-03-2025.45749,2,"Rv. 13 Hardangerbrua i Ulvik/Eidfjord, Vestland","Sterk vind, fare for stengt veg.",,,uvær,uvær,uvær,Certain,,1741202301000,6.823856120609264,60.48377145782033,6.836791862242444,60.47318852151293,6.830323,60.47849,Rv,13,,1741198880000,,0.0,1741202314000,1741202314000,1741198701000,,1741195280000,1741198714000,1741198714000,Uvær,2025-03-05
645,46_RV13_S48,0.22331094372736549,71158.02562917979,6809194.94216234,1164967936,01b1bec7-05d5-4f8a-a8c1-4604c58a9293_1,NPRA_HBT_05-03-2025.45756,1,"Rv. 13 Ylvisåker i Sogndal, Vestland","Steinskred/steinsprang, vegen er stengt.
Ny vurdering torsdag kl 09:00",,,steinskred,steinskred,steinskred,Certain,1741251600000.0,1741202699000,,,,,7.011786,61.18093,Rv,13,,1741199780000,,2.0,1741202713000,1741203544000,1741199099000,1741248000000.0,1741196180000,1741199113000,1741199944000,Steinsprang,2025-03-05
646,46_RV13_S48,0.22331094372736549,71158.02562917979,6809194.94216234,1164967936,01b1bec7-05d5-4f8a-a8c1-4604c58a9293_2,NPRA_HBT_05-03-2025.45756,2,"Rv. 13 Ylvisåker i Sogndal, Vestland","Steinskred/steinsprang, vegen er stengt.
Ny vurdering torsdag kl 09:00",,,steinskred,steinskred,steinskred,Certain,1741251600000.0,1741202699000,,,,,7.011786,61.18093,Rv,13,,1741200680000,,2.0,1741203544000,1741203547000,1741199099000,1741248000000.0,1741197080000,1741199944000,1741199947000,Steinsprang,2025-03-05
647,46_RV13_S32,0.11091486904024019,51696.65386824019,6732583.528745706,1174929408,7b59f692-acae-416d-9af0-b4ea5d5b4782_1,NPRA_HBT_05-03-2025.45794,1,"Rv. 13 Hardangerbrua i Ulvik/Eidfjord, Vestland","Sterk vind, fare for stengt veg.",,,uvær,uvær,uvær,Certain,,1741204941000,6.823856120609264,60.48377145782033,6.836791862242444,60.47318852151293,6.830323,60.47849,Rv,13,,1741201580000,,0.0,1741204955000,1741204955000,1741201341000,,1741197980000,1741201355000,1741201355000,Uvær,2025-03-05
648,46_RV13_S32,0.11091486904024019,51696.65386824019,6732583.528745706,1174929408,7b59f692-acae-416d-9af0-b4ea5d5b4782_2,NPRA_HBT_05-03-2025.45794,2,"Rv. 13 Hardangerbrua i Ulvik/Eidfjord, Vestland","Sterk vind, fare for stengt veg.",,,uvær,uvær,uvær,Certain,,1741204941000,6.823856120609264,60.48377145782033,6.836791862242444,60.47318852151293,6.830323,60.47849,Rv,13,,1741201580000,,0.0,1741204955000,1741204955000,1741201341000,,1741197980000,1741201355000,1741201355000,Uvær,2025-03-05
649,46_RV13_S32,0.11091486904024019,51696.65386824019,6732583.528745706,1182531584,c9fb949b-fa8e-411b-8236-c7c70f9d6dfd_1,NPRA_HBT_05-03-2025.45823,1,"Rv. 13 Hardangerbrua i Ulvik/Eidfjord, Vestland","Sterk vind, fare for stengt veg.",,,uvær,uvær,uvær,Certain,,1741206575000,6.823856120609264,60.48377145782033,6.836791862242444,60.47318852151293,6.830323,60.47849,Rv,13,,1741203383000,,0.0,1741206604000,1741206604000,1741202975000,,1741199783000,1741203004000,1741203004000,Uvær,2025-03-05
650,46_RV13_S32,0.11091486904024019,51696.65386824019,6732583.528745706,1182531584,c9fb949b-fa8e-411b-8236-c7c70f9d6dfd_2,NPRA_HBT_05-03-2025.45823,2,"Rv. 13 Hardangerbrua i Ulvik/Eidfjord, Vestland","Sterk vind, fare for stengt veg.",,,uvær,uvær,uvær,Certain,,1741206575000,6.823856120609264,60.48377145782033,6.836791862242444,60.47318852151293,6.830323,60.47849,Rv,13,,1741203383000,,0.0,1741206604000,1741206604000,1741202975000,,1741199783000,1741203004000,1741203004000,Uvær,2025-03-05
651,46_RV13_S32,0.11091486904024019,51696.65386824019,6732583.528745706,1185415168,1731fc9d-1b97-46a9-926e-4b61003d25b8_1,NPRA_HBT_05-03-2025.45834,1,"Rv. 13 Hardangerbrua i Ulvik/Eidfjord, Vestland","Sterk vind, fare for stengt veg.",,,uvær,uvær,uvær,Certain,,1741207236000,6.823856120609264,60.48377145782033,6.836791862242444,60.47318852151293,6.830323,60.47849,Rv,13,,1741204280000,,0.0,1741207267000,1741207267000,1741203636000,,1741200680000,1741203667000,1741203667000,Uvær,2025-03-05
652,46_RV13_S32,0.11091486904024019,51696.65386824019,6732583.528745706,1185415168,1731fc9d-1b97-46a9-926e-4b61003d25b8_2,NPRA_HBT_05-03-2025.45834,2,"Rv. 13 Hardangerbrua i Ulvik/Eidfjord, Vestland","Sterk vind, fare for stengt veg.",,,uvær,uvær,uvær,Certain,,1741207236000,6.823856120609264,60.48377145782033,6.836791862242444,60.47318852151293,6.830323,60.47849,Rv,13,,1741204280000,,0.0,1741207267000,1741207267000,1741203636000,,1741200680000,1741203667000,1741203667000,Uvær,2025-03-05
653,46_RV13_S32,0.11091486904024019,51696.65386824019,6732583.528745706,1191968768,47911a49-643b-40e1-a4ff-5e837ee954bd_1,NPRA_HBT_05-03-2025.45859,1,"Rv. 13 Hardangerbrua i Ulvik/Eidfjord, Vestland","Sterk vind, fare for stengt veg.",,,uvær,uvær,uvær,Certain,,1741208736000,6.823856120609264,60.48377145782033,6.836791862242444,60.47318852151293,6.830323,60.47849,Rv,13,,1741206080000,,0.0,1741208764000,1741208764000,1741205136000,,1741202480000,1741205164000,1741205164000,Uvær,2025-03-05
654,46_RV13_S32,0.11091486904024019,51696.65386824019,6732583.528745706,1191968768,47911a49-643b-40e1-a4ff-5e837ee954bd_2,NPRA_HBT_05-03-2025.45859,2,"Rv. 13 Hardangerbrua i Ulvik/Eidfjord, Vestland","Sterk vind, fare for stengt veg.",,,uvær,uvær,uvær,Certain,,1741208736000,6.823856120609264,60.48377145782033,6.836791862242444,60.47318852151293,6.830323,60.47849,Rv,13,,1741206080000,,0.0,1741208764000,1741208764000,1741205136000,,1741202480000,1741205164000,1741205164000,Uvær,2025-03-05
655,46_RV13_S32,0.11091486904024019,51696.65386824019,6732583.528745706,1218707456,3a607315-6c63-4300-a4e2-f8d638aebdc3_1,NPRA_HBT_05-03-2025.45961,1,"Rv. 13 Hardangerbrua i Ulvik/Eidfjord, Vestland","Sterk vind, fare for stengt veg.",,,uvær,uvær,uvær,Certain,,1741218029000,6.823856120609264,60.48377145782033,6.836791862242444,60.47318852151293,6.830323,60.47849,Rv,13,,1741215080000,,0.0,1741218034000,1741218034000,1741214429000,,1741211480000,1741214434000,1741214434000,Uvær,2025-03-05
656,46_RV13_S32,0.11091486904024019,51696.65386824019,6732583.528745706,1218707456,3a607315-6c63-4300-a4e2-f8d638aebdc3_2,NPRA_HBT_05-03-2025.45961,2,"Rv. 13 Hardangerbrua i Ulvik/Eidfjord, Vestland","Sterk vind, fare for stengt veg.",,,uvær,uvær,uvær,Certain,,1741218029000,6.823856120609264,60.48377145782033,6.836791862242444,60.47318852151293,6.830323,60.47849,Rv,13,,1741215080000,,0.0,1741218034000,1741218034000,1741214429000,,1741211480000,1741214434000,1741214434000,Uvær,2025-03-05
657,46_RV13_S32,0.11091486904024019,51696.65386824019,6732583.528745706,1676148736,f07d3b32-82ff-4c5b-8355-7892e520c718_1,NPRA_HBT_06-03-2025.46010,1,"Rv. 13 Hardangerbrua i Ulvik/Eidfjord, Vestland","Sterk vind, fare for stengt veg.",,,uvær,uvær,uvær,Certain,,1741228238000,6.823856120609264,60.48377145782033,6.836791862242444,60.47318852151293,6.830323,60.47849,Rv,13,,1741225279000,,0.0,1741228264000,1741228264000,1741224638000,,1741221679000,1741224664000,1741224664000,Uvær,2025-03-06
658,46_RV13_S32,0.11091486904024019,51696.65386824019,6732583.528745706,1676148736,f07d3b32-82ff-4c5b-8355-7892e520c718_2,NPRA_HBT_06-03-2025.46010,2,"Rv. 13 Hardangerbrua i Ulvik/Eidfjord, Vestland","Sterk vind, fare for stengt veg.",,,uvær,uvær,uvær,Certain,,1741228238000,6.823856120609264,60.48377145782033,6.836791862242444,60.47318852151293,6.830323,60.47849,Rv,13,,1741225279000,,0.0,1741228264000,1741228264000,1741224638000,,1741221679000,1741224664000,1741224664000,Uvær,2025-03-06
659,46_RV13_S32,0.11091486904024019,51696.65386824019,6732583.528745706,1678508032,75000a43-d5c6-4883-8842-9db0cb8d0451_1,NPRA_HBT_06-03-2025.46019,1,"Rv. 13 Hardangerbrua i Ulvik/Eidfjord, Vestland","Sterk vind, fare for stengt veg.",,,uvær,uvær,uvær,Certain,,1741229753000,6.823856120609264,60.48377145782033,6.836791862242444,60.47318852151293,6.830323,60.47849,Rv,13,,1741227080000,,0.0,1741229763000,1741229763000,1741226153000,,1741223480000,1741226163000,1741226163000,Uvær,2025-03-06
660,46_RV13_S32,0.11091486904024019,51696.65386824019,6732583.528745706,1678508032,75000a43-d5c6-4883-8842-9db0cb8d0451_2,NPRA_HBT_06-03-2025.46019,2,"Rv. 13 Hardangerbrua i Ulvik/Eidfjord, Vestland","Sterk vind, fare for stengt veg.",,,uvær,uvær,uvær,Certain,,1741229753000,6.823856120609264,60.48377145782033,6.836791862242444,60.47318852151293,6.830323,60.47849,Rv,13,,1741227080000,,0.0,1741229763000,1741229763000,1741226153000,,1741223480000,1741226163000,1741226163000,Uvær,2025-03-06
661,46_RV13_S32,0.11091486904024019,51696.65386824019,6732583.528745706,1716518912,a6c036d6-65f2-4d1d-9f03-08c17f17e8e5_1,NPRA_HBT_06-03-2025.46164,1,"Rv. 13 Hardangerbrua i Ulvik/Eidfjord, Vestland","Sterk vind, fare for stengt veg.",,,uvær,uvær,uvær,Certain,,1741244957000,6.823856120609264,60.48377145782033,6.836791862242444,60.47318852151293,6.830323,60.47849,Rv,13,,1741241480000,,0.0,1741244974000,1741244974000,1741241357000,,1741237880000,1741241374000,1741241374000,Uvær,2025-03-06
662,46_RV13_S32,0.11091486904024019,51696.65386824019,6732583.528745706,1716518912,a6c036d6-65f2-4d1d-9f03-08c17f17e8e5_2,NPRA_HBT_06-03-2025.46164,2,"Rv. 13 Hardangerbrua i Ulvik/Eidfjord, Vestland","Sterk vind, fare for stengt veg.",,,uvær,uvær,uvær,Certain,,1741244957000,6.823856120609264,60.48377145782033,6.836791862242444,60.47318852151293,6.830323,60.47849,Rv,13,,1741241480000,,0.0,1741244974000,1741244974000,1741241357000,,1741237880000,1741241374000,1741241374000,Uvær,2025-03-06
663,46_RV13_S32,0.11091486904024019,51696.65386824019,6732583.528745706,1719926784,2e2891b8-8d1d-4453-be92-733819f89e0c_1,NPRA_HBT_06-03-2025.46177,1,"Rv. 13 Hardangerbrua i Ulvik/Eidfjord, Vestland","Sterk vind, fare for stengt veg.",,,uvær,uvær,uvær,Certain,,1741245352000,6.823856120609264,60.48377145782033,6.836791862242444,60.47318852151293,6.830323,60.47849,Rv,13,,1741242382000,,0.0,1741245366000,1741245366000,1741241752000,,1741238782000,1741241766000,1741241766000,Uvær,2025-03-06
664,46_RV13_S32,0.11091486904024019,51696.65386824019,6732583.528745706,1719926784,2e2891b8-8d1d-4453-be92-733819f89e0c_2,NPRA_HBT_06-03-2025.46177,2,"Rv. 13 Hardangerbrua i Ulvik/Eidfjord, Vestland","Sterk vind, fare for stengt veg.",,,uvær,uvær,uvær,Certain,,1741245352000,6.823856120609264,60.48377145782033,6.836791862242444,60.47318852151293,6.830323,60.47849,Rv,13,,1741242382000,,0.0,1741245366000,1741245366000,1741241752000,,1741238782000,1741241766000,1741241766000,Uvær,2025-03-06
665,46_RV13_S32,0.11091486904024019,51696.65386824019,6732583.528745706,1727266816,61843565-8bbd-44cb-a7e1-7aa957b056ef_1,NPRA_HBT_06-03-2025.46205,1,"Rv. 13 Hardangerbrua i Ulvik/Eidfjord, Vestland","Sterk vind, fare for stengt veg.",,,uvær,uvær,uvær,Certain,,1741246557000,6.823856120609264,60.48377145782033,6.836791862242444,60.47318852151293,6.830323,60.47849,Rv,13,,1741243279000,,0.0,1741246566000,1741246566000,1741242957000,,1741239679000,1741242966000,1741242966000,Uvær,2025-03-06
666,46_RV13_S32,0.11091486904024019,51696.65386824019,6732583.528745706,1727266816,61843565-8bbd-44cb-a7e1-7aa957b056ef_2,NPRA_HBT_06-03-2025.46205,2,"Rv. 13 Hardangerbrua i Ulvik/Eidfjord, Vestland","Sterk vind, fare for stengt veg.",,,uvær,uvær,uvær,Certain,,1741246557000,6.823856120609264,60.48377145782033,6.836791862242444,60.47318852151293,6.830323,60.47849,Rv,13,,1741243279000,,0.0,1741246566000,1741246566000,1741242957000,,1741239679000,1741242966000,1741242966000,Uvær,2025-03-06
667,46_RV13_S21,0.6800297237972035,39255.917257508845,6658967.533616429,1819017216,9cf44b47-d135-49a5-b9bc-964857496245_1,NPRA_HBT_06-03-2025.46555,1,"Rv. 13 Horda i Ullensvang, Vestland",Isnedfall.,,,,isnedfall,isnedfall,Certain,1741284622000.0,1741270222000,,,,,6.7725406,59.81043,Rv,13,,1741267577000,,0.0,1741270348000,1741270348000,1741266622000,1741281022000.0,1741263977000,1741266748000,1741266748000,Isnedfall,2025-03-06
668,46_RV13_S36,0.12237195744952938,38642.60177690862,6769676.3192102425,-717488128,d74f84e5-cfcb-4367-90ef-392664aafb72_1,NPRA_HBT_09-03-2025.48175,1,"Rv. 13 Vinje i Voss, Vestland",Isnedfall.,,,,isnedfall,isnedfall,Certain,1741546230000.0,1741531830000,,,,,6.50859,60.79321,Rv,13,,1741528682000,,0.0,1741532048000,1741532048000,1741528230000,1741542630000.0,1741525082000,1741528448000,1741528448000,Isnedfall,2025-03-09
670,46_RV13_S32,0.11091486904024019,51696.65386824019,6732583.528745706,-846987264,013f608b-76b8-49c5-b257-c546b516b6ba_1,NPRA_HBT_16-03-2025.52193,1,"Rv. 13 Hardangerbrua i Ulvik/Eidfjord, Vestland","Sterk vind, fare for stengt veg.",,,uvær,uvær,uvær,Certain,,1742087921000,6.823856120609264,60.48377145782033,6.836791862242444,60.47318852151293,6.830323,60.47849,Rv,13,,1742084847000,,0.0,1742087942000,1742087942000,1742084321000,,1742081247000,1742084342000,1742084342000,Uvær,2025-03-16
671,46_RV13_S32,0.11091486904024019,51696.65386824019,6732583.528745706,-846987264,013f608b-76b8-49c5-b257-c546b516b6ba_2,NPRA_HBT_16-03-2025.52193,2,"Rv. 13 Hardangerbrua i Ulvik/Eidfjord, Vestland","Sterk vind, fare for stengt veg.",,,uvær,uvær,uvær,Certain,,1742087921000,6.823856120609264,60.48377145782033,6.836791862242444,60.47318852151293,6.830323,60.47849,Rv,13,,1742084847000,,0.0,1742087942000,1742087942000,1742084321000,,1742081247000,1742084342000,1742084342000,Uvær,2025-03-16
672,46_RV13_S32,0.11091486904024019,51696.65386824019,6732583.528745706,-1772355584,9d8f08d1-b503-4501-8be4-c629c702102c_1,NPRA_HBT_21-03-2025.56567,1,"Rv. 13 Hardangerbrua i Ulvik/Eidfjord, Vestland","Sterk vind, fare for stengt veg.",,,uvær,uvær,uvær,Certain,,1742592616000,6.823856120609264,60.48377145782033,6.836791862242444,60.47318852151293,6.830323,60.47849,Rv,13,,1742589091000,,0.0,1742592632000,1742592632000,1742589016000,,1742585491000,1742589032000,1742589032000,Uvær,2025-03-21
673,46_RV13_S32,0.11091486904024019,51696.65386824019,6732583.528745706,-1772355584,9d8f08d1-b503-4501-8be4-c629c702102c_2,NPRA_HBT_21-03-2025.56567,2,"Rv. 13 Hardangerbrua i Ulvik/Eidfjord, Vestland","Sterk vind, fare for stengt veg.",,,uvær,uvær,uvær,Certain,,1742592616000,6.823856120609264,60.48377145782033,6.836791862242444,60.47318852151293,6.830323,60.47849,Rv,13,,1742589091000,,0.0,1742592632000,1742592632000,1742589016000,,1742585491000,1742589032000,1742589032000,Uvær,2025-03-21
674,46_RV13_S32,0.11091486904024019,51696.65386824019,6732583.528745706,-1766588416,57324d56-527c-47f2-a84b-c6c60950cd5f_1,NPRA_HBT_21-03-2025.56589,1,"Rv. 13 Hardangerbrua i Ulvik/Eidfjord, Vestland","Sterk vind, fare for stengt veg.",,,uvær,uvær,uvær,Certain,,1742596986000,6.823856120609264,60.48377145782033,6.836791862242444,60.47318852151293,6.830323,60.47849,Rv,13,,1742593594000,,0.0,1742597012000,1742597012000,1742593386000,,1742589994000,1742593412000,1742593412000,Uvær,2025-03-21
675,46_RV13_S32,0.11091486904024019,51696.65386824019,6732583.528745706,-1766588416,57324d56-527c-47f2-a84b-c6c60950cd5f_2,NPRA_HBT_21-03-2025.56589,2,"Rv. 13 Hardangerbrua i Ulvik/Eidfjord, Vestland","Sterk vind, fare for stengt veg.",,,uvær,uvær,uvær,Certain,,1742596986000,6.823856120609264,60.48377145782033,6.836791862242444,60.47318852151293,6.830323,60.47849,Rv,13,,1742593594000,,0.0,1742597012000,1742597012000,1742593386000,,1742589994000,1742593412000,1742593412000,Uvær,2025-03-21
676,46_RV13_S32,0.11091486904024019,51696.65386824019,6732583.528745706,-1763180544,1da09138-61a0-485c-b375-6eb786ff237f_1,NPRA_HBT_21-03-2025.56602,1,"Rv. 13 Hardangerbrua i Ulvik/Eidfjord, Vestland","Sterk vind, fare for stengt veg.",,,uvær,uvær,uvær,Certain,,1742600571000,6.823856120609264,60.48377145782033,6.836791862242444,60.47318852151293,6.830323,60.47849,Rv,13,,1742597192000,,0.0,1742600582000,1742600582000,1742596971000,,1742593592000,1742596982000,1742596982000,Uvær,2025-03-21
677,46_RV13_S32,0.11091486904024019,51696.65386824019,6732583.528745706,-1763180544,1da09138-61a0-485c-b375-6eb786ff237f_2,NPRA_HBT_21-03-2025.56602,2,"Rv. 13 Hardangerbrua i Ulvik/Eidfjord, Vestland","Sterk vind, fare for stengt veg.",,,uvær,uvær,uvær,Certain,,1742600571000,6.823856120609264,60.48377145782033,6.836791862242444,60.47318852151293,6.830323,60.47849,Rv,13,,1742597192000,,0.0,1742600582000,1742600582000,1742596971000,,1742593592000,1742596982000,1742596982000,Uvær,2025-03-21
678,46_RV13_S32,0.11091486904024019,51696.65386824019,6732583.528745706,-1316749312,392033a0-8a30-48bc-86d1-34edf7d3a07d_1,NPRA_HBT_22-03-2025.56609,1,"Rv. 13 Hardangerbrua i Ulvik/Eidfjord, Vestland","Sterk vind, fare for stengt veg.",,,uvær,uvær,uvær,Certain,,1742602311000,6.823856120609264,60.48377145782033,6.836791862242444,60.47318852151293,6.830323,60.47849,Rv,13,,1742598994000,,0.0,1742602322000,1742602322000,1742598711000,,1742595394000,1742598722000,1742598722000,Uvær,2025-03-22
679,46_RV13_S32,0.11091486904024019,51696.65386824019,6732583.528745706,-1316749312,392033a0-8a30-48bc-86d1-34edf7d3a07d_2,NPRA_HBT_22-03-2025.56609,2,"Rv. 13 Hardangerbrua i Ulvik/Eidfjord, Vestland","Sterk vind, fare for stengt veg.",,,uvær,uvær,uvær,Certain,,1742602311000,6.823856120609264,60.48377145782033,6.836791862242444,60.47318852151293,6.830323,60.47849,Rv,13,,1742598994000,,0.0,1742602322000,1742602322000,1742598711000,,1742595394000,1742598722000,1742598722000,Uvær,2025-03-22
680,46_RV13_S32,0.11091486904024019,51696.65386824019,6732583.528745706,-1315176448,2c2a3d72-9ee5-485f-b619-f7edf87c2636_1,NPRA_HBT_22-03-2025.56615,1,"Rv. 13 Hardangerbrua i Ulvik/Eidfjord, Vestland","Sterk vind, fare for stengt veg.",,,uvær,uvær,uvær,Certain,,1742604151000,6.823856120609264,60.48377145782033,6.836791862242444,60.47318852151293,6.830323,60.47849,Rv,13,,1742600791000,,0.0,1742604182000,1742604182000,1742600551000,,1742597191000,1742600582000,1742600582000,Uvær,2025-03-22
681,46_RV13_S32,0.11091486904024019,51696.65386824019,6732583.528745706,-1315176448,2c2a3d72-9ee5-485f-b619-f7edf87c2636_2,NPRA_HBT_22-03-2025.56615,2,"Rv. 13 Hardangerbrua i Ulvik/Eidfjord, Vestland","Sterk vind, fare for stengt veg.",,,uvær,uvær,uvær,Certain,,1742604151000,6.823856120609264,60.48377145782033,6.836791862242444,60.47318852151293,6.830323,60.47849,Rv,13,,1742600791000,,0.0,1742604182000,1742604182000,1742600551000,,1742597191000,1742600582000,1742600582000,Uvær,2025-03-22
682,46_RV13_S32,0.11091486904024019,51696.65386824019,6732583.528745706,-1313079296,b89c344b-e6c4-4e26-9ac6-ec3e89bf09df_1,NPRA_HBT_22-03-2025.56623,1,"Rv. 13 Hardangerbrua i Ulvik/Eidfjord, Vestland","Sterk vind, fare for stengt veg.",,,uvær,uvær,uvær,Certain,,1742608669000,6.823856120609264,60.48377145782033,6.836791862242444,60.47318852151293,6.830323,60.47849,Rv,13,,1742605660000,,0.0,1742608682000,1742608682000,1742605069000,,1742602060000,1742605082000,1742605082000,Uvær,2025-03-22
683,46_RV13_S32,0.11091486904024019,51696.65386824019,6732583.528745706,-1313079296,b89c344b-e6c4-4e26-9ac6-ec3e89bf09df_2,NPRA_HBT_22-03-2025.56623,2,"Rv. 13 Hardangerbrua i Ulvik/Eidfjord, Vestland","Sterk vind, fare for stengt veg.",,,uvær,uvær,uvær,Certain,,1742608669000,6.823856120609264,60.48377145782033,6.836791862242444,60.47318852151293,6.830323,60.47849,Rv,13,,1742605660000,,0.0,1742608682000,1742608682000,1742605069000,,1742602060000,1742605082000,1742605082000,Uvær,2025-03-22
684,46_RV13_S32,0.11091486904024019,51696.65386824019,6732583.528745706,-1312817152,581a2c0a-6495-4fb8-8199-6c9e4dc393b6_1,NPRA_HBT_22-03-2025.56624,1,"Rv. 13 Hardangerbrua i Ulvik/Eidfjord, Vestland","Sterk vind, fare for stengt veg.",,,uvær,uvær,uvær,Certain,,1742609755000,6.823856120609264,60.48377145782033,6.836791862242444,60.47318852151293,6.830323,60.47849,Rv,13,,1742606557000,,0.0,1742609763000,1742609763000,1742606155000,,1742602957000,1742606163000,1742606163000,Uvær,2025-03-22
685,46_RV13_S32,0.11091486904024019,51696.65386824019,6732583.528745706,-1312817152,581a2c0a-6495-4fb8-8199-6c9e4dc393b6_2,NPRA_HBT_22-03-2025.56624,2,"Rv. 13 Hardangerbrua i Ulvik/Eidfjord, Vestland","Sterk vind, fare for stengt veg.",,,uvær,uvær,uvær,Certain,,1742609755000,6.823856120609264,60.48377145782033,6.836791862242444,60.47318852151293,6.830323,60.47849,Rv,13,,1742606557000,,0.0,1742609763000,1742609763000,1742606155000,,1742602957000,1742606163000,1742606163000,Uvær,2025-03-22
686,46_RV13_S32,0.11091486904024019,51696.65386824019,6732583.528745706,-1311768576,6f6ccfe1-f5ed-4796-a3e5-ca1eccc8f1bd_1,NPRA_HBT_22-03-2025.56628,1,"Rv. 13 Hardangerbrua i Ulvik/Eidfjord, Vestland","Sterk vind, fare for stengt veg.",,,uvær,uvær,uvær,Certain,,1742610765000,6.823856120609264,60.48377145782033,6.836791862242444,60.47318852151293,6.830323,60.47849,Rv,13,,1742607459000,,0.0,1742610785000,1742610785000,1742607165000,,1742603859000,1742607185000,1742607185000,Uvær,2025-03-22
687,46_RV13_S32,0.11091486904024019,51696.65386824019,6732583.528745706,-1311768576,6f6ccfe1-f5ed-4796-a3e5-ca1eccc8f1bd_2,NPRA_HBT_22-03-2025.56628,2,"Rv. 13 Hardangerbrua i Ulvik/Eidfjord, Vestland","Sterk vind, fare for stengt veg.",,,uvær,uvær,uvær,Certain,,1742610765000,6.823856120609264,60.48377145782033,6.836791862242444,60.47318852151293,6.830323,60.47849,Rv,13,,1742607459000,,0.0,1742610785000,1742610785000,1742607165000,,1742603859000,1742607185000,1742607185000,Uvær,2025-03-22
688,46_RV13_S32,0.11091486904024019,51696.65386824019,6732583.528745706,-1308884992,c2ab14c9-fd15-40b4-8fb5-e61b53ab70e9_1,NPRA_HBT_22-03-2025.56639,1,"Rv. 13 Hardangerbrua i Ulvik/Eidfjord, Vestland","Sterk vind, fare for stengt veg.",,,uvær,uvær,uvær,Certain,,1742616914000,6.823856120609264,60.48377145782033,6.836791862242444,60.47318852151293,6.830323,60.47849,Rv,13,,1742613758000,,0.0,1742616932000,1742616932000,1742613314000,,1742610158000,1742613332000,1742613332000,Uvær,2025-03-22
689,46_RV13_S32,0.11091486904024019,51696.65386824019,6732583.528745706,-1308884992,c2ab14c9-fd15-40b4-8fb5-e61b53ab70e9_2,NPRA_HBT_22-03-2025.56639,2,"Rv. 13 Hardangerbrua i Ulvik/Eidfjord, Vestland","Sterk vind, fare for stengt veg.",,,uvær,uvær,uvær,Certain,,1742616914000,6.823856120609264,60.48377145782033,6.836791862242444,60.47318852151293,6.830323,60.47849,Rv,13,,1742613758000,,0.0,1742616932000,1742616932000,1742613314000,,1742610158000,1742613332000,1742613332000,Uvær,2025-03-22
690,46_RV13_S32,0.11091486904024019,51696.65386824019,6732583.528745706,-1308360704,2a34424c-d602-4093-9efc-c5b355027000_1,NPRA_HBT_22-03-2025.56641,1,"Rv. 13 Hardangerbrua i Ulvik/Eidfjord, Vestland","Sterk vind, fare for stengt veg.",,,uvær,uvær,uvær,Certain,,1742617674000,6.823856120609264,60.48377145782033,6.836791862242444,60.47318852151293,6.830323,60.47849,Rv,13,,1742614660000,,0.0,1742617682000,1742617682000,1742614074000,,1742611060000,1742614082000,1742614082000,Uvær,2025-03-22
691,46_RV13_S32,0.11091486904024019,51696.65386824019,6732583.528745706,-1308360704,2a34424c-d602-4093-9efc-c5b355027000_2,NPRA_HBT_22-03-2025.56641,2,"Rv. 13 Hardangerbrua i Ulvik/Eidfjord, Vestland","Sterk vind, fare for stengt veg.",,,uvær,uvær,uvær,Certain,,1742617674000,6.823856120609264,60.48377145782033,6.836791862242444,60.47318852151293,6.830323,60.47849,Rv,13,,1742614660000,,0.0,1742617682000,1742617682000,1742614074000,,1742611060000,1742614082000,1742614082000,Uvær,2025-03-22
692,46_RV13_S32,0.11091486904024019,51696.65386824019,6732583.528745706,-1308098560,3043acde-3458-493a-be6a-48f02f73c4db_1,NPRA_HBT_22-03-2025.56642,1,"Rv. 13 Hardangerbrua i Ulvik/Eidfjord, Vestland","Sterk vind, fare for stengt veg.",,,uvær,uvær,uvær,Certain,,1742618614000,6.823856120609264,60.48377145782033,6.836791862242444,60.47318852151293,6.830323,60.47849,Rv,13,,1742615557000,,0.0,1742618642000,1742618642000,1742615014000,,1742611957000,1742615042000,1742615042000,Uvær,2025-03-22
693,46_RV13_S32,0.11091486904024019,51696.65386824019,6732583.528745706,-1308098560,3043acde-3458-493a-be6a-48f02f73c4db_2,NPRA_HBT_22-03-2025.56642,2,"Rv. 13 Hardangerbrua i Ulvik/Eidfjord, Vestland","Sterk vind, fare for stengt veg.",,,uvær,uvær,uvær,Certain,,1742618614000,6.823856120609264,60.48377145782033,6.836791862242444,60.47318852151293,6.830323,60.47849,Rv,13,,1742615557000,,0.0,1742618642000,1742618642000,1742615014000,,1742611957000,1742615042000,1742615042000,Uvær,2025-03-22
694,46_RV13_S32,0.11091486904024019,51696.65386824019,6732583.528745706,-1306787840,3029abb1-3165-4ae1-81fe-0fc06fff03e2_1,NPRA_HBT_22-03-2025.56647,1,"Rv. 13 Hardangerbrua i Ulvik/Eidfjord, Vestland","Sterk vind, fare for stengt veg.",,,uvær,uvær,uvær,Certain,,1742620309000,6.823856120609264,60.48377145782033,6.836791862242444,60.47318852151293,6.830323,60.47849,Rv,13,,1742617360000,,0.0,1742620322000,1742620322000,1742616709000,,1742613760000,1742616722000,1742616722000,Uvær,2025-03-22
695,46_RV13_S32,0.11091486904024019,51696.65386824019,6732583.528745706,-1306787840,3029abb1-3165-4ae1-81fe-0fc06fff03e2_2,NPRA_HBT_22-03-2025.56647,2,"Rv. 13 Hardangerbrua i Ulvik/Eidfjord, Vestland","Sterk vind, fare for stengt veg.",,,uvær,uvær,uvær,Certain,,1742620309000,6.823856120609264,60.48377145782033,6.836791862242444,60.47318852151293,6.830323,60.47849,Rv,13,,1742617360000,,0.0,1742620322000,1742620322000,1742616709000,,1742613760000,1742616722000,1742616722000,Uvær,2025-03-22
696,46_RV13_S32,0.11091486904024019,51696.65386824019,6732583.528745706,-1305214976,58db5507-18eb-4b3f-bca9-08cda494d5a9_1,NPRA_HBT_22-03-2025.56653,1,"Rv. 13 Hardangerbrua i Ulvik/Eidfjord, Vestland","Sterk vind, fare for stengt veg.",,,uvær,uvær,uvær,Certain,,1742622224000,6.823856120609264,60.48377145782033,6.836791862242444,60.47318852151293,6.830323,60.47849,Rv,13,,1742619160000,,0.0,1742622242000,1742622242000,1742618624000,,1742615560000,1742618642000,1742618642000,Uvær,2025-03-22
697,46_RV13_S32,0.11091486904024019,51696.65386824019,6732583.528745706,-1305214976,58db5507-18eb-4b3f-bca9-08cda494d5a9_2,NPRA_HBT_22-03-2025.56653,2,"Rv. 13 Hardangerbrua i Ulvik/Eidfjord, Vestland","Sterk vind, fare for stengt veg.",,,uvær,uvær,uvær,Certain,,1742622224000,6.823856120609264,60.48377145782033,6.836791862242444,60.47318852151293,6.830323,60.47849,Rv,13,,1742619160000,,0.0,1742622242000,1742622242000,1742618624000,,1742615560000,1742618642000,1742618642000,Uvær,2025-03-22
698,46_RV13_S32,0.11091486904024019,51696.65386824019,6732583.528745706,-1302593536,a54081fa-b414-4336-984f-91f22e70cc79_1,NPRA_HBT_22-03-2025.56663,1,"Rv. 13 Hardangerbrua i Ulvik/Eidfjord, Vestland","Sterk vind, fare for stengt veg.",,,uvær,uvær,uvær,Certain,,1742626208000,6.823856120609264,60.48377145782033,6.836791862242444,60.47318852151293,6.830323,60.47849,Rv,13,,1742622757000,,0.0,1742626232000,1742626232000,1742622608000,,1742619157000,1742622632000,1742622632000,Uvær,2025-03-22
699,46_RV13_S32,0.11091486904024019,51696.65386824019,6732583.528745706,-1302593536,a54081fa-b414-4336-984f-91f22e70cc79_2,NPRA_HBT_22-03-2025.56663,2,"Rv. 13 Hardangerbrua i Ulvik/Eidfjord, Vestland","Sterk vind, fare for stengt veg.",,,uvær,uvær,uvær,Certain,,1742626208000,6.823856120609264,60.48377145782033,6.836791862242444,60.47318852151293,6.830323,60.47849,Rv,13,,1742622757000,,0.0,1742626232000,1742626232000,1742622608000,,1742619157000,1742622632000,1742622632000,Uvær,2025-03-22
700,46_RV13_S32,0.11091486904024019,51696.65386824019,6732583.528745706,-1301807104,e1974fdd-09cd-4d48-9833-cf7d5e1baac4_1,NPRA_HBT_22-03-2025.56666,1,"Rv. 13 Hardangerbrua i Ulvik/Eidfjord, Vestland","Sterk vind, fare for stengt veg.",,,uvær,uvær,uvær,Certain,,1742627068000,6.823856120609264,60.48377145782033,6.836791862242444,60.47318852151293,6.830323,60.47849,Rv,13,,1742623661000,,0.0,1742627072000,1742627072000,1742623468000,,1742620061000,1742623472000,1742623472000,Uvær,2025-03-22
701,46_RV13_S32,0.11091486904024019,51696.65386824019,6732583.528745706,-1301807104,e1974fdd-09cd-4d48-9833-cf7d5e1baac4_2,NPRA_HBT_22-03-2025.56666,2,"Rv. 13 Hardangerbrua i Ulvik/Eidfjord, Vestland","Sterk vind, fare for stengt veg.",,,uvær,uvær,uvær,Certain,,1742627068000,6.823856120609264,60.48377145782033,6.836791862242444,60.47318852151293,6.830323,60.47849,Rv,13,,1742623661000,,0.0,1742627072000,1742627072000,1742623468000,,1742620061000,1742623472000,1742623472000,Uvær,2025-03-22
702,46_RV13_S32,0.11091486904024019,51696.65386824019,6732583.528745706,-1301020672,64b0b035-98f0-441c-ab20-df7204acbc27_1,NPRA_HBT_22-03-2025.56669,1,"Rv. 13 Hardangerbrua i Ulvik/Eidfjord, Vestland","Sterk vind, fare for stengt veg.",,,uvær,uvær,uvær,Certain,,1742628034000,6.823856120609264,60.48377145782033,6.836791862242444,60.47318852151293,6.830323,60.47849,Rv,13,,1742624560000,,0.0,1742628062000,1742628062000,1742624434000,,1742620960000,1742624462000,1742624462000,Uvær,2025-03-22
703,46_RV13_S32,0.11091486904024019,51696.65386824019,6732583.528745706,-1301020672,64b0b035-98f0-441c-ab20-df7204acbc27_2,NPRA_HBT_22-03-2025.56669,2,"Rv. 13 Hardangerbrua i Ulvik/Eidfjord, Vestland","Sterk vind, fare for stengt veg.",,,uvær,uvær,uvær,Certain,,1742628034000,6.823856120609264,60.48377145782033,6.836791862242444,60.47318852151293,6.830323,60.47849,Rv,13,,1742624560000,,0.0,1742628062000,1742628062000,1742624434000,,1742620960000,1742624462000,1742624462000,Uvær,2025-03-22
704,46_RV13_S32,0.11091486904024019,51696.65386824019,6732583.528745706,-1300234240,d09348d8-412b-48e1-add0-2dcf5c635446_1,NPRA_HBT_22-03-2025.56672,1,"Rv. 13 Hardangerbrua i Ulvik/Eidfjord, Vestland","Sterk vind, fare for stengt veg.",,,uvær,uvær,uvær,Certain,,1742628553000,6.823856120609264,60.48377145782033,6.836791862242444,60.47318852151293,6.830323,60.47849,Rv,13,,1742625458000,,0.0,1742628573000,1742628573000,1742624953000,,1742621858000,1742624973000,1742624973000,Uvær,2025-03-22
705,46_RV13_S32,0.11091486904024019,51696.65386824019,6732583.528745706,-1300234240,d09348d8-412b-48e1-add0-2dcf5c635446_2,NPRA_HBT_22-03-2025.56672,2,"Rv. 13 Hardangerbrua i Ulvik/Eidfjord, Vestland","Sterk vind, fare for stengt veg.",,,uvær,uvær,uvær,Certain,,1742628553000,6.823856120609264,60.48377145782033,6.836791862242444,60.47318852151293,6.830323,60.47849,Rv,13,,1742625458000,,0.0,1742628573000,1742628573000,1742624953000,,1742621858000,1742624973000,1742624973000,Uvær,2025-03-22
706,46_RV13_S32,0.11091486904024019,51696.65386824019,6732583.528745706,-1299447808,c0f04d60-204f-47a5-bd87-8ddf6c59cce8_1,NPRA_HBT_22-03-2025.56675,1,"Rv. 13 Hardangerbrua i Ulvik/Eidfjord, Vestland","Sterk vind, fare for stengt veg.",,,uvær,uvær,uvær,Certain,,1742629409000,6.823856120609264,60.48377145782033,6.836791862242444,60.47318852151293,6.830323,60.47849,Rv,13,,1742626358000,,0.0,1742629412000,1742629412000,1742625809000,,1742622758000,1742625812000,1742625812000,Uvær,2025-03-22
707,46_RV13_S32,0.11091486904024019,51696.65386824019,6732583.528745706,-1299447808,c0f04d60-204f-47a5-bd87-8ddf6c59cce8_2,NPRA_HBT_22-03-2025.56675,2,"Rv. 13 Hardangerbrua i Ulvik/Eidfjord, Vestland","Sterk vind, fare for stengt veg.",,,uvær,uvær,uvær,Certain,,1742629409000,6.823856120609264,60.48377145782033,6.836791862242444,60.47318852151293,6.830323,60.47849,Rv,13,,1742626358000,,0.0,1742629412000,1742629412000,1742625809000,,1742622758000,1742625812000,1742625812000,Uvær,2025-03-22
708,46_RV13_S32,0.11091486904024019,51696.65386824019,6732583.528745706,-1299185664,36989619-f161-4df2-9181-b3f24912316b_1,NPRA_HBT_22-03-2025.56676,1,"Rv. 13 Hardangerbrua i Ulvik/Eidfjord, Vestland","Sterk vind, fare for stengt veg.",,,uvær,uvær,uvær,Certain,,1742630338000,6.823856120609264,60.48377145782033,6.836791862242444,60.47318852151293,6.830323,60.47849,Rv,13,,1742627259000,,0.0,1742630343000,1742630343000,1742626738000,,1742623659000,1742626743000,1742626743000,Uvær,2025-03-22
709,46_RV13_S32,0.11091486904024019,51696.65386824019,6732583.528745706,-1299185664,36989619-f161-4df2-9181-b3f24912316b_2,NPRA_HBT_22-03-2025.56676,2,"Rv. 13 Hardangerbrua i Ulvik/Eidfjord, Vestland","Sterk vind, fare for stengt veg.",,,uvær,uvær,uvær,Certain,,1742630338000,6.823856120609264,60.48377145782033,6.836791862242444,60.47318852151293,6.830323,60.47849,Rv,13,,1742627259000,,0.0,1742630343000,1742630343000,1742626738000,,1742623659000,1742626743000,1742626743000,Uvær,2025-03-22
710,46_RV13_S32,0.11091486904024019,51696.65386824019,6732583.528745706,-1291845632,43bd7c70-79c8-4447-8e9b-92a0f2a6b9a2_1,NPRA_HBT_22-03-2025.56704,1,"Rv. 13 Hardangerbrua i Ulvik/Eidfjord, Vestland","Sterk vind, fare for stengt veg.",,,uvær,uvær,uvær,Certain,,1742634273000,6.823856120609264,60.48377145782033,6.836791862242444,60.47318852151293,6.830323,60.47849,Rv,13,,1742630860000,,0.0,1742634302000,1742634302000,1742630673000,,1742627260000,1742630702000,1742630702000,Uvær,2025-03-22
711,46_RV13_S32,0.11091486904024019,51696.65386824019,6732583.528745706,-1291845632,43bd7c70-79c8-4447-8e9b-92a0f2a6b9a2_2,NPRA_HBT_22-03-2025.56704,2,"Rv. 13 Hardangerbrua i Ulvik/Eidfjord, Vestland","Sterk vind, fare for stengt veg.",,,uvær,uvær,uvær,Certain,,1742634273000,6.823856120609264,60.48377145782033,6.836791862242444,60.47318852151293,6.830323,60.47849,Rv,13,,1742630860000,,0.0,1742634302000,1742634302000,1742630673000,,1742627260000,1742630702000,1742630702000,Uvær,2025-03-22
712,46_RV13_S32,0.11091486904024019,51696.65386824019,6732583.528745706,-1291059200,a4d5e004-5256-4366-9784-eeb96c5f5f67_1,NPRA_HBT_22-03-2025.56707,1,"Rv. 13 Hardangerbrua i Ulvik/Eidfjord, Vestland","Sterk vind, fare for stengt veg.",,,uvær,uvær,uvær,Certain,,1742635238000,6.823856120609264,60.48377145782033,6.836791862242444,60.47318852151293,6.830323,60.47849,Rv,13,,1742631760000,,0.0,1742635263000,1742635263000,1742631638000,,1742628160000,1742631663000,1742631663000,Uvær,2025-03-22
713,46_RV13_S32,0.11091486904024019,51696.65386824019,6732583.528745706,-1291059200,a4d5e004-5256-4366-9784-eeb96c5f5f67_2,NPRA_HBT_22-03-2025.56707,2,"Rv. 13 Hardangerbrua i Ulvik/Eidfjord, Vestland","Sterk vind, fare for stengt veg.",,,uvær,uvær,uvær,Certain,,1742635238000,6.823856120609264,60.48377145782033,6.836791862242444,60.47318852151293,6.830323,60.47849,Rv,13,,1742631760000,,0.0,1742635263000,1742635263000,1742631638000,,1742628160000,1742631663000,1742631663000,Uvær,2025-03-22
714,46_RV13_S32,0.11091486904024019,51696.65386824019,6732583.528745706,-1284243456,8fd1ee6e-7136-427d-8bc7-9a0f9c907d33_1,NPRA_HBT_22-03-2025.56733,1,"Rv. 13 Hardangerbrua i Ulvik/Eidfjord, Vestland","Sterk vind, fare for stengt veg.",,,uvær,uvær,uvær,Certain,,1742638468000,6.823856120609264,60.48377145782033,6.836791862242444,60.47318852151293,6.830323,60.47849,Rv,13,,1742635357000,,0.0,1742638472000,1742638472000,1742634868000,,1742631757000,1742634872000,1742634872000,Uvær,2025-03-22
715,46_RV13_S32,0.11091486904024019,51696.65386824019,6732583.528745706,-1284243456,8fd1ee6e-7136-427d-8bc7-9a0f9c907d33_2,NPRA_HBT_22-03-2025.56733,2,"Rv. 13 Hardangerbrua i Ulvik/Eidfjord, Vestland","Sterk vind, fare for stengt veg.",,,uvær,uvær,uvær,Certain,,1742638468000,6.823856120609264,60.48377145782033,6.836791862242444,60.47318852151293,6.830323,60.47849,Rv,13,,1742635357000,,0.0,1742638472000,1742638472000,1742634868000,,1742631757000,1742634872000,1742634872000,Uvær,2025-03-22
716,46_RV13_S32,0.11091486904024019,51696.65386824019,6732583.528745706,-1283194880,9bc5db8e-66e7-4587-aa24-525db70f53d5_1,NPRA_HBT_22-03-2025.56737,1,"Rv. 13 Hardangerbrua i Ulvik/Eidfjord, Vestland","Sterk vind, fare for stengt veg.",,,uvær,uvær,uvær,Certain,,1742639522000,6.823856120609264,60.48377145782033,6.836791862242444,60.47318852151293,6.830323,60.47849,Rv,13,,1742636259000,,0.0,1742639553000,1742639553000,1742635922000,,1742632659000,1742635953000,1742635953000,Uvær,2025-03-22
717,46_RV13_S32,0.11091486904024019,51696.65386824019,6732583.528745706,-1283194880,9bc5db8e-66e7-4587-aa24-525db70f53d5_2,NPRA_HBT_22-03-2025.56737,2,"Rv. 13 Hardangerbrua i Ulvik/Eidfjord, Vestland","Sterk vind, fare for stengt veg.",,,uvær,uvær,uvær,Certain,,1742639522000,6.823856120609264,60.48377145782033,6.836791862242444,60.47318852151293,6.830323,60.47849,Rv,13,,1742636259000,,0.0,1742639553000,1742639553000,1742635922000,,1742632659000,1742635953000,1742635953000,Uvær,2025-03-22
718,46_RV13_S32,0.11091486904024019,51696.65386824019,6732583.528745706,-1279000576,0012a42a-0d26-4ea4-9e44-834a7c9c58ac_1,NPRA_HBT_22-03-2025.56753,1,"Rv. 13 Hardangerbrua i Ulvik/Eidfjord, Vestland","Sterk vind, fare for stengt veg.",,,uvær,uvær,uvær,Certain,,1742642987000,6.823856120609264,60.48377145782033,6.836791862242444,60.47318852151293,6.830323,60.47849,Rv,13,,1742639860000,,0.0,1742643003000,1742643003000,1742639387000,,1742636260000,1742639403000,1742639403000,Uvær,2025-03-22
719,46_RV13_S32,0.11091486904024019,51696.65386824019,6732583.528745706,-1279000576,0012a42a-0d26-4ea4-9e44-834a7c9c58ac_2,NPRA_HBT_22-03-2025.56753,2,"Rv. 13 Hardangerbrua i Ulvik/Eidfjord, Vestland","Sterk vind, fare for stengt veg.",,,uvær,uvær,uvær,Certain,,1742642987000,6.823856120609264,60.48377145782033,6.836791862242444,60.47318852151293,6.830323,60.47849,Rv,13,,1742639860000,,0.0,1742643003000,1742643003000,1742639387000,,1742636260000,1742639403000,1742639403000,Uvær,2025-03-22
720,46_RV13_S32,0.11091486904024019,51696.65386824019,6732583.528745706,-1253572608,2d986b28-6779-4849-9f17-d335a72316f8_1,NPRA_HBT_22-03-2025.56850,1,"Rv. 13 Hardangerbrua i Ulvik/Eidfjord, Vestland","Sterk vind, fare for stengt veg.",,,uvær,uvær,uvær,Certain,,1742658158000,6.823856120609264,60.48377145782033,6.836791862242444,60.47318852151293,6.830323,60.47849,Rv,13,,1742655156000,,0.0,1742658182000,1742658182000,1742654558000,,1742651556000,1742654582000,1742654582000,Uvær,2025-03-22
721,46_RV13_S32,0.11091486904024019,51696.65386824019,6732583.528745706,-1253572608,2d986b28-6779-4849-9f17-d335a72316f8_2,NPRA_HBT_22-03-2025.56850,2,"Rv. 13 Hardangerbrua i Ulvik/Eidfjord, Vestland","Sterk vind, fare for stengt veg.",,,uvær,uvær,uvær,Certain,,1742658158000,6.823856120609264,60.48377145782033,6.836791862242444,60.47318852151293,6.830323,60.47849,Rv,13,,1742655156000,,0.0,1742658182000,1742658182000,1742654558000,,1742651556000,1742654582000,1742654582000,Uvær,2025-03-22
722,46_RV13_S32,0.11091486904024019,51696.65386824019,6732583.528745706,-1245446144,dd99c255-6c1e-45ea-a58b-190777ae498f_1,NPRA_HBT_22-03-2025.56881,1,"Rv. 13 Hardangerbrua i Ulvik/Eidfjord, Vestland","Sterk vind, fare for stengt veg.",,,uvær,uvær,uvær,Certain,,1742663042000,6.823856120609264,60.48377145782033,6.836791862242444,60.47318852151293,6.830323,60.47849,Rv,13,,1742659659000,,0.0,1742663073000,1742663073000,1742659442000,,1742656059000,1742659473000,1742659473000,Uvær,2025-03-22
723,46_RV13_S32,0.11091486904024019,51696.65386824019,6732583.528745706,-1245446144,dd99c255-6c1e-45ea-a58b-190777ae498f_2,NPRA_HBT_22-03-2025.56881,2,"Rv. 13 Hardangerbrua i Ulvik/Eidfjord, Vestland","Sterk vind, fare for stengt veg.",,,uvær,uvær,uvær,Certain,,1742663042000,6.823856120609264,60.48377145782033,6.836791862242444,60.47318852151293,6.830323,60.47849,Rv,13,,1742659659000,,0.0,1742663073000,1742663073000,1742659442000,,1742656059000,1742659473000,1742659473000,Uvær,2025-03-22
724,46_RV13_S32,0.11091486904024019,51696.65386824019,6732583.528745706,-1239678976,e56c99c9-bb07-4bc5-a60a-102ce945daf6_1,NPRA_HBT_22-03-2025.56903,1,"Rv. 13 Hardangerbrua i Ulvik/Eidfjord, Vestland","Sterk vind, fare for stengt veg.",,,uvær,uvær,uvær,Certain,,1742667262000,6.823856120609264,60.48377145782033,6.836791862242444,60.47318852151293,6.830323,60.47849,Rv,13,,1742664159000,,0.0,1742667272000,1742667272000,1742663662000,,1742660559000,1742663672000,1742663672000,Uvær,2025-03-22
725,46_RV13_S32,0.11091486904024019,51696.65386824019,6732583.528745706,-1239678976,e56c99c9-bb07-4bc5-a60a-102ce945daf6_2,NPRA_HBT_22-03-2025.56903,2,"Rv. 13 Hardangerbrua i Ulvik/Eidfjord, Vestland","Sterk vind, fare for stengt veg.",,,uvær,uvær,uvær,Certain,,1742667262000,6.823856120609264,60.48377145782033,6.836791862242444,60.47318852151293,6.830323,60.47849,Rv,13,,1742664159000,,0.0,1742667272000,1742667272000,1742663662000,,1742660559000,1742663672000,1742663672000,Uvær,2025-03-22
726,46_RV13_S32,0.11091486904024019,51696.65386824019,6732583.528745706,-1238368256,9500cae0-f9ff-4b8f-b0bf-70c1f0034368_1,NPRA_HBT_22-03-2025.56908,1,"Rv. 13 Hardangerbrua i Ulvik/Eidfjord, Vestland","Sterk vind, fare for stengt veg.",,,uvær,uvær,uvær,Certain,,1742668267000,6.823856120609264,60.48377145782033,6.836791862242444,60.47318852151293,6.830323,60.47849,Rv,13,,1742665056000,,0.0,1742668292000,1742668292000,1742664667000,,1742661456000,1742664692000,1742664692000,Uvær,2025-03-22
727,46_RV13_S32,0.11091486904024019,51696.65386824019,6732583.528745706,-1238368256,9500cae0-f9ff-4b8f-b0bf-70c1f0034368_2,NPRA_HBT_22-03-2025.56908,2,"Rv. 13 Hardangerbrua i Ulvik/Eidfjord, Vestland","Sterk vind, fare for stengt veg.",,,uvær,uvær,uvær,Certain,,1742668267000,6.823856120609264,60.48377145782033,6.836791862242444,60.47318852151293,6.830323,60.47849,Rv,13,,1742665056000,,0.0,1742668292000,1742668292000,1742664667000,,1742661456000,1742664692000,1742664692000,Uvær,2025-03-22
728,46_RV13_S32,0.11091486904024019,51696.65386824019,6732583.528745706,-1222377472,7c3ce5d8-96f4-46c1-b47b-bd78a5594572_1,NPRA_HBT_22-03-2025.56969,1,"Rv. 13 Hardangerbrua i Ulvik/Eidfjord, Vestland","Sterk vind, fare for stengt veg.",,,uvær,uvær,uvær,Certain,,1742686642000,6.823856120609264,60.48377145782033,6.836791862242444,60.47318852151293,6.830323,60.47849,Rv,13,,1742683955000,,0.0,1742686653000,1742686653000,1742683042000,,1742680355000,1742683053000,1742683053000,Uvær,2025-03-22
729,46_RV13_S32,0.11091486904024019,51696.65386824019,6732583.528745706,-1222377472,7c3ce5d8-96f4-46c1-b47b-bd78a5594572_2,NPRA_HBT_22-03-2025.56969,2,"Rv. 13 Hardangerbrua i Ulvik/Eidfjord, Vestland","Sterk vind, fare for stengt veg.",,,uvær,uvær,uvær,Certain,,1742686642000,6.823856120609264,60.48377145782033,6.836791862242444,60.47318852151293,6.830323,60.47849,Rv,13,,1742683955000,,0.0,1742686653000,1742686653000,1742683042000,,1742680355000,1742683053000,1742683053000,Uvær,2025-03-22
730,46_RV13_S32,0.11091486904024019,51696.65386824019,6732583.528745706,-776208384,4a2dd6fb-521c-42c3-aecb-172bbd10f4a7_1,NPRA_HBT_23-03-2025.56975,1,"Rv. 13 Hardangerbrua i Ulvik/Eidfjord, Vestland","Sterk vind, fare for stengt veg.",,,uvær,uvær,uvær,Certain,,1742688356000,6.823856120609264,60.48377145782033,6.836791862242444,60.47318852151293,6.830323,60.47849,Rv,13,,1742684855000,,0.0,1742688363000,1742688363000,1742684756000,,1742681255000,1742684763000,1742684763000,Uvær,2025-03-23
731,46_RV13_S32,0.11091486904024019,51696.65386824019,6732583.528745706,-776208384,4a2dd6fb-521c-42c3-aecb-172bbd10f4a7_2,NPRA_HBT_23-03-2025.56975,2,"Rv. 13 Hardangerbrua i Ulvik/Eidfjord, Vestland","Sterk vind, fare for stengt veg.",,,uvær,uvær,uvær,Certain,,1742688356000,6.823856120609264,60.48377145782033,6.836791862242444,60.47318852151293,6.830323,60.47849,Rv,13,,1742684855000,,0.0,1742688363000,1742688363000,1742684756000,,1742681255000,1742684763000,1742684763000,Uvær,2025-03-23
732,46_RV13_S32,0.11091486904024019,51696.65386824019,6732583.528745706,-774897664,6c217154-e551-4f0b-b143-4dcf102610a2_1,NPRA_HBT_23-03-2025.56980,1,"Rv. 13 Hardangerbrua i Ulvik/Eidfjord, Vestland","Sterk vind, fare for stengt veg.",,,uvær,uvær,uvær,Certain,,1742690022000,6.823856120609264,60.48377145782033,6.836791862242444,60.47318852151293,6.830323,60.47849,Rv,13,,1742686654000,,0.0,1742690043000,1742690043000,1742686422000,,1742683054000,1742686443000,1742686443000,Uvær,2025-03-23
733,46_RV13_S32,0.11091486904024019,51696.65386824019,6732583.528745706,-774897664,6c217154-e551-4f0b-b143-4dcf102610a2_2,NPRA_HBT_23-03-2025.56980,2,"Rv. 13 Hardangerbrua i Ulvik/Eidfjord, Vestland","Sterk vind, fare for stengt veg.",,,uvær,uvær,uvær,Certain,,1742690022000,6.823856120609264,60.48377145782033,6.836791862242444,60.47318852151293,6.830323,60.47849,Rv,13,,1742686654000,,0.0,1742690043000,1742690043000,1742686422000,,1742683054000,1742686443000,1742686443000,Uvær,2025-03-23
734,46_RV13_S32,0.11091486904024019,51696.65386824019,6732583.528745706,-761004032,8535116f-612f-4e5f-8699-5be4b7dcdbb0_1,NPRA_HBT_23-03-2025.57033,1,"Rv. 13 Hardangerbrua i Ulvik/Eidfjord, Vestland","Sterk vind, fare for stengt veg.",,,uvær,uvær,uvær,Certain,,1742719563000,6.823856120609264,60.48377145782033,6.836791862242444,60.47318852151293,6.830323,60.47849,Rv,13,,1742716047000,,0.0,1742719592000,1742719592000,1742715963000,,1742712447000,1742715992000,1742715992000,Uvær,2025-03-23
735,46_RV13_S32,0.11091486904024019,51696.65386824019,6732583.528745706,-761004032,8535116f-612f-4e5f-8699-5be4b7dcdbb0_2,NPRA_HBT_23-03-2025.57033,2,"Rv. 13 Hardangerbrua i Ulvik/Eidfjord, Vestland","Sterk vind, fare for stengt veg.",,,uvær,uvær,uvær,Certain,,1742719563000,6.823856120609264,60.48377145782033,6.836791862242444,60.47318852151293,6.830323,60.47849,Rv,13,,1742716047000,,0.0,1742719592000,1742719592000,1742715963000,,1742712447000,1742715992000,1742715992000,Uvær,2025-03-23
736,46_RV13_S32,0.11091486904024019,51696.65386824019,6732583.528745706,-759955456,9765a31f-5e99-4f0c-9191-99f32face507_1,NPRA_HBT_23-03-2025.57037,1,"Rv. 13 Hardangerbrua i Ulvik/Eidfjord, Vestland","Sterk vind, fare for stengt veg.",,,uvær,uvær,uvær,Certain,,1742720419000,6.823856120609264,60.48377145782033,6.836791862242444,60.47318852151293,6.830323,60.47849,Rv,13,,1742716949000,,0.0,1742720432000,1742720432000,1742716819000,,1742713349000,1742716832000,1742716832000,Uvær,2025-03-23
737,46_RV13_S32,0.11091486904024019,51696.65386824019,6732583.528745706,-759955456,9765a31f-5e99-4f0c-9191-99f32face507_2,NPRA_HBT_23-03-2025.57037,2,"Rv. 13 Hardangerbrua i Ulvik/Eidfjord, Vestland","Sterk vind, fare for stengt veg.",,,uvær,uvær,uvær,Certain,,1742720419000,6.823856120609264,60.48377145782033,6.836791862242444,60.47318852151293,6.830323,60.47849,Rv,13,,1742716949000,,0.0,1742720432000,1742720432000,1742716819000,,1742713349000,1742716832000,1742716832000,Uvær,2025-03-23
738,46_RV13_S32,0.11091486904024019,51696.65386824019,6732583.528745706,-758644736,ed5602f9-8381-484f-a239-827eb4f435d7_1,NPRA_HBT_23-03-2025.57042,1,"Rv. 13 Hardangerbrua i Ulvik/Eidfjord, Vestland","Sterk vind, fare for stengt veg.",,,uvær,uvær,uvær,Certain,,1742721372000,6.823856120609264,60.48377145782033,6.836791862242444,60.47318852151293,6.830323,60.47849,Rv,13,,1742717849000,,0.0,1742721392000,1742721392000,1742717772000,,1742714249000,1742717792000,1742717792000,Uvær,2025-03-23
739,46_RV13_S32,0.11091486904024019,51696.65386824019,6732583.528745706,-758644736,ed5602f9-8381-484f-a239-827eb4f435d7_2,NPRA_HBT_23-03-2025.57042,2,"Rv. 13 Hardangerbrua i Ulvik/Eidfjord, Vestland","Sterk vind, fare for stengt veg.",,,uvær,uvær,uvær,Certain,,1742721372000,6.823856120609264,60.48377145782033,6.836791862242444,60.47318852151293,6.830323,60.47849,Rv,13,,1742717849000,,0.0,1742721392000,1742721392000,1742717772000,,1742714249000,1742717792000,1742717792000,Uvær,2025-03-23
740,46_RV13_S32,0.11091486904024019,51696.65386824019,6732583.528745706,-751828992,9b354945-e458-4aab-a098-76ce9439e40a_1,NPRA_HBT_23-03-2025.57068,1,"Rv. 13 Hardangerbrua i Ulvik/Eidfjord, Vestland","Sterk vind, fare for stengt veg.",,,uvær,uvær,uvær,Certain,,1742727517000,6.823856120609264,60.48377145782033,6.836791862242444,60.47318852151293,6.830323,60.47849,Rv,13,,1742724145000,,0.0,1742727542000,1742727542000,1742723917000,,1742720545000,1742723942000,1742723942000,Uvær,2025-03-23
741,46_RV13_S32,0.11091486904024019,51696.65386824019,6732583.528745706,-751828992,9b354945-e458-4aab-a098-76ce9439e40a_2,NPRA_HBT_23-03-2025.57068,2,"Rv. 13 Hardangerbrua i Ulvik/Eidfjord, Vestland","Sterk vind, fare for stengt veg.",,,uvær,uvær,uvær,Certain,,1742727517000,6.823856120609264,60.48377145782033,6.836791862242444,60.47318852151293,6.830323,60.47849,Rv,13,,1742724145000,,0.0,1742727542000,1742727542000,1742723917000,,1742720545000,1742723942000,1742723942000,Uvær,2025-03-23
742,46_RV13_S38,0.08115460867419536,40038.378845608735,6789014.225561025,-231735296,af7ffd44-fe47-4f3c-b333-e2e4b6b95baa_1,NPRA_HBT_24-03-2025.57356,1,"Rv. 13 Ygnisdalen i Vik, Vestland - rv. 13 Ygnisdalen i Vik, Vestland",Snøskred.,,,snøskred,snøskred,snøskred,Certain,1742808920000.0,1742794520000,6.496243535835534,60.96937536745743,6.4798139844260305,60.962535609330736,6.4880133,60.966537,Rv,13,,1742791673000,,0.0,1742794683000,1742794851000,1742790920000,1742805320000.0,1742788073000,1742791083000,1742791251000,Snøskred,2025-03-24
743,46_RV13_S44,0.2329269435622714,52184.591141059704,6814571.974206902,-125042688,47c35d17-4d85-459f-b1a3-9696116a8b40_1,NPRA_HBT_24-03-2025.57763,1,"Rv. 13 Kvinna i Sogndal, Vestland","Steinskred/steinsprang, ett påvirket kjørefelt.",,,steinskred,steinskred,steinskred,Certain,1742833977000.0,1742826777000,,,,,6.6499543,61.207504,Rv,13,,1742824072000,,1.0,1742826951000,1742826951000,1742823177000,1742830377000.0,1742820472000,1742823351000,1742823351000,Steinsprang,2025-03-24
744,46_RV13_S44,0.2329269435622714,52184.591141059704,6814571.974206902,-125042688,47c35d17-4d85-459f-b1a3-9696116a8b40_2,NPRA_HBT_24-03-2025.57763,2,"Rv. 13 Kvinna i Sogndal, Vestland","Steinskred/steinsprang, ett påvirket kjørefelt.",,,steinskred,steinskred,steinskred,Certain,1742833977000.0,1742826777000,,,,,6.6499543,61.207504,Rv,13,,1742824072000,,1.0,1742826951000,1742826951000,1742823177000,1742830377000.0,1742820472000,1742823351000,1742823351000,Steinsprang,2025-03-24
745,46_RV13_S36,0.32766521863788933,38521.030461653194,6770050.285860475,573833216,a0464060-8e81-4cb6-9a49-14157ff67562_1,NPRA_HBT_25-03-2025.58733,1,"Rv. 13 Vinje i Voss, Vestland - rv. 13 Djupgrov i Voss, Vestland",Isnedfall.,,,,isnedfall,isnedfall,Certain,1742953678000.0,1742946478000,6.508578035344611,60.7932202833735,6.5016094698649205,60.79931234826912,6.5054955,60.79639,Rv,13,,1742943068000,,0.0,1742946550000,1742946550000,1742942878000,1742950078000.0,1742939468000,1742942950000,1742942950000,Isnedfall,2025-03-25
747,46_RV13_S38,0.2921924807043545,40367.17935412936,6789330.821294874,1774714880,26291a23-6f84-4f13-a3d6-0e38bdbcba66_1,NPRA_HBT_27-03-2025.59922,1,"Rv. 13 Vikafjellet i Voss/Vik, Vestland","Snøskred, vegen er stengt.",,,snøskred,snøskred,snøskred,Certain,1743199200000.0,1743107417000,,,,,6.493263,60.96973,Rv,13,,1743104550000,,2.0,1743107576000,1743110363000,1743103817000,1743195600000.0,1743100950000,1743103976000,1743106763000,Snøskred,2025-03-27
748,46_RV13_S38,0.2921924807043545,40367.17935412936,6789330.821294874,1774714880,26291a23-6f84-4f13-a3d6-0e38bdbcba66_2,NPRA_HBT_27-03-2025.59922,2,"Rv. 13 Vikafjellet i Voss/Vik, Vestland","Snøskred, vegen er stengt.",,,snøskred,snøskred,snøskred,Certain,1743199200000.0,1743107417000,,,,,6.493263,60.96973,Rv,13,,1743104550000,,2.0,1743107576000,1743110366000,1743103817000,1743195600000.0,1743100950000,1743103976000,1743106766000,Snøskred,2025-03-27
749,46_RV13_S21,0.10907065290074514,39176.445774785476,6658640.346880529,-2037907456,1e330f03-7ec8-4450-9326-2c53e9280c25_1,NPRA_HBT_28-03-2025.60066,1,"Rv. 13 Hårajuvet i Ullensvang, Vestland - rv. 13 Hårajuvet i Ullensvang, Vestland",Steinskred/steinsprang.,,,steinskred,steinskred,steinskred,Certain,1743166800000.0,1743143348000,6.771865309876755,59.807441521427705,6.771839568571858,59.80742626253299,6.77186,59.807434,Rv,13,,1743140419000,,0.0,1743143736000,1743160802000,1743139748000,1743163200000.0,1743136819000,1743140136000,1743157202000,Steinsprang,2025-03-28
750,46_RV13_S36,0.36428940188982606,38478.22362841701,6770172.988838237,-1903165440,29e38db1-b5e9-47a0-91b3-8451f56685d4_1,NPRA_HBT_28-03-2025.60580,1,"Rv. 13 Djupgrov i Voss, Vestland",Isnedfall.,,,,isnedfall,isnedfall,Certain,1743188640000.0,1743181440000,,,,,6.504427,60.79743,Rv,13,,1743178222000,,0.0,1743181547000,1743181547000,1743177840000,1743185040000.0,1743174622000,1743177947000,1743177947000,Isnedfall,2025-03-28
751,46_RV13_S27,0.19635406710527273,32908.30198157317,6698197.072888322,-1895038976,0d8aeefc-80ac-432f-84be-94961fd573fc_1,NPRA_HBT_28-03-2025.60611,1,"Rv. 13 Skarvabjørgtunnelen i Ullensvang, Vestland",Steinskred/steinsprang.,,,steinskred,steinskred,steinskred,Certain,1743192117000.0,1743184917000,,,,,6.57185,60.15182,Rv,13,,1743181821000,,0.0,1743185200000,1743185200000,1743181317000,1743188517000.0,1743178221000,1743181600000,1743181600000,Steinsprang,2025-03-28
752,46_RV13_S38,0.06285484287303976,39592.8254031447,6788660.117725509,-1414266880,247992cf-7480-4c36-9fb6-459a8170de04_1,NPRA_HBT_29-03-2025.60749,1,"Rv. 13 Vikafjellet i Voss/Vik, Vestland","Uvær, vegen er stengt.",,,uvær,uvær,uvær,Certain,1743229800000.0,1743213824000,6.540066713982508,61.00921058233126,6.485748652779133,60.901530400763754,6.480722,60.962875,Rv,13,,1743211027000,,1.0,1743214042000,1743214223000,1743210224000,1743226200000.0,1743207427000,1743210442000,1743210623000,Uvær,2025-03-29
753,46_RV13_S38,0.06285484287303976,39592.8254031447,6788660.117725509,-1414266880,247992cf-7480-4c36-9fb6-459a8170de04_2,NPRA_HBT_29-03-2025.60749,2,"Rv. 13 Vikafjellet i Voss/Vik, Vestland","Uvær, vegen er stengt.",,,uvær,uvær,uvær,Certain,1743229800000.0,1743213824000,6.540066713982508,61.00921058233126,6.485748652779133,60.901530400763754,6.480722,60.962875,Rv,13,,1743211027000,,1.0,1743214223000,1743214223000,1743210224000,1743226200000.0,1743207427000,1743210623000,1743210623000,Uvær,2025-03-29
755,46_RV13_S36,0.14882372613104644,38552.64723835152,6769962.039370718,-2103705600,2fbf37fe-963e-4e25-97c9-e6069d6e1282_1,NPRA_HBT_03-04-2025.63687,1,"Rv. 13 Djupgrov i Voss, Vestland","Isnedfall, ett påvirket kjørefelt.",,,,isnedfall,isnedfall,Certain,1743706402000.0,1743699202000,,,,,6.506279,60.795643,Rv,13,,1743692885000,,1.0,1743699394000,1743699394000,1743692002000,1743699202000.0,1743685685000,1743692194000,1743692194000,Isnedfall,2025-04-03
756,46_RV13_S36,0.14882372613104644,38552.64723835152,6769962.039370718,-2103705600,2fbf37fe-963e-4e25-97c9-e6069d6e1282_2,NPRA_HBT_03-04-2025.63687,2,"Rv. 13 Djupgrov i Voss, Vestland","Isnedfall, ett påvirket kjørefelt.",,,,isnedfall,isnedfall,Certain,1743706402000.0,1743699202000,,,,,6.506279,60.795643,Rv,13,,1743692885000,,1.0,1743699394000,1743699394000,1743692002000,1743699202000.0,1743685685000,1743692194000,1743692194000,Isnedfall,2025-04-03
757,46_RV13_S39,0.47923445470589005,45564.58723896486,6798529.534604034,-1459093504,29b413e0-6cf6-4266-a736-bc48f8e1266d_1,NPRA_HBT_04-04-2025.64450,1,"Rv. 13 Øvreåsen i Vik, Vestland",Steinskred/steinsprang.,,,steinskred,steinskred,steinskred,Certain,1743791127000.0,1743783927000,,,,,6.566428,61.057426,Rv,13,,1743777718000,,0.0,1743784022000,1743784022000,1743776727000,1743783927000.0,1743770518000,1743776822000,1743776822000,Steinsprang,2025-04-04
758,46_RV13_S39,0.47923445470589005,45564.58723896486,6798529.534604034,-1432092672,1490b2d3-70fb-4fe9-8d6a-6140288c4488_1,NPRA_HBT_04-04-2025.64553,1,"Rv. 13 Øvreåsen i Vik, Vestland","Fare for steinskred/steinsprang, ett stengt kjørefelt.|Lysregulering.",,,skred,steinskred,fare for steinskred,RiskOf,1744470000000.0,1743799045000,,,,,6.566428,61.057426,Rv,13,,1743792117000,,1.0,1743799253000,1744382878000,1743791845000,1744462800000.0,1743784917000,1743792053000,1744375678000,Fare for steinsprang,2025-04-04
759,46_RV13_S39,0.47923445470589005,45564.58723896486,6798529.534604034,-1432092672,1490b2d3-70fb-4fe9-8d6a-6140288c4488_2,NPRA_HBT_04-04-2025.64553,2,"Rv. 13 Øvreåsen i Vik, Vestland","Fare for steinskred/steinsprang, ett stengt kjørefelt.|Lysregulering.",,,skred,steinskred,fare for steinskred,RiskOf,1744470000000.0,1743799045000,,,,,6.566428,61.057426,Rv,13,,1743792117000,,1.0,1743799253000,1744382878000,1743791845000,1744462800000.0,1743784917000,1743792053000,1744375678000,Fare for steinsprang,2025-04-04
760,46_RV13_S39,0.47923445470589005,45564.58723896486,6798529.534604034,-1432092672,eb9a8298-9843-40e1-91cf-07aeccacb511_3,NPRA_HBT_04-04-2025.64553,3,"Rv. 13 Øvreåsen i Vik, Vestland","Fare for steinskred/steinsprang, ett stengt kjørefelt.|Lysregulering.",,,skred,steinskred,fare for steinskred,RiskOf,1744470000000.0,1743799045000,,,,,6.566428,61.057426,Rv,13,,1743792117000,,1.0,1743799253000,1744382878000,1743791845000,1744462800000.0,1743784917000,1743792053000,1744375678000,Fare for steinsprang,2025-04-04
761,46_RV13_S32,0.11091486904024019,51696.65386824019,6732583.528745706,-583008256,3ae3d524-50b0-46e7-9695-6c2e2a42e4d6_1,NPRA_HBT_13-04-2025.68912,1,"Rv. 13 Hardangerbrua i Ulvik/Eidfjord, Vestland","Sterk vind, fare for stengt veg.",,,uvær,uvær,uvær,Certain,,1744542525000,6.823856120609264,60.48377145782033,6.836791862242444,60.47318852151293,6.830323,60.47849,Rv,13,,1744535531000,,0.0,1744542544000,1744542544000,1744535325000,,1744528331000,1744535344000,1744535344000,Uvær,2025-04-13
762,46_RV13_S32,0.11091486904024019,51696.65386824019,6732583.528745706,-583008256,3ae3d524-50b0-46e7-9695-6c2e2a42e4d6_2,NPRA_HBT_13-04-2025.68912,2,"Rv. 13 Hardangerbrua i Ulvik/Eidfjord, Vestland","Sterk vind, fare for stengt veg.",,,uvær,uvær,uvær,Certain,,1744542525000,6.823856120609264,60.48377145782033,6.836791862242444,60.47318852151293,6.830323,60.47849,Rv,13,,1744535531000,,0.0,1744542544000,1744542544000,1744535325000,,1744528331000,1744535344000,1744535344000,Uvær,2025-04-13
763,46_RV13_S32,0.11091486904024019,51696.65386824019,6732583.528745706,616300544,c1cbebe1-3f1b-4b6a-9e85-31f5cde4e22d_1,NPRA_HBT_15-04-2025.70095,1,"Rv. 13 Hardangerbrua i Ulvik/Eidfjord, Vestland","Sterk vind, fare for stengt veg.",,,uvær,uvær,uvær,Certain,,1744760455000,6.823856120609264,60.48377145782033,6.836791862242444,60.47318852151293,6.830323,60.47849,Rv,13,,1744753514000,,0.0,1744760464000,1744760464000,1744753255000,,1744746314000,1744753264000,1744753264000,Uvær,2025-04-15
764,46_RV13_S32,0.11091486904024019,51696.65386824019,6732583.528745706,616300544,c1cbebe1-3f1b-4b6a-9e85-31f5cde4e22d_2,NPRA_HBT_15-04-2025.70095,2,"Rv. 13 Hardangerbrua i Ulvik/Eidfjord, Vestland","Sterk vind, fare for stengt veg.",,,uvær,uvær,uvær,Certain,,1744760455000,6.823856120609264,60.48377145782033,6.836791862242444,60.47318852151293,6.830323,60.47849,Rv,13,,1744753514000,,0.0,1744760464000,1744760464000,1744753255000,,1744746314000,1744753264000,1744753264000,Uvær,2025-04-15
765,46_RV13_S32,0.11091486904024019,51696.65386824019,6732583.528745706,616824832,13a3ecb9-9783-42ff-8eb9-0ba717cf9dcd_1,NPRA_HBT_15-04-2025.70097,1,"Rv. 13 Hardangerbrua i Ulvik/Eidfjord, Vestland","Sterk vind, fare for stengt veg.",,,uvær,uvær,uvær,Certain,,1744761364000,6.823856120609264,60.48377145782033,6.836791862242444,60.47318852151293,6.830323,60.47849,Rv,13,,1744754414000,,0.0,1744761395000,1744761395000,1744754164000,,1744747214000,1744754195000,1744754195000,Uvær,2025-04-15
766,46_RV13_S32,0.11091486904024019,51696.65386824019,6732583.528745706,616824832,13a3ecb9-9783-42ff-8eb9-0ba717cf9dcd_2,NPRA_HBT_15-04-2025.70097,2,"Rv. 13 Hardangerbrua i Ulvik/Eidfjord, Vestland","Sterk vind, fare for stengt veg.",,,uvær,uvær,uvær,Certain,,1744761364000,6.823856120609264,60.48377145782033,6.836791862242444,60.47318852151293,6.830323,60.47849,Rv,13,,1744754414000,,0.0,1744761395000,1744761395000,1744754164000,,1744747214000,1744754195000,1744754195000,Uvær,2025-04-15
767,46_RV13_S32,0.11091486904024019,51696.65386824019,6732583.528745706,1109917696,2d6d2fe8-65ed-4e44-830b-facaa8f12e9a_1,NPRA_HBT_16-04-2025.70282,1,"Rv. 13 Hardangerbrua i Ulvik/Eidfjord, Vestland","Sterk vind, fare for stengt veg.",,,uvær,uvær,uvær,Certain,,1744804216000,6.823856120609264,60.48377145782033,6.836791862242444,60.47318852151293,6.830323,60.47849,Rv,13,,1744797954000,,0.0,1744804234000,1744804234000,1744797016000,,1744790754000,1744797034000,1744797034000,Uvær,2025-04-16
768,46_RV13_S32,0.11091486904024019,51696.65386824019,6732583.528745706,1109917696,2d6d2fe8-65ed-4e44-830b-facaa8f12e9a_2,NPRA_HBT_16-04-2025.70282,2,"Rv. 13 Hardangerbrua i Ulvik/Eidfjord, Vestland","Sterk vind, fare for stengt veg.",,,uvær,uvær,uvær,Certain,,1744804216000,6.823856120609264,60.48377145782033,6.836791862242444,60.47318852151293,6.830323,60.47849,Rv,13,,1744797954000,,0.0,1744804234000,1744804234000,1744797016000,,1744790754000,1744797034000,1744797034000,Uvær,2025-04-16
769,46_RV13_S32,0.11091486904024019,51696.65386824019,6732583.528745706,1113325568,813e6ee9-8b49-42fb-90b5-2c53ddcedc2b_1,NPRA_HBT_16-04-2025.70295,1,"Rv. 13 Hardangerbrua i Ulvik/Eidfjord, Vestland","Sterk vind, fare for stengt veg.",,,uvær,uvær,uvær,Certain,,1744805346000,6.823856120609264,60.48377145782033,6.836791862242444,60.47318852151293,6.830323,60.47849,Rv,13,,1744798853000,,0.0,1744805377000,1744805377000,1744798146000,,1744791653000,1744798177000,1744798177000,Uvær,2025-04-16
770,46_RV13_S32,0.11091486904024019,51696.65386824019,6732583.528745706,1113325568,813e6ee9-8b49-42fb-90b5-2c53ddcedc2b_2,NPRA_HBT_16-04-2025.70295,2,"Rv. 13 Hardangerbrua i Ulvik/Eidfjord, Vestland","Sterk vind, fare for stengt veg.",,,uvær,uvær,uvær,Certain,,1744805346000,6.823856120609264,60.48377145782033,6.836791862242444,60.47318852151293,6.830323,60.47849,Rv,13,,1744798853000,,0.0,1744805377000,1744805377000,1744798146000,,1744791653000,1744798177000,1744798177000,Uvær,2025-04-16
772,46_RV13_S36,0.46268289900159687,38489.287769534974,6770139.112450912,-1638924288,38faed72-5c6a-4d40-8e9b-9febfef52910_1,NPRA_HBT_19-04-2025.71092,1,"Rv. 13 Djupgrov i Voss, Vestland","Steinskred/steinsprang, ett stengt kjørefelt.",,,steinskred,steinskred,steinskred,Certain,1745041347000.0,1745026947000,,,,,6.5047083,60.797142,Rv,13,,1745020089000,,1.0,1745027168000,1745032430000,1745019747000,1745034147000.0,1745012889000,1745019968000,1745025230000,Steinsprang,2025-04-19
773,46_RV13_S36,0.46268289900159687,38489.287769534974,6770139.112450912,-1638924288,38faed72-5c6a-4d40-8e9b-9febfef52910_2,NPRA_HBT_19-04-2025.71092,2,"Rv. 13 Djupgrov i Voss, Vestland","Steinskred/steinsprang, ett stengt kjørefelt.",,,steinskred,steinskred,steinskred,Certain,1745041347000.0,1745026947000,,,,,6.5047083,60.797142,Rv,13,,1745020089000,,1.0,1745027168000,1745032430000,1745019747000,1745034147000.0,1745012889000,1745019968000,1745025230000,Steinsprang,2025-04-19
774,46_RV13_S39,0.024808758650081475,43435.47435040644,6792327.964996991,1136132096,be40a813-48c2-4cd4-88f4-d93dabf3baad_1,NPRA_HBT_24-04-2025.73198,1,"Rv. 13 Vikafjellet i Voss/Vik, Vestland, i retning mot Vinje",Isnedfall.,,,,isnedfall,isnedfall,Certain,1745461098000.0,1745453898000,,,,,6.542201,60.999897,Rv,13,,1745446783000,,0.0,1745453942000,1745454001000,1745446698000,1745453898000.0,1745439583000,1745446742000,1745446801000,Isnedfall,2025-04-24
775,46_RV13_S48,0.49847494124506586,71341.29903407453,6809372.962486671,-873201664,239eb47e-246c-45b6-9ef3-aefecee68669_1,NPRA_HBT_28-04-2025.75133,1,"Rv. 13 Ylvisåker i Sogndal, Vestland","Steinskred/steinsprang, ett påvirket kjørefelt.",,,steinskred,steinskred,steinskred,Certain,1745832361000.0,1745817961000,,,,,7.014758,61.182713,Rv,13,,1745811837000,,1.0,1745818258000,1745818258000,1745810761000,1745825161000.0,1745804637000,1745811058000,1745811058000,Steinsprang,2025-04-28
776,46_RV13_S48,0.49847494124506586,71341.29903407453,6809372.962486671,-873201664,239eb47e-246c-45b6-9ef3-aefecee68669_2,NPRA_HBT_28-04-2025.75133,2,"Rv. 13 Ylvisåker i Sogndal, Vestland","Steinskred/steinsprang, ett påvirket kjørefelt.",,,steinskred,steinskred,steinskred,Certain,1745832361000.0,1745817961000,,,,,7.014758,61.182713,Rv,13,,1745811837000,,1.0,1745818258000,1745818258000,1745810761000,1745825161000.0,1745804637000,1745811058000,1745811058000,Steinsprang,2025-04-28
777,46_RV13_S32,0.11091486904024019,51696.65386824019,6732583.528745706,-780140544,00ab24e7-f0e4-4686-99d8-ec01a0b9124a_1,NPRA_HBT_28-04-2025.75488,1,"Rv. 13 Hardangerbrua i Ulvik/Eidfjord, Vestland","Sterk vind, fare for stengt veg.",,,uvær,uvær,uvær,Certain,,1745851158000,6.823856120609264,60.48377145782033,6.836791862242444,60.47318852151293,6.830323,60.47849,Rv,13,,1745844238000,,0.0,1745851173000,1745851173000,1745843958000,,1745837038000,1745843973000,1745843973000,Uvær,2025-04-28
778,46_RV13_S32,0.11091486904024019,51696.65386824019,6732583.528745706,-780140544,00ab24e7-f0e4-4686-99d8-ec01a0b9124a_2,NPRA_HBT_28-04-2025.75488,2,"Rv. 13 Hardangerbrua i Ulvik/Eidfjord, Vestland","Sterk vind, fare for stengt veg.",,,uvær,uvær,uvær,Certain,,1745851158000,6.823856120609264,60.48377145782033,6.836791862242444,60.47318852151293,6.830323,60.47849,Rv,13,,1745844238000,,0.0,1745851173000,1745851173000,1745843958000,,1745837038000,1745843973000,1745843973000,Uvær,2025-04-28
779,46_RV13_S38,0.1127445978783853,38854.478851592285,6787929.848367226,-238813184,eacb31f4-620f-4af3-96d2-ae5cbc112435_1,NPRA_HBT_29-04-2025.75857,1,"Rv. 13 Høgeggi i Vik, Vestland",Isnedfall.,,,,isnedfall,isnedfall,Certain,1745941314000.0,1745912514000,,,,,6.4689865,60.955532,Rv,13,,1745905965000,,0.0,1745912557000,1745912557000,1745905314000,1745934114000.0,1745898765000,1745905357000,1745905357000,Isnedfall,2025-04-29
780,46_RV13_S32,0.11091486904024019,51696.65386824019,6732583.528745706,-1729101824,90cd841c-4f2f-4194-9b30-83d7fb5d9d68_1,NPRA_HBT_02-05-2025.77436,1,"Rv. 13 Hardangerbrua i Ulvik/Eidfjord, Vestland","Sterk vind, fare for stengt veg.",,,uvær,uvær,uvær,Certain,,1746175574000,6.823856120609264,60.48377145782033,6.836791862242444,60.47318852151293,6.830323,60.47849,Rv,13,,1746168543000,,0.0,1746175594000,1746175594000,1746168374000,,1746161343000,1746168394000,1746168394000,Uvær,2025-05-02
781,46_RV13_S32,0.11091486904024019,51696.65386824019,6732583.528745706,-1729101824,90cd841c-4f2f-4194-9b30-83d7fb5d9d68_2,NPRA_HBT_02-05-2025.77436,2,"Rv. 13 Hardangerbrua i Ulvik/Eidfjord, Vestland","Sterk vind, fare for stengt veg.",,,uvær,uvær,uvær,Certain,,1746175574000,6.823856120609264,60.48377145782033,6.836791862242444,60.47318852151293,6.830323,60.47849,Rv,13,,1746168543000,,0.0,1746175594000,1746175594000,1746168374000,,1746161343000,1746168394000,1746168394000,Uvær,2025-05-02
782,46_RV13_S32,0.11091486904024019,51696.65386824019,6732583.528745706,-1642594304,16417b85-2853-421b-9c88-fec14b1be5d0_1,NPRA_HBT_02-05-2025.77766,1,"Rv. 13 Hardangerbrua i Ulvik/Eidfjord, Vestland","Sterk vind, fare for stengt veg.",,,uvær,uvær,uvær,Certain,,1746198877000,6.823856120609264,60.48377145782033,6.836791862242444,60.47318852151293,6.830323,60.47849,Rv,13,,1746191941000,,0.0,1746198905000,1746198905000,1746191677000,,1746184741000,1746191705000,1746191705000,Uvær,2025-05-02
783,46_RV13_S32,0.11091486904024019,51696.65386824019,6732583.528745706,-1642594304,16417b85-2853-421b-9c88-fec14b1be5d0_2,NPRA_HBT_02-05-2025.77766,2,"Rv. 13 Hardangerbrua i Ulvik/Eidfjord, Vestland","Sterk vind, fare for stengt veg.",,,uvær,uvær,uvær,Certain,,1746198877000,6.823856120609264,60.48377145782033,6.836791862242444,60.47318852151293,6.830323,60.47849,Rv,13,,1746191941000,,0.0,1746198905000,1746198905000,1746191677000,,1746184741000,1746191705000,1746191705000,Uvær,2025-05-02
784,46_RV13_S32,0.11091486904024019,51696.65386824019,6732583.528745706,-1631584256,b3cd9d43-1278-497a-b622-449f9096f4d0_1,NPRA_HBT_02-05-2025.77808,1,"Rv. 13 Hardangerbrua i Ulvik/Eidfjord, Vestland","Sterk vind, fare for stengt veg.",,,uvær,uvær,uvær,Certain,,1746204336000,6.823856120609264,60.48377145782033,6.836791862242444,60.47318852151293,6.830323,60.47849,Rv,13,,1746197343000,,0.0,1746204363000,1746204363000,1746197136000,,1746190143000,1746197163000,1746197163000,Uvær,2025-05-02
785,46_RV13_S32,0.11091486904024019,51696.65386824019,6732583.528745706,-1631584256,b3cd9d43-1278-497a-b622-449f9096f4d0_2,NPRA_HBT_02-05-2025.77808,2,"Rv. 13 Hardangerbrua i Ulvik/Eidfjord, Vestland","Sterk vind, fare for stengt veg.",,,uvær,uvær,uvær,Certain,,1746204336000,6.823856120609264,60.48377145782033,6.836791862242444,60.47318852151293,6.830323,60.47849,Rv,13,,1746197343000,,0.0,1746204363000,1746204363000,1746197136000,,1746190143000,1746197163000,1746197163000,Uvær,2025-05-02
786,46_RV13_S32,0.11091486904024019,51696.65386824019,6732583.528745706,-1622933504,89f9e9cb-b292-49fa-9521-cdfa8a57c0ce_1,NPRA_HBT_02-05-2025.77841,1,"Rv. 13 Hardangerbrua i Ulvik/Eidfjord, Vestland","Sterk vind, fare for stengt veg.",,,uvær,uvær,uvær,Certain,,1746208085000,6.823856120609264,60.48377145782033,6.836791862242444,60.47318852151293,6.830323,60.47849,Rv,13,,1746200943000,,0.0,1746208112000,1746208112000,1746200885000,,1746193743000,1746200912000,1746200912000,Uvær,2025-05-02
787,46_RV13_S32,0.11091486904024019,51696.65386824019,6732583.528745706,-1622933504,89f9e9cb-b292-49fa-9521-cdfa8a57c0ce_2,NPRA_HBT_02-05-2025.77841,2,"Rv. 13 Hardangerbrua i Ulvik/Eidfjord, Vestland","Sterk vind, fare for stengt veg.",,,uvær,uvær,uvær,Certain,,1746208085000,6.823856120609264,60.48377145782033,6.836791862242444,60.47318852151293,6.830323,60.47849,Rv,13,,1746200943000,,0.0,1746208112000,1746208112000,1746200885000,,1746193743000,1746200912000,1746200912000,Uvær,2025-05-02
788,46_RV13_S32,0.11091486904024019,51696.65386824019,6732583.528745706,-1616117760,44a9de2e-db86-4304-9e6f-e7c2c92ef4bb_1,NPRA_HBT_02-05-2025.77867,1,"Rv. 13 Hardangerbrua i Ulvik/Eidfjord, Vestland","Sterk vind, fare for stengt veg.",,,uvær,uvær,uvær,Certain,,1746211530000,6.823856120609264,60.48377145782033,6.836791862242444,60.47318852151293,6.830323,60.47849,Rv,13,,1746204543000,,0.0,1746211562000,1746211562000,1746204330000,,1746197343000,1746204362000,1746204362000,Uvær,2025-05-02
789,46_RV13_S32,0.11091486904024019,51696.65386824019,6732583.528745706,-1616117760,44a9de2e-db86-4304-9e6f-e7c2c92ef4bb_2,NPRA_HBT_02-05-2025.77867,2,"Rv. 13 Hardangerbrua i Ulvik/Eidfjord, Vestland","Sterk vind, fare for stengt veg.",,,uvær,uvær,uvær,Certain,,1746211530000,6.823856120609264,60.48377145782033,6.836791862242444,60.47318852151293,6.830323,60.47849,Rv,13,,1746204543000,,0.0,1746211562000,1746211562000,1746204330000,,1746197343000,1746204362000,1746204362000,Uvær,2025-05-02
790,46_RV13_S32,0.11091486904024019,51696.65386824019,6732583.528745706,52428800,3b6abb8e-7783-49fe-a9fd-1d896f5454f1_1,NPRA_HBT_05-05-2025.79144,1,"Rv. 13 Hardangerbrua i Ulvik/Eidfjord, Vestland","Sterk vind, fare for stengt veg.",,,uvær,uvær,uvær,Certain,,1746467497000,6.823856120609264,60.48377145782033,6.836791862242444,60.47318852151293,6.830323,60.47849,Rv,13,,1746461084000,,0.0,1746467524000,1746467524000,1746460297000,,1746453884000,1746460324000,1746460324000,Uvær,2025-05-05
791,46_RV13_S32,0.11091486904024019,51696.65386824019,6732583.528745706,52428800,3b6abb8e-7783-49fe-a9fd-1d896f5454f1_2,NPRA_HBT_05-05-2025.79144,2,"Rv. 13 Hardangerbrua i Ulvik/Eidfjord, Vestland","Sterk vind, fare for stengt veg.",,,uvær,uvær,uvær,Certain,,1746467497000,6.823856120609264,60.48377145782033,6.836791862242444,60.47318852151293,6.830323,60.47849,Rv,13,,1746461084000,,0.0,1746467524000,1746467524000,1746460297000,,1746453884000,1746460324000,1746460324000,Uvær,2025-05-05
792,46_RV13_S32,0.11091486904024019,51696.65386824019,6732583.528745706,55312384,1820717d-3b83-4ea4-a2dd-345da0e9ebfc_1,NPRA_HBT_05-05-2025.79155,1,"Rv. 13 Hardangerbrua i Ulvik/Eidfjord, Vestland","Sterk vind, fare for stengt veg.",,,uvær,uvær,uvær,Certain,,1746469052000,6.823856120609264,60.48377145782033,6.836791862242444,60.47318852151293,6.830323,60.47849,Rv,13,,1746461980000,,0.0,1746469084000,1746469084000,1746461852000,,1746454780000,1746461884000,1746461884000,Uvær,2025-05-05
793,46_RV13_S32,0.11091486904024019,51696.65386824019,6732583.528745706,55312384,1820717d-3b83-4ea4-a2dd-345da0e9ebfc_2,NPRA_HBT_05-05-2025.79155,2,"Rv. 13 Hardangerbrua i Ulvik/Eidfjord, Vestland","Sterk vind, fare for stengt veg.",,,uvær,uvær,uvær,Certain,,1746469052000,6.823856120609264,60.48377145782033,6.836791862242444,60.47318852151293,6.830323,60.47849,Rv,13,,1746461980000,,0.0,1746469084000,1746469084000,1746461852000,,1746454780000,1746461884000,1746461884000,Uvær,2025-05-05
794,46_RV13_S32,0.11091486904024019,51696.65386824019,6732583.528745706,55836672,faa9932e-26d1-4988-9616-af749d67e3f3_1,NPRA_HBT_05-05-2025.79157,1,"Rv. 13 Hardangerbrua i Ulvik/Eidfjord, Vestland","Sterk vind, fare for stengt veg.",,,uvær,uvær,uvær,Certain,,1746469542000,6.823856120609264,60.48377145782033,6.836791862242444,60.47318852151293,6.830323,60.47849,Rv,13,,1746462879000,,0.0,1746469563000,1746469563000,1746462342000,,1746455679000,1746462363000,1746462363000,Uvær,2025-05-05
795,46_RV13_S32,0.11091486904024019,51696.65386824019,6732583.528745706,55836672,faa9932e-26d1-4988-9616-af749d67e3f3_2,NPRA_HBT_05-05-2025.79157,2,"Rv. 13 Hardangerbrua i Ulvik/Eidfjord, Vestland","Sterk vind, fare for stengt veg.",,,uvær,uvær,uvær,Certain,,1746469542000,6.823856120609264,60.48377145782033,6.836791862242444,60.47318852151293,6.830323,60.47849,Rv,13,,1746462879000,,0.0,1746469563000,1746469563000,1746462342000,,1746455679000,1746462363000,1746462363000,Uvær,2025-05-05
796,46_RV13_S32,0.11091486904024019,51696.65386824019,6732583.528745706,62652416,92b240b0-2aea-47c6-b546-c105f437b38b_1,NPRA_HBT_05-05-2025.79183,1,"Rv. 13 Hardangerbrua i Ulvik/Eidfjord, Vestland","Sterk vind, fare for stengt veg.",,,uvær,uvær,uvær,Certain,,1746471696000,6.823856120609264,60.48377145782033,6.836791862242444,60.47318852151293,6.830323,60.47849,Rv,13,,1746464680000,,0.0,1746471727000,1746471727000,1746464496000,,1746457480000,1746464527000,1746464527000,Uvær,2025-05-05
797,46_RV13_S32,0.11091486904024019,51696.65386824019,6732583.528745706,62652416,92b240b0-2aea-47c6-b546-c105f437b38b_2,NPRA_HBT_05-05-2025.79183,2,"Rv. 13 Hardangerbrua i Ulvik/Eidfjord, Vestland","Sterk vind, fare for stengt veg.",,,uvær,uvær,uvær,Certain,,1746471696000,6.823856120609264,60.48377145782033,6.836791862242444,60.47318852151293,6.830323,60.47849,Rv,13,,1746464680000,,0.0,1746471727000,1746471727000,1746464496000,,1746457480000,1746464527000,1746464527000,Uvær,2025-05-05
798,46_RV13_S44,2.6316186307228637,49425.771276058396,6814906.1143878335,-2080374784,fb626737-26a8-4455-bbdd-227ad85ebd33_1,NPRA_HBT_16-05-2025.85120,1,"Rv. 13 Hella ferjekai i Sogndal, Vestland, i retning mot Sogndal",Steinskred/steinsprang.,,,steinskred,steinskred,steinskred,Certain,1747406582000.0,1747392182000,,,,,6.598365,61.20731,Rv,13,,1747386027000,,0.0,1747392374000,1747392374000,1747384982000,1747399382000.0,1747378827000,1747385174000,1747385174000,Steinsprang,2025-05-16
801,46_RV13_S32,0.11091486904024019,51696.65386824019,6732583.528745706,-17039360,c6f8437b-5f3a-4ca8-b676-6ce7e5acea30_1,NPRA_HBT_27-05-2025.90719,1,"Rv. 13 Hardangerbrua i Ulvik/Eidfjord, Vestland","Sterk vind, fare for stengt veg.",,,uvær,uvær,uvær,Certain,,1748347746000,6.823856120609264,60.48377145782033,6.836791862242444,60.47318852151293,6.830323,60.47849,Rv,13,,1748340635000,,0.0,1748347776000,1748347776000,1748340546000,,1748333435000,1748340576000,1748340576000,Uvær,2025-05-27
802,46_RV13_S32,0.11091486904024019,51696.65386824019,6732583.528745706,-17039360,c6f8437b-5f3a-4ca8-b676-6ce7e5acea30_2,NPRA_HBT_27-05-2025.90719,2,"Rv. 13 Hardangerbrua i Ulvik/Eidfjord, Vestland","Sterk vind, fare for stengt veg.",,,uvær,uvær,uvær,Certain,,1748347746000,6.823856120609264,60.48377145782033,6.836791862242444,60.47318852151293,6.830323,60.47849,Rv,13,,1748340635000,,0.0,1748347776000,1748347776000,1748340546000,,1748333435000,1748340576000,1748340576000,Uvær,2025-05-27
803,46_RV13_S32,0.11091486904024019,51696.65386824019,6732583.528745706,-12058624,2eac96db-cb97-48a9-b825-2845253a6e53_1,NPRA_HBT_27-05-2025.90738,1,"Rv. 13 Hardangerbrua i Ulvik/Eidfjord, Vestland","Sterk vind, fare for stengt veg.",,,uvær,uvær,uvær,Certain,,1748349185000,6.823856120609264,60.48377145782033,6.836791862242444,60.47318852151293,6.830323,60.47849,Rv,13,,1748342435000,,0.0,1748349214000,1748349214000,1748341985000,,1748335235000,1748342014000,1748342014000,Uvær,2025-05-27
804,46_RV13_S32,0.11091486904024019,51696.65386824019,6732583.528745706,-12058624,2eac96db-cb97-48a9-b825-2845253a6e53_2,NPRA_HBT_27-05-2025.90738,2,"Rv. 13 Hardangerbrua i Ulvik/Eidfjord, Vestland","Sterk vind, fare for stengt veg.",,,uvær,uvær,uvær,Certain,,1748349185000,6.823856120609264,60.48377145782033,6.836791862242444,60.47318852151293,6.830323,60.47849,Rv,13,,1748342435000,,0.0,1748349214000,1748349214000,1748341985000,,1748335235000,1748342014000,1748342014000,Uvær,2025-05-27
805,46_RV13_S32,0.11091486904024019,51696.65386824019,6732583.528745706,1705508864,0116d37b-10fb-4bcf-b8cf-bd5c63ce54bd_1,NPRA_HBT_30-05-2025.92202,1,"Rv. 13 Hardangerbrua i Ulvik/Eidfjord, Vestland","Sterk vind, fare for stengt veg.",,,uvær,uvær,uvær,Certain,,1748598822000,6.823856120609264,60.48377145782033,6.836791862242444,60.47318852151293,6.830323,60.47849,Rv,13,,1748591779000,,0.0,1748598843000,1748598843000,1748591622000,,1748584579000,1748591643000,1748591643000,Uvær,2025-05-30
806,46_RV13_S32,0.11091486904024019,51696.65386824019,6732583.528745706,1705508864,0116d37b-10fb-4bcf-b8cf-bd5c63ce54bd_2,NPRA_HBT_30-05-2025.92202,2,"Rv. 13 Hardangerbrua i Ulvik/Eidfjord, Vestland","Sterk vind, fare for stengt veg.",,,uvær,uvær,uvær,Certain,,1748598822000,6.823856120609264,60.48377145782033,6.836791862242444,60.47318852151293,6.830323,60.47849,Rv,13,,1748591779000,,0.0,1748598843000,1748598843000,1748591622000,,1748584579000,1748591643000,1748591643000,Uvær,2025-05-30
807,46_RV13_S32,0.11091486904024019,51696.65386824019,6732583.528745706,1706033152,ce53d6da-c98e-4ff1-9df1-4ff0c1f6510f_1,NPRA_HBT_30-05-2025.92204,1,"Rv. 13 Hardangerbrua i Ulvik/Eidfjord, Vestland","Sterk vind, fare for stengt veg.",,,uvær,uvær,uvær,Certain,,1748599281000,6.823856120609264,60.48377145782033,6.836791862242444,60.47318852151293,6.830323,60.47849,Rv,13,,1748592678000,,0.0,1748599293000,1748599293000,1748592081000,,1748585478000,1748592093000,1748592093000,Uvær,2025-05-30
808,46_RV13_S32,0.11091486904024019,51696.65386824019,6732583.528745706,1706033152,ce53d6da-c98e-4ff1-9df1-4ff0c1f6510f_2,NPRA_HBT_30-05-2025.92204,2,"Rv. 13 Hardangerbrua i Ulvik/Eidfjord, Vestland","Sterk vind, fare for stengt veg.",,,uvær,uvær,uvær,Certain,,1748599281000,6.823856120609264,60.48377145782033,6.836791862242444,60.47318852151293,6.830323,60.47849,Rv,13,,1748592678000,,0.0,1748599293000,1748599293000,1748592081000,,1748585478000,1748592093000,1748592093000,Uvær,2025-05-30
809,46_RV13_S32,0.11091486904024019,51696.65386824019,6732583.528745706,1716256768,05a51359-66bd-4712-b3d0-4bb04b172f37_1,NPRA_HBT_30-05-2025.92243,1,"Rv. 13 Hardangerbrua i Ulvik/Eidfjord, Vestland","Sterk vind, fare for stengt veg.",,,uvær,uvær,uvær,Certain,,1748602442000,6.823856120609264,60.48377145782033,6.836791862242444,60.47318852151293,6.830323,60.47849,Rv,13,,1748595379000,,0.0,1748602474000,1748602474000,1748595242000,,1748588179000,1748595274000,1748595274000,Uvær,2025-05-30
810,46_RV13_S32,0.11091486904024019,51696.65386824019,6732583.528745706,1716256768,05a51359-66bd-4712-b3d0-4bb04b172f37_2,NPRA_HBT_30-05-2025.92243,2,"Rv. 13 Hardangerbrua i Ulvik/Eidfjord, Vestland","Sterk vind, fare for stengt veg.",,,uvær,uvær,uvær,Certain,,1748602442000,6.823856120609264,60.48377145782033,6.836791862242444,60.47318852151293,6.830323,60.47849,Rv,13,,1748595379000,,0.0,1748602474000,1748602474000,1748595242000,,1748588179000,1748595274000,1748595274000,Uvær,2025-05-30
811,46_RV13_S27,0.27668145060435595,32869.73707815644,6698133.013533856,401604608,8c2b171b-45a4-4084-bf11-445d7f21a460_1,NPRA_HBT_03-06-2025.94492,1,"Rv. 13 Skarvabjørgtunnelen i Ullensvang, Vestland",Trær/Busker.,,,,nedfalne trær,nedfalne trær,Certain,1748980080000.0,1748969305000,,,,,6.5713096,60.151207,Rv,13,,1748963050000,,0.0,1748969434000,1748976142000,1748962105000,1748972880000.0,1748955850000,1748962234000,1748968942000,Trefall,2025-06-03
812,46_RV13_S26,0.06476871603336459,30197.38916383998,6682976.912820083,1643118592,79d9a888-0692-4b34-8cd5-4015f8ee16c2_1,NPRA_HBT_05-06-2025.95836,1,"Rv. 13 Naustnes i Ullensvang, Vestland",Trær/Busker.,,,,nedfalne trær,nedfalne trær,Certain,1749161930000.0,1749147530000,,,,,6.558433,60.01354,Rv,13,,1749140708000,,0.0,1749147750000,1749147750000,1749140330000,1749154730000.0,1749133508000,1749140550000,1749140550000,Trefall,2025-06-05
815,46_RV13_S28,0.3069887299164804,35448.828693243966,6704631.898240856,1995177984,0f185260-59eb-4897-bc3d-aec5b2aa614c_1,NPRA_HBT_13-06-2025.99995,1,"Rv. 13 Tunstod i Ullensvang, Vestland",Steinskred/steinsprang.,,,steinskred,steinskred,steinskred,Certain,1749836823000.0,1749829623000,,,,,6.602431,60.211872,Rv,13,,1749823188000,,0.0,1749829655000,1749832012000,1749822423000,1749829623000.0,1749815988000,1749822455000,1749824812000,Steinsprang,2025-06-13
816,46_RV13_S32,0.11091486904024019,51696.65386824019,6732583.528745706,1640660992,069a35e3-1fbc-4c03-bf9c-0d2fc385aa27_1,NPRA_HBT_18-06-2025.102677,1,"Rv. 13 Hardangerbrua i Ulvik/Eidfjord, Vestland","Sterk vind, fare for stengt veg.",,,uvær,uvær,uvær,Certain,,1750269869000,6.823856120609264,60.48377145782033,6.836791862242444,60.47318852151293,6.830323,60.47849,Rv,13,,1750263003000,,0.0,1750269873000,1750269873000,1750262669000,,1750255803000,1750262673000,1750262673000,Uvær,2025-06-18
817,46_RV13_S32,0.11091486904024019,51696.65386824019,6732583.528745706,1640660992,069a35e3-1fbc-4c03-bf9c-0d2fc385aa27_2,NPRA_HBT_18-06-2025.102677,2,"Rv. 13 Hardangerbrua i Ulvik/Eidfjord, Vestland","Sterk vind, fare for stengt veg.",,,uvær,uvær,uvær,Certain,,1750269869000,6.823856120609264,60.48377145782033,6.836791862242444,60.47318852151293,6.830323,60.47849,Rv,13,,1750263003000,,0.0,1750269873000,1750269873000,1750262669000,,1750255803000,1750262673000,1750262673000,Uvær,2025-06-18
818,46_RV13_S32,0.11091486904024019,51696.65386824019,6732583.528745706,1640890368,808312d7-4a94-44a5-9796-0ae866cb94b6_1,NPRA_HBT_18-06-2025.102684,1,"Rv. 13 Hardangerbrua i Ulvik/Eidfjord, Vestland","Sterk vind, fare for stengt veg.",,,uvær,uvær,uvær,Certain,,1750270713000,6.823856120609264,60.48377145782033,6.836791862242444,60.47318852151293,6.830323,60.47849,Rv,13,,1750263901000,,0.0,1750270744000,1750270744000,1750263513000,,1750256701000,1750263544000,1750263544000,Uvær,2025-06-18
819,46_RV13_S32,0.11091486904024019,51696.65386824019,6732583.528745706,1640890368,808312d7-4a94-44a5-9796-0ae866cb94b6_2,NPRA_HBT_18-06-2025.102684,2,"Rv. 13 Hardangerbrua i Ulvik/Eidfjord, Vestland","Sterk vind, fare for stengt veg.",,,uvær,uvær,uvær,Certain,,1750270713000,6.823856120609264,60.48377145782033,6.836791862242444,60.47318852151293,6.830323,60.47849,Rv,13,,1750263901000,,0.0,1750270744000,1750270744000,1750263513000,,1750256701000,1750263544000,1750263544000,Uvær,2025-06-18
822,46_RV13_S26,0.489128279963528,30339.192029204743,6688242.970094021,782172160,3190090b-ecb0-42ea-a362-a147f3a39444_1,NPRA_HBT_24-06-2025.105790,1,"Rv. 13 Byrkjenes i Ullensvang, Vestland - rv. 13 Rorgadal i Ullensvang, Vestland",Steinskred/steinsprang.,,,steinskred,steinskred,steinskred,Certain,1750780219000.0,1750773019000,6.550718989199421,60.08131766662478,6.561737841559738,60.03952384462794,6.548923,60.060474,Rv,13,,1750766415000,,0.0,1750773227000,1750773227000,1750765819000,1750773019000.0,1750759215000,1750766027000,1750766027000,Steinsprang,2025-06-24
825,46_RV13_S41,0.17316406773639528,47767.16622283374,6802531.902080406,-797343744,11c28d31-57da-48d1-8161-61fb999cffdc_1,NPRA_HBT_25-06-2025.106163,1,"Rv. 13 Sagaflaten i Vik, Vestland",Steinskred/steinsprang.,,,steinskred,steinskred,steinskred,Certain,1750851471000.0,1750837071000,,,,,6.597305,61.095505,Rv,13,,1750830277000,,0.0,1750837312000,1750837312000,1750829871000,1750844271000.0,1750823077000,1750830112000,1750830112000,Steinsprang,2025-06-25
827,46_RV13_S32,0.11091486904024019,51696.65386824019,6732583.528745706,-1206583296,704101a2-0ce2-4926-b2af-86f517dcc0a9_1,NPRA_HBT_28-06-2025.108330,1,"Rv. 13 Hardangerbrua i Ulvik/Eidfjord, Vestland","Sterk vind, fare for stengt veg.",,,uvær,uvær,uvær,Certain,,1751138346000,6.823856120609264,60.48377145782033,6.836791862242444,60.47318852151293,6.830323,60.47849,Rv,13,,1751131602000,,0.0,1751138373000,1751138373000,1751131146000,,1751124402000,1751131173000,1751131173000,Uvær,2025-06-28
828,46_RV13_S32,0.11091486904024019,51696.65386824019,6732583.528745706,-1206583296,704101a2-0ce2-4926-b2af-86f517dcc0a9_2,NPRA_HBT_28-06-2025.108330,2,"Rv. 13 Hardangerbrua i Ulvik/Eidfjord, Vestland","Sterk vind, fare for stengt veg.",,,uvær,uvær,uvær,Certain,,1751138346000,6.823856120609264,60.48377145782033,6.836791862242444,60.47318852151293,6.830323,60.47849,Rv,13,,1751131602000,,0.0,1751138373000,1751138373000,1751131146000,,1751124402000,1751131173000,1751131173000,Uvær,2025-06-28
829,46_RV13_S32,0.11091486904024019,51696.65386824019,6732583.528745706,-1206386688,9420b6e3-e278-4283-8593-37383856e6e4_1,NPRA_HBT_28-06-2025.108336,1,"Rv. 13 Hardangerbrua i Ulvik/Eidfjord, Vestland","Sterk vind, fare for stengt veg.",,,uvær,uvær,uvær,Certain,,1751139106000,6.823856120609264,60.48377145782033,6.836791862242444,60.47318852151293,6.830323,60.47849,Rv,13,,1751132504000,,0.0,1751139123000,1751139123000,1751131906000,,1751125304000,1751131923000,1751131923000,Uvær,2025-06-28
830,46_RV13_S32,0.11091486904024019,51696.65386824019,6732583.528745706,-1206386688,9420b6e3-e278-4283-8593-37383856e6e4_2,NPRA_HBT_28-06-2025.108336,2,"Rv. 13 Hardangerbrua i Ulvik/Eidfjord, Vestland","Sterk vind, fare for stengt veg.",,,uvær,uvær,uvær,Certain,,1751139106000,6.823856120609264,60.48377145782033,6.836791862242444,60.47318852151293,6.830323,60.47849,Rv,13,,1751132504000,,0.0,1751139123000,1751139123000,1751131906000,,1751125304000,1751131923000,1751131923000,Uvær,2025-06-28
831,46_RV13_S32,0.11091486904024019,51696.65386824019,6732583.528745706,-1206157312,6c248e7e-e390-48cb-bd76-55d34973acaf_1,NPRA_HBT_28-06-2025.108343,1,"Rv. 13 Hardangerbrua i Ulvik/Eidfjord, Vestland","Sterk vind, fare for stengt veg.",,,uvær,uvær,uvær,Certain,,1751139956000,6.823856120609264,60.48377145782033,6.836791862242444,60.47318852151293,6.830323,60.47849,Rv,13,,1751133403000,,0.0,1751139962000,1751139962000,1751132756000,,1751126203000,1751132762000,1751132762000,Uvær,2025-06-28
832,46_RV13_S32,0.11091486904024019,51696.65386824019,6732583.528745706,-1206157312,6c248e7e-e390-48cb-bd76-55d34973acaf_2,NPRA_HBT_28-06-2025.108343,2,"Rv. 13 Hardangerbrua i Ulvik/Eidfjord, Vestland","Sterk vind, fare for stengt veg.",,,uvær,uvær,uvær,Certain,,1751139956000,6.823856120609264,60.48377145782033,6.836791862242444,60.47318852151293,6.830323,60.47849,Rv,13,,1751133403000,,0.0,1751139962000,1751139962000,1751132756000,,1751126203000,1751132762000,1751132762000,Uvær,2025-06-28
833,46_RV13_S32,0.11091486904024019,51696.65386824019,6732583.528745706,-1205796864,d3f00cd5-393f-4134-b03c-6d51834d963c_1,NPRA_HBT_28-06-2025.108354,1,"Rv. 13 Hardangerbrua i Ulvik/Eidfjord, Vestland","Sterk vind, fare for stengt veg.",,,uvær,uvær,uvær,Certain,,1751142241000,6.823856120609264,60.48377145782033,6.836791862242444,60.47318852151293,6.830323,60.47849,Rv,13,,1751135203000,,0.0,1751142272000,1751142272000,1751135041000,,1751128003000,1751135072000,1751135072000,Uvær,2025-06-28
834,46_RV13_S32,0.11091486904024019,51696.65386824019,6732583.528745706,-1205796864,d3f00cd5-393f-4134-b03c-6d51834d963c_2,NPRA_HBT_28-06-2025.108354,2,"Rv. 13 Hardangerbrua i Ulvik/Eidfjord, Vestland","Sterk vind, fare for stengt veg.",,,uvær,uvær,uvær,Certain,,1751142241000,6.823856120609264,60.48377145782033,6.836791862242444,60.47318852151293,6.830323,60.47849,Rv,13,,1751135203000,,0.0,1751142272000,1751142272000,1751135041000,,1751128003000,1751135072000,1751135072000,Uvær,2025-06-28
835,46_RV13_S32,0.11091486904024019,51696.65386824019,6732583.528745706,-1205731328,2bfd6120-7e4f-4b95-adfe-332ad359d189_1,NPRA_HBT_28-06-2025.108356,1,"Rv. 13 Hardangerbrua i Ulvik/Eidfjord, Vestland","Sterk vind, fare for stengt veg.",,,uvær,uvær,uvær,Certain,,1751142656000,6.823856120609264,60.48377145782033,6.836791862242444,60.47318852151293,6.830323,60.47849,Rv,13,,1751136103000,,0.0,1751142663000,1751142663000,1751135456000,,1751128903000,1751135463000,1751135463000,Uvær,2025-06-28
836,46_RV13_S32,0.11091486904024019,51696.65386824019,6732583.528745706,-1205731328,2bfd6120-7e4f-4b95-adfe-332ad359d189_2,NPRA_HBT_28-06-2025.108356,2,"Rv. 13 Hardangerbrua i Ulvik/Eidfjord, Vestland","Sterk vind, fare for stengt veg.",,,uvær,uvær,uvær,Certain,,1751142656000,6.823856120609264,60.48377145782033,6.836791862242444,60.47318852151293,6.830323,60.47849,Rv,13,,1751136103000,,0.0,1751142663000,1751142663000,1751135456000,,1751128903000,1751135463000,1751135463000,Uvær,2025-06-28
837,46_RV13_S32,0.11091486904024019,51696.65386824019,6732583.528745706,1499168768,9c21a4b2-2ba4-413a-959f-241b120b8ac3_1,NPRA_HBT_29-06-2025.108407,1,"Rv. 13 Hardangerbrua i Ulvik/Eidfjord, Vestland","Sterk vind, fare for stengt veg.",,,uvær,uvær,uvær,Certain,,1751158253000,6.823856120609264,60.48377145782033,6.836791862242444,60.47318852151293,6.830323,60.47849,Rv,13,,1751151235000,,0.0,1751158263000,1751158263000,1751151053000,,1751144035000,1751151063000,1751151063000,Uvær,2025-06-29
838,46_RV13_S32,0.11091486904024019,51696.65386824019,6732583.528745706,1499168768,9c21a4b2-2ba4-413a-959f-241b120b8ac3_2,NPRA_HBT_29-06-2025.108407,2,"Rv. 13 Hardangerbrua i Ulvik/Eidfjord, Vestland","Sterk vind, fare for stengt veg.",,,uvær,uvær,uvær,Certain,,1751158253000,6.823856120609264,60.48377145782033,6.836791862242444,60.47318852151293,6.830323,60.47849,Rv,13,,1751151235000,,0.0,1751158263000,1751158263000,1751151053000,,1751144035000,1751151063000,1751151063000,Uvær,2025-06-29
839,46_RV13_S32,0.11091486904024019,51696.65386824019,6732583.528745706,1499332608,9d4a8078-9b53-4859-acf5-4ca56d943ee5_1,NPRA_HBT_29-06-2025.108412,1,"Rv. 13 Hardangerbrua i Ulvik/Eidfjord, Vestland","Sterk vind, fare for stengt veg.",,,uvær,uvær,uvær,Certain,,1751161112000,6.823856120609264,60.48377145782033,6.836791862242444,60.47318852151293,6.830323,60.47849,Rv,13,,1751154837000,,0.0,1751161144000,1751161144000,1751153912000,,1751147637000,1751153944000,1751153944000,Uvær,2025-06-29
840,46_RV13_S32,0.11091486904024019,51696.65386824019,6732583.528745706,1499332608,9d4a8078-9b53-4859-acf5-4ca56d943ee5_2,NPRA_HBT_29-06-2025.108412,2,"Rv. 13 Hardangerbrua i Ulvik/Eidfjord, Vestland","Sterk vind, fare for stengt veg.",,,uvær,uvær,uvær,Certain,,1751161112000,6.823856120609264,60.48377145782033,6.836791862242444,60.47318852151293,6.830323,60.47849,Rv,13,,1751154837000,,0.0,1751161144000,1751161144000,1751153912000,,1751147637000,1751153944000,1751153944000,Uvær,2025-06-29
841,46_RV13_S32,0.11091486904024019,51696.65386824019,6732583.528745706,1499955200,f763fc4c-fb24-47ee-8b74-490e9439a6c0_1,NPRA_HBT_29-06-2025.108431,1,"Rv. 13 Hardangerbrua i Ulvik/Eidfjord, Vestland","Sterk vind, fare for stengt veg.",,,uvær,uvær,uvær,Certain,,1751165397000,6.823856120609264,60.48377145782033,6.836791862242444,60.47318852151293,6.830323,60.47849,Rv,13,,1751158437000,,0.0,1751165402000,1751165402000,1751158197000,,1751151237000,1751158202000,1751158202000,Uvær,2025-06-29
842,46_RV13_S32,0.11091486904024019,51696.65386824019,6732583.528745706,1499955200,f763fc4c-fb24-47ee-8b74-490e9439a6c0_2,NPRA_HBT_29-06-2025.108431,2,"Rv. 13 Hardangerbrua i Ulvik/Eidfjord, Vestland","Sterk vind, fare for stengt veg.",,,uvær,uvær,uvær,Certain,,1751165397000,6.823856120609264,60.48377145782033,6.836791862242444,60.47318852151293,6.830323,60.47849,Rv,13,,1751158437000,,0.0,1751165402000,1751165402000,1751158197000,,1751151237000,1751158202000,1751158202000,Uvær,2025-06-29
843,46_RV13_S32,0.11091486904024019,51696.65386824019,6732583.528745706,1500610560,ffd8b946-dd0c-4081-9a0d-468cb45b6120_1,NPRA_HBT_29-06-2025.108451,1,"Rv. 13 Hardangerbrua i Ulvik/Eidfjord, Vestland","Sterk vind, fare for stengt veg.",,,uvær,uvær,uvær,Certain,,1751176196000,6.823856120609264,60.48377145782033,6.836791862242444,60.47318852151293,6.830323,60.47849,Rv,13,,1751169238000,,0.0,1751176202000,1751176202000,1751168996000,,1751162038000,1751169002000,1751169002000,Uvær,2025-06-29
844,46_RV13_S32,0.11091486904024019,51696.65386824019,6732583.528745706,1500610560,ffd8b946-dd0c-4081-9a0d-468cb45b6120_2,NPRA_HBT_29-06-2025.108451,2,"Rv. 13 Hardangerbrua i Ulvik/Eidfjord, Vestland","Sterk vind, fare for stengt veg.",,,uvær,uvær,uvær,Certain,,1751176196000,6.823856120609264,60.48377145782033,6.836791862242444,60.47318852151293,6.830323,60.47849,Rv,13,,1751169238000,,0.0,1751176202000,1751176202000,1751168996000,,1751162038000,1751169002000,1751169002000,Uvær,2025-06-29
845,46_RV13_S32,0.11091486904024019,51696.65386824019,6732583.528745706,1500676096,1cd23849-7937-403e-bf80-6d7902dc9687_1,NPRA_HBT_29-06-2025.108453,1,"Rv. 13 Hardangerbrua i Ulvik/Eidfjord, Vestland","Sterk vind, fare for stengt veg.",,,uvær,uvær,uvær,Certain,,1751177361000,6.823856120609264,60.48377145782033,6.836791862242444,60.47318852151293,6.830323,60.47849,Rv,13,,1751171037000,,0.0,1751177372000,1751177372000,1751170161000,,1751163837000,1751170172000,1751170172000,Uvær,2025-06-29
846,46_RV13_S32,0.11091486904024019,51696.65386824019,6732583.528745706,1500676096,1cd23849-7937-403e-bf80-6d7902dc9687_2,NPRA_HBT_29-06-2025.108453,2,"Rv. 13 Hardangerbrua i Ulvik/Eidfjord, Vestland","Sterk vind, fare for stengt veg.",,,uvær,uvær,uvær,Certain,,1751177361000,6.823856120609264,60.48377145782033,6.836791862242444,60.47318852151293,6.830323,60.47849,Rv,13,,1751171037000,,0.0,1751177372000,1751177372000,1751170161000,,1751163837000,1751170172000,1751170172000,Uvær,2025-06-29
847,46_RV13_S32,0.11091486904024019,51696.65386824019,6732583.528745706,1501102080,510a3b00-055d-4889-a781-b81a6d3c61b5_1,NPRA_HBT_29-06-2025.108466,1,"Rv. 13 Hardangerbrua i Ulvik/Eidfjord, Vestland","Sterk vind, fare for stengt veg.",,,uvær,uvær,uvær,Certain,,1751180845000,6.823856120609264,60.48377145782033,6.836791862242444,60.47318852151293,6.830323,60.47849,Rv,13,,1751173738000,,0.0,1751180852000,1751180852000,1751173645000,,1751166538000,1751173652000,1751173652000,Uvær,2025-06-29
848,46_RV13_S32,0.11091486904024019,51696.65386824019,6732583.528745706,1501102080,510a3b00-055d-4889-a781-b81a6d3c61b5_2,NPRA_HBT_29-06-2025.108466,2,"Rv. 13 Hardangerbrua i Ulvik/Eidfjord, Vestland","Sterk vind, fare for stengt veg.",,,uvær,uvær,uvær,Certain,,1751180845000,6.823856120609264,60.48377145782033,6.836791862242444,60.47318852151293,6.830323,60.47849,Rv,13,,1751173738000,,0.0,1751180852000,1751180852000,1751173645000,,1751166538000,1751173652000,1751173652000,Uvær,2025-06-29
849,46_RV13_S32,0.11091486904024019,51696.65386824019,6732583.528745706,1501659136,aa88a001-2d57-4179-a2bd-75d747293c9f_1,NPRA_HBT_29-06-2025.108483,1,"Rv. 13 Hardangerbrua i Ulvik/Eidfjord, Vestland","Sterk vind, fare for stengt veg.",,,uvær,uvær,uvær,Certain,,1751183764000,6.823856120609264,60.48377145782033,6.836791862242444,60.47318852151293,6.830323,60.47849,Rv,13,,1751177336000,,0.0,1751183792000,1751183792000,1751176564000,,1751170136000,1751176592000,1751176592000,Uvær,2025-06-29
850,46_RV13_S32,0.11091486904024019,51696.65386824019,6732583.528745706,1501659136,aa88a001-2d57-4179-a2bd-75d747293c9f_2,NPRA_HBT_29-06-2025.108483,2,"Rv. 13 Hardangerbrua i Ulvik/Eidfjord, Vestland","Sterk vind, fare for stengt veg.",,,uvær,uvær,uvær,Certain,,1751183764000,6.823856120609264,60.48377145782033,6.836791862242444,60.47318852151293,6.830323,60.47849,Rv,13,,1751177336000,,0.0,1751183792000,1751183792000,1751176564000,,1751170136000,1751176592000,1751176592000,Uvær,2025-06-29
851,46_RV13_S27,0.11111715950729953,33013.80035079812,6698634.987394723,1502019584,75b21a95-4df8-411f-a97b-bd0e9fd85cb1_1,NPRA_HBT_29-06-2025.108494,1,"Rv. 13 Mjøstølsvik i Ullensvang, Vestland - rv. 13 Skarvabjørgtunnelen i Ullensvang, Vestland","Trær/Busker, ett påvirket kjørefelt.",,,,nedfalne trær,nedfalne trær,Certain,1751194332000.0,1751187132000,6.576418801055903,60.15944648799909,6.571859246502022,60.151904826746176,6.572727,60.15583,Rv,13,,1751180938000,,1.0,1751187330000,1751187508000,1751179932000,1751187132000.0,1751173738000,1751180130000,1751180308000,Trefall,2025-06-29
852,46_RV13_S27,0.11111715950729953,33013.80035079812,6698634.987394723,1502019584,75b21a95-4df8-411f-a97b-bd0e9fd85cb1_2,NPRA_HBT_29-06-2025.108494,2,"Rv. 13 Mjøstølsvik i Ullensvang, Vestland - rv. 13 Skarvabjørgtunnelen i Ullensvang, Vestland","Trær/Busker, ett påvirket kjørefelt.",,,,nedfalne trær,nedfalne trær,Certain,1751194332000.0,1751187132000,6.576418801055903,60.15944648799909,6.571859246502022,60.151904826746176,6.572727,60.15583,Rv,13,,1751180938000,,1.0,1751187508000,1751187508000,1751179932000,1751187132000.0,1751173738000,1751180308000,1751180308000,Trefall,2025-06-29
853,46_RV13_S32,0.11091486904024019,51696.65386824019,6732583.528745706,1503133696,f89e9e10-e4e1-4c5c-bdd3-18a7b16be6f6_1,NPRA_HBT_29-06-2025.108528,1,"Rv. 13 Hardangerbrua i Ulvik/Eidfjord, Vestland","Sterk vind, fare for stengt veg.",,,uvær,uvær,uvær,Certain,,1751191309000,6.823856120609264,60.48377145782033,6.836791862242444,60.47318852151293,6.830323,60.47849,Rv,13,,1751184540000,,0.0,1751191322000,1751191322000,1751184109000,,1751177340000,1751184122000,1751184122000,Uvær,2025-06-29
854,46_RV13_S32,0.11091486904024019,51696.65386824019,6732583.528745706,1503133696,f89e9e10-e4e1-4c5c-bdd3-18a7b16be6f6_2,NPRA_HBT_29-06-2025.108528,2,"Rv. 13 Hardangerbrua i Ulvik/Eidfjord, Vestland","Sterk vind, fare for stengt veg.",,,uvær,uvær,uvær,Certain,,1751191309000,6.823856120609264,60.48377145782033,6.836791862242444,60.47318852151293,6.830323,60.47849,Rv,13,,1751184540000,,0.0,1751191322000,1751191322000,1751184109000,,1751177340000,1751184122000,1751184122000,Uvær,2025-06-29
855,46_RV13_S32,0.11091486904024019,51696.65386824019,6732583.528745706,1503625216,0f547d04-b9e4-40ad-8fa4-23bbbb031253_1,NPRA_HBT_29-06-2025.108543,1,"Rv. 13 Hardangerbrua i Ulvik/Eidfjord, Vestland","Sterk vind, fare for stengt veg.",,,uvær,uvær,uvær,Certain,,1751193044000,6.823856120609264,60.48377145782033,6.836791862242444,60.47318852151293,6.830323,60.47849,Rv,13,,1751186338000,,0.0,1751193064000,1751193064000,1751185844000,,1751179138000,1751185864000,1751185864000,Uvær,2025-06-29
856,46_RV13_S32,0.11091486904024019,51696.65386824019,6732583.528745706,1503625216,0f547d04-b9e4-40ad-8fa4-23bbbb031253_2,NPRA_HBT_29-06-2025.108543,2,"Rv. 13 Hardangerbrua i Ulvik/Eidfjord, Vestland","Sterk vind, fare for stengt veg.",,,uvær,uvær,uvær,Certain,,1751193044000,6.823856120609264,60.48377145782033,6.836791862242444,60.47318852151293,6.830323,60.47849,Rv,13,,1751186338000,,0.0,1751193064000,1751193064000,1751185844000,,1751179138000,1751185864000,1751185864000,Uvær,2025-06-29
857,46_RV13_S32,0.11091486904024019,51696.65386824019,6732583.528745706,1504051200,5feaf159-8968-498e-a10f-1c4bcd1a2708_1,NPRA_HBT_29-06-2025.108556,1,"Rv. 13 Hardangerbrua i Ulvik/Eidfjord, Vestland","Sterk vind, fare for stengt veg.",,,uvær,uvær,uvær,Certain,,1751194614000,6.823856120609264,60.48377145782033,6.836791862242444,60.47318852151293,6.830323,60.47849,Rv,13,,1751188138000,,0.0,1751194622000,1751194622000,1751187414000,,1751180938000,1751187422000,1751187422000,Uvær,2025-06-29
858,46_RV13_S32,0.11091486904024019,51696.65386824019,6732583.528745706,1504051200,5feaf159-8968-498e-a10f-1c4bcd1a2708_2,NPRA_HBT_29-06-2025.108556,2,"Rv. 13 Hardangerbrua i Ulvik/Eidfjord, Vestland","Sterk vind, fare for stengt veg.",,,uvær,uvær,uvær,Certain,,1751194614000,6.823856120609264,60.48377145782033,6.836791862242444,60.47318852151293,6.830323,60.47849,Rv,13,,1751188138000,,0.0,1751194622000,1751194622000,1751187414000,,1751180938000,1751187422000,1751187422000,Uvær,2025-06-29
859,46_RV13_S32,0.11091486904024019,51696.65386824019,6732583.528745706,1507950592,7fcd6138-6a18-49f8-9bff-94d9f83f3c40_1,NPRA_HBT_29-06-2025.108675,1,"Rv. 13 Hardangerbrua i Ulvik/Eidfjord, Vestland","Sterk vind, fare for stengt veg.",,,uvær,uvær,uvær,Certain,,1751202116000,6.823856120609264,60.48377145782033,6.836791862242444,60.47318852151293,6.830323,60.47849,Rv,13,,1751195339000,,0.0,1751202124000,1751202124000,1751194916000,,1751188139000,1751194924000,1751194924000,Uvær,2025-06-29
860,46_RV13_S32,0.11091486904024019,51696.65386824019,6732583.528745706,1507950592,7fcd6138-6a18-49f8-9bff-94d9f83f3c40_2,NPRA_HBT_29-06-2025.108675,2,"Rv. 13 Hardangerbrua i Ulvik/Eidfjord, Vestland","Sterk vind, fare for stengt veg.",,,uvær,uvær,uvær,Certain,,1751202116000,6.823856120609264,60.48377145782033,6.836791862242444,60.47318852151293,6.830323,60.47849,Rv,13,,1751195339000,,0.0,1751202124000,1751202124000,1751194916000,,1751188139000,1751194924000,1751194924000,Uvær,2025-06-29
861,46_RV13_S32,0.11091486904024019,51696.65386824019,6732583.528745706,1509097472,043e5bd9-5753-413e-9b2a-3ba8088bab04_1,NPRA_HBT_29-06-2025.108710,1,"Rv. 13 Hardangerbrua i Ulvik/Eidfjord, Vestland","Sterk vind, fare for stengt veg.",,,uvær,uvær,uvær,Certain,,1751204396000,6.823856120609264,60.48377145782033,6.836791862242444,60.47318852151293,6.830323,60.47849,Rv,13,,1751198038000,,0.0,1751204403000,1751204403000,1751197196000,,1751190838000,1751197203000,1751197203000,Uvær,2025-06-29
862,46_RV13_S32,0.11091486904024019,51696.65386824019,6732583.528745706,1509097472,043e5bd9-5753-413e-9b2a-3ba8088bab04_2,NPRA_HBT_29-06-2025.108710,2,"Rv. 13 Hardangerbrua i Ulvik/Eidfjord, Vestland","Sterk vind, fare for stengt veg.",,,uvær,uvær,uvær,Certain,,1751204396000,6.823856120609264,60.48377145782033,6.836791862242444,60.47318852151293,6.830323,60.47849,Rv,13,,1751198038000,,0.0,1751204403000,1751204403000,1751197196000,,1751190838000,1751197203000,1751197203000,Uvær,2025-06-29
863,46_RV13_S32,0.11091486904024019,51696.65386824019,6732583.528745706,1510899712,5d4005e1-8df0-41ff-a848-306218ff73b4_1,NPRA_HBT_29-06-2025.108765,1,"Rv. 13 Hardangerbrua i Ulvik/Eidfjord, Vestland","Sterk vind, fare for stengt veg.",,,uvær,uvær,uvær,Certain,,1751207521000,6.823856120609264,60.48377145782033,6.836791862242444,60.47318852151293,6.830323,60.47849,Rv,13,,1751200738000,,0.0,1751207552000,1751207552000,1751200321000,,1751193538000,1751200352000,1751200352000,Uvær,2025-06-29
864,46_RV13_S32,0.11091486904024019,51696.65386824019,6732583.528745706,1510899712,5d4005e1-8df0-41ff-a848-306218ff73b4_2,NPRA_HBT_29-06-2025.108765,2,"Rv. 13 Hardangerbrua i Ulvik/Eidfjord, Vestland","Sterk vind, fare for stengt veg.",,,uvær,uvær,uvær,Certain,,1751207521000,6.823856120609264,60.48377145782033,6.836791862242444,60.47318852151293,6.830323,60.47849,Rv,13,,1751200738000,,0.0,1751207552000,1751207552000,1751200321000,,1751193538000,1751200352000,1751200352000,Uvær,2025-06-29
865,46_RV13_S32,0.11091486904024019,51696.65386824019,6732583.528745706,1511292928,02c329b8-8dd6-4897-9b2a-1a6b671d0747_1,NPRA_HBT_29-06-2025.108777,1,"Rv. 13 Hardangerbrua i Ulvik/Eidfjord, Vestland","Sterk vind, fare for stengt veg.",,,uvær,uvær,uvær,Certain,,1751208256000,6.823856120609264,60.48377145782033,6.836791862242444,60.47318852151293,6.830323,60.47849,Rv,13,,1751201638000,,0.0,1751208272000,1751208272000,1751201056000,,1751194438000,1751201072000,1751201072000,Uvær,2025-06-29
866,46_RV13_S32,0.11091486904024019,51696.65386824019,6732583.528745706,1511292928,02c329b8-8dd6-4897-9b2a-1a6b671d0747_2,NPRA_HBT_29-06-2025.108777,2,"Rv. 13 Hardangerbrua i Ulvik/Eidfjord, Vestland","Sterk vind, fare for stengt veg.",,,uvær,uvær,uvær,Certain,,1751208256000,6.823856120609264,60.48377145782033,6.836791862242444,60.47318852151293,6.830323,60.47849,Rv,13,,1751201638000,,0.0,1751208272000,1751208272000,1751201056000,,1751194438000,1751201072000,1751201072000,Uvær,2025-06-29
867,46_RV13_S32,0.11091486904024019,51696.65386824019,6732583.528745706,1515814912,cf46fd4e-066c-498f-af8a-72bc6e2313a9_1,NPRA_HBT_29-06-2025.108915,1,"Rv. 13 Hardangerbrua i Ulvik/Eidfjord, Vestland","Sterk vind, fare for stengt veg.",,,uvær,uvær,uvær,Certain,,1751216831000,6.823856120609264,60.48377145782033,6.836791862242444,60.47318852151293,6.830323,60.47849,Rv,13,,1751209738000,,0.0,1751216852000,1751216852000,1751209631000,,1751202538000,1751209652000,1751209652000,Uvær,2025-06-29
868,46_RV13_S32,0.11091486904024019,51696.65386824019,6732583.528745706,1515814912,cf46fd4e-066c-498f-af8a-72bc6e2313a9_2,NPRA_HBT_29-06-2025.108915,2,"Rv. 13 Hardangerbrua i Ulvik/Eidfjord, Vestland","Sterk vind, fare for stengt veg.",,,uvær,uvær,uvær,Certain,,1751216831000,6.823856120609264,60.48377145782033,6.836791862242444,60.47318852151293,6.830323,60.47849,Rv,13,,1751209738000,,0.0,1751216852000,1751216852000,1751209631000,,1751202538000,1751209652000,1751209652000,Uvær,2025-06-29
869,46_RV13_S38,0.49451236877901267,39941.55371255614,6788927.67424906,1333395456,d0e2c08a-978a-45a4-8f4b-799d5d15afd1_1,NPRA_HBT_02-07-2025.110452,1,"Rv. 13 Vikafjellet i Voss/Vik, Vestland - rv. 13 Vikafjellet i Voss/Vik, Vestland",Steinskred/steinsprang.,,,steinskred,steinskred,steinskred,Certain,1751439516000.0,1751425116000,6.480560244039458,60.96281790028272,6.491301087696433,60.96892141848646,6.4864516,60.965656,Rv,13,,1751418946000,,0.0,1751425212000,1751425212000,1751417916000,1751432316000.0,1751411746000,1751418012000,1751418012000,Steinsprang,2025-07-02
871,46_RV13_S32,0.19711956728262375,51782.71367306664,6732390.275227321,-830898176,08aed096-f6e1-4bd3-9f07-960176c774f4_1,NPRA_HBT_17-07-2025.117683,1,"Rv. 13 Vallaviktunnelen i Ulvik/Voss, Vestland - rv. 13 Butunnelen i Eidfjord, Vestland, i retning ","Steinskred/steinsprang, vegen er stengt.",,,steinskred,steinskred,steinskred,Certain,1752794617000.0,1752787417000,6.8230506594621385,60.489318670409304,6.829807969455258,60.46600705398992,6.8323073,60.476868,Rv,13,,1752780861000,,1.0,1752787459000,1752788956000,1752780217000,1752787417000.0,1752773661000,1752780259000,1752781756000,Steinsprang,2025-07-17
872,46_RV13_S32,0.19711956728262375,51782.71367306664,6732390.275227321,-830898176,08aed096-f6e1-4bd3-9f07-960176c774f4_2,NPRA_HBT_17-07-2025.117683,2,"Rv. 13 Vallaviktunnelen i Ulvik/Voss, Vestland - rv. 13 Butunnelen i Eidfjord, Vestland, i retning ","Steinskred/steinsprang, vegen er stengt.",,,steinskred,steinskred,steinskred,Certain,1752794617000.0,1752787417000,6.8230506594621385,60.489318670409304,6.829807969455258,60.46600705398992,6.8323073,60.476868,Rv,13,,1752780861000,,1.0,1752787793000,1752789645000,1752780217000,1752787417000.0,1752773661000,1752780593000,1752782445000,Steinsprang,2025-07-17
873,46_RV13_S26,0.3886300146413076,30818.730842004647,6690299.982033203,-1278476288,9c3a2d68-df35-43a8-88af-15534b90aaa5_1,NPRA_HBT_20-07-2025.118680,1,"Rv. 13 Djupevik i Ullensvang, Vestland","Steinskred/steinsprang, ett påvirket kjørefelt.",,,steinskred,steinskred,steinskred,Certain,1753041555000.0,1753034355000,,,,,6.552739,60.079292,Rv,13,,1753027359000,,1.0,1753034382000,1753034382000,1753027155000,1753034355000.0,1753020159000,1753027182000,1753027182000,Steinsprang,2025-07-20
874,46_RV13_S26,0.3886300146413076,30818.730842004647,6690299.982033203,-1278476288,9c3a2d68-df35-43a8-88af-15534b90aaa5_2,NPRA_HBT_20-07-2025.118680,2,"Rv. 13 Djupevik i Ullensvang, Vestland","Steinskred/steinsprang, ett påvirket kjørefelt.",,,steinskred,steinskred,steinskred,Certain,1753041555000.0,1753034355000,,,,,6.552739,60.079292,Rv,13,,1753027359000,,1.0,1753034382000,1753034382000,1753027155000,1753034355000.0,1753020159000,1753027182000,1753027182000,Steinsprang,2025-07-20
875,46_RV13_S36,0.16079709197197248,38356.27486582752,6770398.361286325,-59310080,a608947f-bc60-4d55-8020-0a91f4b31d04_1,NPRA_HBT_03-08-2025.124462,1,"Rv. 13 Djupgrov i Voss, Vestland","Steinskred/steinsprang, ett påvirket kjørefelt.",,,steinskred,steinskred,steinskred,Certain,1754269504000.0,1754255104000,,,,,6.501677,60.79929,Rv,13,,1754248840000,,1.0,1754255156000,1754255156000,1754247904000,1754262304000.0,1754241640000,1754247956000,1754247956000,Steinsprang,2025-08-03
876,46_RV13_S36,0.16079709197197248,38356.27486582752,6770398.361286325,-59310080,a608947f-bc60-4d55-8020-0a91f4b31d04_2,NPRA_HBT_03-08-2025.124462,2,"Rv. 13 Djupgrov i Voss, Vestland","Steinskred/steinsprang, ett påvirket kjørefelt.",,,steinskred,steinskred,steinskred,Certain,1754269504000.0,1754255104000,,,,,6.501677,60.79929,Rv,13,,1754248840000,,1.0,1754255156000,1754255156000,1754247904000,1754262304000.0,1754241640000,1754247956000,1754247956000,Steinsprang,2025-08-03
877,46_RV13_S48,0.8263591541122958,71344.77910092764,6809376.359034088,-1649082368,f66ef70d-7c7f-45e3-9a5b-449c0ddd20c1_1,NPRA_HBT_04-08-2025.124522,1,"Rv. 13 Ylvisåker i Sogndal, Vestland","Steinskred/steinsprang, ett påvirket kjørefelt.",,,steinskred,steinskred,steinskred,Certain,1754295164000.0,1754287964000,,,,,7.0148144,61.182747,Rv,13,,1754281522000,,1.0,1754288013000,1754288013000,1754280764000,1754287964000.0,1754274322000,1754280813000,1754280813000,Steinsprang,2025-08-04
878,46_RV13_S48,0.8263591541122958,71344.77910092764,6809376.359034088,-1649082368,f66ef70d-7c7f-45e3-9a5b-449c0ddd20c1_2,NPRA_HBT_04-08-2025.124522,2,"Rv. 13 Ylvisåker i Sogndal, Vestland","Steinskred/steinsprang, ett påvirket kjørefelt.",,,steinskred,steinskred,steinskred,Certain,1754295164000.0,1754287964000,,,,,7.0148144,61.182747,Rv,13,,1754281522000,,1.0,1754288013000,1754288013000,1754280764000,1754287964000.0,1754274322000,1754280813000,1754280813000,Steinsprang,2025-08-04
879,46_RV13_S32,0.11091486904024019,51696.65386824019,6732583.528745706,-1631944704,f383d284-18c9-42c0-ab43-7d9586d68f37_1,NPRA_HBT_04-08-2025.125045,1,"Rv. 13 Hardangerbrua i Ulvik/Eidfjord, Vestland","Sterk vind, fare for stengt veg.",,,uvær,uvær,uvær,Certain,,1754335392000,6.823856120609264,60.48377145782033,6.836791862242444,60.47318852151293,6.830323,60.47849,Rv,13,,1754328322000,,0.0,1754335415000,1754335415000,1754328192000,,1754321122000,1754328215000,1754328215000,Uvær,2025-08-04
880,46_RV13_S32,0.11091486904024019,51696.65386824019,6732583.528745706,-1631944704,f383d284-18c9-42c0-ab43-7d9586d68f37_2,NPRA_HBT_04-08-2025.125045,2,"Rv. 13 Hardangerbrua i Ulvik/Eidfjord, Vestland","Sterk vind, fare for stengt veg.",,,uvær,uvær,uvær,Certain,,1754335392000,6.823856120609264,60.48377145782033,6.836791862242444,60.47318852151293,6.830323,60.47849,Rv,13,,1754328322000,,0.0,1754335415000,1754335415000,1754328192000,,1754321122000,1754328215000,1754328215000,Uvær,2025-08-04
881,46_RV13_S32,0.11091486904024019,51696.65386824019,6732583.528745706,-1631551488,094fc176-4ef6-40a0-830f-a033aebc371b_1,NPRA_HBT_04-08-2025.125057,1,"Rv. 13 Hardangerbrua i Ulvik/Eidfjord, Vestland","Sterk vind, fare for stengt veg.",,,uvær,uvær,uvær,Certain,,1754338072000,6.823856120609264,60.48377145782033,6.836791862242444,60.47318852151293,6.830323,60.47849,Rv,13,,1754331022000,,0.0,1754338083000,1754338083000,1754330872000,,1754323822000,1754330883000,1754330883000,Uvær,2025-08-04
882,46_RV13_S32,0.11091486904024019,51696.65386824019,6732583.528745706,-1631551488,094fc176-4ef6-40a0-830f-a033aebc371b_2,NPRA_HBT_04-08-2025.125057,2,"Rv. 13 Hardangerbrua i Ulvik/Eidfjord, Vestland","Sterk vind, fare for stengt veg.",,,uvær,uvær,uvær,Certain,,1754338072000,6.823856120609264,60.48377145782033,6.836791862242444,60.47318852151293,6.830323,60.47849,Rv,13,,1754331022000,,0.0,1754338083000,1754338083000,1754330872000,,1754323822000,1754330883000,1754330883000,Uvær,2025-08-04
883,46_RV13_S32,0.11091486904024019,51696.65386824019,6732583.528745706,-1630765056,bdcf3727-23d5-4156-ba65-8fb0ca38bee0_1,NPRA_HBT_04-08-2025.125081,1,"Rv. 13 Hardangerbrua i Ulvik/Eidfjord, Vestland","Sterk vind, fare for stengt veg.",,,uvær,uvær,uvær,Certain,,1754340051000,6.823856120609264,60.48377145782033,6.836791862242444,60.47318852151293,6.830323,60.47849,Rv,13,,1754333722000,,0.0,1754340063000,1754340063000,1754332851000,,1754326522000,1754332863000,1754332863000,Uvær,2025-08-04
884,46_RV13_S32,0.11091486904024019,51696.65386824019,6732583.528745706,-1630765056,bdcf3727-23d5-4156-ba65-8fb0ca38bee0_2,NPRA_HBT_04-08-2025.125081,2,"Rv. 13 Hardangerbrua i Ulvik/Eidfjord, Vestland","Sterk vind, fare for stengt veg.",,,uvær,uvær,uvær,Certain,,1754340051000,6.823856120609264,60.48377145782033,6.836791862242444,60.47318852151293,6.830323,60.47849,Rv,13,,1754333722000,,0.0,1754340063000,1754340063000,1754332851000,,1754326522000,1754332863000,1754332863000,Uvær,2025-08-04
885,46_RV13_S32,0.11091486904024019,51696.65386824019,6732583.528745706,-1630175232,007dc41b-eaa0-4928-b199-1948741e3e34_1,NPRA_HBT_04-08-2025.125099,1,"Rv. 13 Hardangerbrua i Ulvik/Eidfjord, Vestland","Sterk vind, fare for stengt veg.",,,uvær,uvær,uvær,Certain,,1754341715000,6.823856120609264,60.48377145782033,6.836791862242444,60.47318852151293,6.830323,60.47849,Rv,13,,1754334622000,,0.0,1754341744000,1754341744000,1754334515000,,1754327422000,1754334544000,1754334544000,Uvær,2025-08-04
886,46_RV13_S32,0.11091486904024019,51696.65386824019,6732583.528745706,-1630175232,007dc41b-eaa0-4928-b199-1948741e3e34_2,NPRA_HBT_04-08-2025.125099,2,"Rv. 13 Hardangerbrua i Ulvik/Eidfjord, Vestland","Sterk vind, fare for stengt veg.",,,uvær,uvær,uvær,Certain,,1754341715000,6.823856120609264,60.48377145782033,6.836791862242444,60.47318852151293,6.830323,60.47849,Rv,13,,1754334622000,,0.0,1754341744000,1754341744000,1754334515000,,1754327422000,1754334544000,1754334544000,Uvær,2025-08-04
887,46_RV13_S32,0.11091486904024019,51696.65386824019,6732583.528745706,-1629552640,a2427857-3ebc-4cc2-9a95-c8f556bd777f_1,NPRA_HBT_04-08-2025.125118,1,"Rv. 13 Hardangerbrua i Ulvik/Eidfjord, Vestland","Sterk vind, fare for stengt veg.",,,uvær,uvær,uvær,Certain,,1754344417000,6.823856120609264,60.48377145782033,6.836791862242444,60.47318852151293,6.830323,60.47849,Rv,13,,1754337322000,,0.0,1754344443000,1754344443000,1754337217000,,1754330122000,1754337243000,1754337243000,Uvær,2025-08-04
888,46_RV13_S32,0.11091486904024019,51696.65386824019,6732583.528745706,-1629552640,a2427857-3ebc-4cc2-9a95-c8f556bd777f_2,NPRA_HBT_04-08-2025.125118,2,"Rv. 13 Hardangerbrua i Ulvik/Eidfjord, Vestland","Sterk vind, fare for stengt veg.",,,uvær,uvær,uvær,Certain,,1754344417000,6.823856120609264,60.48377145782033,6.836791862242444,60.47318852151293,6.830323,60.47849,Rv,13,,1754337322000,,0.0,1754344443000,1754344443000,1754337217000,,1754330122000,1754337243000,1754337243000,Uvær,2025-08-04
889,46_RV13_S27,0.318948870874143,32860.19788778393,6698126.921403877,1079083008,fa759108-ab9f-4357-af14-7f1da4066047_1,NPRA_HBT_05-08-2025.125283,1,"Rv. 13 Skarvabjørgtunnelen i Ullensvang, Vestland",Steinskred/steinsprang.,,,steinskred,steinskred,steinskred,Certain,1754380909000.0,1754373709000,,,,,6.5711536,60.151142,Rv,13,,1754367397000,,0.0,1754373800000,1754376144000,1754366509000,1754373709000.0,1754360197000,1754366600000,1754368944000,Steinsprang,2025-08-05
890,46_RV13_S27,0.318948870874143,32860.19788778393,6698126.921403877,1079083008,fa759108-ab9f-4357-af14-7f1da4066047_2,NPRA_HBT_05-08-2025.125283,2,"Rv. 13 Skarvabjørgtunnelen i Ullensvang, Vestland","Steinskred/steinsprang, vegen er stengt.",,,steinskred,steinskred,steinskred,Certain,1754380909000.0,1754373709000,,,,,6.5711536,60.151142,Rv,13,,1754367397000,,2.0,1754373800000,1754374800000,1754366509000,1754373709000.0,1754360197000,1754366600000,1754367600000,Steinsprang,2025-08-05
893,46_RV13_S26,0.06658005810379274,30163.47042269091,6682542.17894525,1080623104,4dcd1950-38ce-420b-af91-23a25609ff74_1,NPRA_HBT_05-08-2025.125330,1,"Rv. 13 Sandvin i Ullensvang, Vestland",Trær/Busker.,,,,nedfalne trær,nedfalne trær,Certain,1754384423000.0,1754377223000,,,,,6.5588226,60.00964,Rv,13,,1754370997000,,0.0,1754377300000,1754377300000,1754370023000,1754377223000.0,1754363797000,1754370100000,1754370100000,Trefall,2025-08-05
896,46_RV13_S32,0.11091486904024019,51696.65386824019,6732583.528745706,1093140480,b79eac6f-cb2e-4bd0-b0e1-0ab50e4fea81_1,NPRA_HBT_05-08-2025.125712,1,"Rv. 13 Hardangerbrua i Ulvik/Eidfjord, Vestland","Sterk vind, fare for stengt veg.",,,uvær,uvær,uvær,Certain,,1754396330000,6.823856120609264,60.48377145782033,6.836791862242444,60.47318852151293,6.830323,60.47849,Rv,13,,1754389898000,,0.0,1754396347000,1754396347000,1754389130000,,1754382698000,1754389147000,1754389147000,Uvær,2025-08-05
897,46_RV13_S32,0.11091486904024019,51696.65386824019,6732583.528745706,1093140480,b79eac6f-cb2e-4bd0-b0e1-0ab50e4fea81_2,NPRA_HBT_05-08-2025.125712,2,"Rv. 13 Hardangerbrua i Ulvik/Eidfjord, Vestland","Sterk vind, fare for stengt veg.",,,uvær,uvær,uvær,Certain,,1754396330000,6.823856120609264,60.48377145782033,6.836791862242444,60.47318852151293,6.830323,60.47849,Rv,13,,1754389898000,,0.0,1754396347000,1754396347000,1754389130000,,1754382698000,1754389147000,1754389147000,Uvær,2025-08-05
899,46_RV13_S32,0.11091486904024019,51696.65386824019,6732583.528745706,1099104256,737e76cd-5e10-48cf-8de4-e5c8bc83bb5b_1,NPRA_HBT_05-08-2025.125894,1,"Rv. 13 Hardangerbrua i Ulvik/Eidfjord, Vestland","Sterk vind, fare for stengt veg.",,,uvær,uvær,uvær,Certain,,1754404829000,6.823856120609264,60.48377145782033,6.836791862242444,60.47318852151293,6.830323,60.47849,Rv,13,,1754397997000,,0.0,1754404836000,1754404836000,1754397629000,,1754390797000,1754397636000,1754397636000,Uvær,2025-08-05
900,46_RV13_S32,0.11091486904024019,51696.65386824019,6732583.528745706,1099104256,737e76cd-5e10-48cf-8de4-e5c8bc83bb5b_2,NPRA_HBT_05-08-2025.125894,2,"Rv. 13 Hardangerbrua i Ulvik/Eidfjord, Vestland","Sterk vind, fare for stengt veg.",,,uvær,uvær,uvær,Certain,,1754404829000,6.823856120609264,60.48377145782033,6.836791862242444,60.47318852151293,6.830323,60.47849,Rv,13,,1754397997000,,0.0,1754404836000,1754404836000,1754397629000,,1754390797000,1754397636000,1754397636000,Uvær,2025-08-05
901,46_RV13_S32,0.11091486904024019,51696.65386824019,6732583.528745706,1100644352,c9d9609a-03a2-4ce0-a6e4-efe9354f9bb3_1,NPRA_HBT_05-08-2025.125941,1,"Rv. 13 Hardangerbrua i Ulvik/Eidfjord, Vestland","Sterk vind, fare for stengt veg.",,,uvær,uvær,uvær,Certain,,1754407898000,6.823856120609264,60.48377145782033,6.836791862242444,60.47318852151293,6.830323,60.47849,Rv,13,,1754401598000,,0.0,1754407923000,1754407923000,1754400698000,,1754394398000,1754400723000,1754400723000,Uvær,2025-08-05
902,46_RV13_S32,0.11091486904024019,51696.65386824019,6732583.528745706,1100644352,c9d9609a-03a2-4ce0-a6e4-efe9354f9bb3_2,NPRA_HBT_05-08-2025.125941,2,"Rv. 13 Hardangerbrua i Ulvik/Eidfjord, Vestland","Sterk vind, fare for stengt veg.",,,uvær,uvær,uvær,Certain,,1754407898000,6.823856120609264,60.48377145782033,6.836791862242444,60.47318852151293,6.830323,60.47849,Rv,13,,1754401598000,,0.0,1754407923000,1754407923000,1754400698000,,1754394398000,1754400723000,1754400723000,Uvær,2025-08-05
903,46_RV13_S32,0.11091486904024019,51696.65386824019,6732583.528745706,1102381056,c7cd744e-2ed2-4858-b79c-22e5495b2dcf_1,NPRA_HBT_05-08-2025.125994,1,"Rv. 13 Hardangerbrua i Ulvik/Eidfjord, Vestland","Sterk vind, fare for stengt veg.",,,uvær,uvær,uvær,Certain,,1754411968000,6.823856120609264,60.48377145782033,6.836791862242444,60.47318852151293,6.830323,60.47849,Rv,13,,1754405197000,,0.0,1754411974000,1754411974000,1754404768000,,1754397997000,1754404774000,1754404774000,Uvær,2025-08-05
904,46_RV13_S32,0.11091486904024019,51696.65386824019,6732583.528745706,1102381056,c7cd744e-2ed2-4858-b79c-22e5495b2dcf_2,NPRA_HBT_05-08-2025.125994,2,"Rv. 13 Hardangerbrua i Ulvik/Eidfjord, Vestland","Sterk vind, fare for stengt veg.",,,uvær,uvær,uvær,Certain,,1754411968000,6.823856120609264,60.48377145782033,6.836791862242444,60.47318852151293,6.830323,60.47849,Rv,13,,1754405197000,,0.0,1754411974000,1754411974000,1754404768000,,1754397997000,1754404774000,1754404774000,Uvær,2025-08-05
905,46_RV13_S32,0.11091486904024019,51696.65386824019,6732583.528745706,1103691776,d4f1b7c5-889c-4260-8841-3d409b76267f_1,NPRA_HBT_05-08-2025.126034,1,"Rv. 13 Hardangerbrua i Ulvik/Eidfjord, Vestland","Sterk vind, fare for stengt veg.",,,uvær,uvær,uvær,Certain,,1754416892000,6.823856120609264,60.48377145782033,6.836791862242444,60.47318852151293,6.830323,60.47849,Rv,13,,1754410599000,,0.0,1754416923000,1754416923000,1754409692000,,1754403399000,1754409723000,1754409723000,Uvær,2025-08-05
906,46_RV13_S32,0.11091486904024019,51696.65386824019,6732583.528745706,1103691776,d4f1b7c5-889c-4260-8841-3d409b76267f_2,NPRA_HBT_05-08-2025.126034,2,"Rv. 13 Hardangerbrua i Ulvik/Eidfjord, Vestland","Sterk vind, fare for stengt veg.",,,uvær,uvær,uvær,Certain,,1754416892000,6.823856120609264,60.48377145782033,6.836791862242444,60.47318852151293,6.830323,60.47849,Rv,13,,1754410599000,,0.0,1754416923000,1754416923000,1754409692000,,1754403399000,1754409723000,1754409723000,Uvær,2025-08-05
907,46_RV13_S32,0.11091486904024019,51696.65386824019,6732583.528745706,1104084992,b3137c63-ac30-4372-b497-7ecbb1e51f46_1,NPRA_HBT_05-08-2025.126046,1,"Rv. 13 Hardangerbrua i Ulvik/Eidfjord, Vestland","Sterk vind, fare for stengt veg.",,,uvær,uvær,uvær,Certain,,1754419232000,6.823856120609264,60.48377145782033,6.836791862242444,60.47318852151293,6.830323,60.47849,Rv,13,,1754412397000,,0.0,1754419263000,1754419263000,1754412032000,,1754405197000,1754412063000,1754412063000,Uvær,2025-08-05
908,46_RV13_S32,0.11091486904024019,51696.65386824019,6732583.528745706,1104084992,b3137c63-ac30-4372-b497-7ecbb1e51f46_2,NPRA_HBT_05-08-2025.126046,2,"Rv. 13 Hardangerbrua i Ulvik/Eidfjord, Vestland","Sterk vind, fare for stengt veg.",,,uvær,uvær,uvær,Certain,,1754419232000,6.823856120609264,60.48377145782033,6.836791862242444,60.47318852151293,6.830323,60.47849,Rv,13,,1754412397000,,0.0,1754419263000,1754419263000,1754412032000,,1754405197000,1754412063000,1754412063000,Uvær,2025-08-05
909,46_RV13_S32,0.11091486904024019,51696.65386824019,6732583.528745706,1104379904,723eb45b-11fc-4dcd-a3cc-362ab794eae0_1,NPRA_HBT_05-08-2025.126055,1,"Rv. 13 Hardangerbrua i Ulvik/Eidfjord, Vestland","Sterk vind, fare for stengt veg.",,,uvær,uvær,uvær,Certain,,1754420887000,6.823856120609264,60.48377145782033,6.836791862242444,60.47318852151293,6.830323,60.47849,Rv,13,,1754414197000,,0.0,1754420915000,1754420915000,1754413687000,,1754406997000,1754413715000,1754413715000,Uvær,2025-08-05
910,46_RV13_S32,0.11091486904024019,51696.65386824019,6732583.528745706,1104379904,723eb45b-11fc-4dcd-a3cc-362ab794eae0_2,NPRA_HBT_05-08-2025.126055,2,"Rv. 13 Hardangerbrua i Ulvik/Eidfjord, Vestland","Sterk vind, fare for stengt veg.",,,uvær,uvær,uvær,Certain,,1754420887000,6.823856120609264,60.48377145782033,6.836791862242444,60.47318852151293,6.830323,60.47849,Rv,13,,1754414197000,,0.0,1754420915000,1754420915000,1754413687000,,1754406997000,1754413715000,1754413715000,Uvær,2025-08-05
911,46_RV13_S32,0.11091486904024019,51696.65386824019,6732583.528745706,1106378752,50bb1dad-0276-441a-82aa-c60e1bb3f11c_1,NPRA_HBT_05-08-2025.126116,1,"Rv. 13 Hardangerbrua i Ulvik/Eidfjord, Vestland","Sterk vind, fare for stengt veg.",,,uvær,uvær,uvær,Certain,,1754426616000,6.823856120609264,60.48377145782033,6.836791862242444,60.47318852151293,6.830323,60.47849,Rv,13,,1754419597000,,0.0,1754426643000,1754426643000,1754419416000,,1754412397000,1754419443000,1754419443000,Uvær,2025-08-05
912,46_RV13_S32,0.11091486904024019,51696.65386824019,6732583.528745706,1106378752,50bb1dad-0276-441a-82aa-c60e1bb3f11c_2,NPRA_HBT_05-08-2025.126116,2,"Rv. 13 Hardangerbrua i Ulvik/Eidfjord, Vestland","Sterk vind, fare for stengt veg.",,,uvær,uvær,uvær,Certain,,1754426616000,6.823856120609264,60.48377145782033,6.836791862242444,60.47318852151293,6.830323,60.47849,Rv,13,,1754419597000,,0.0,1754426643000,1754426643000,1754419416000,,1754412397000,1754419443000,1754419443000,Uvær,2025-08-05
913,46_RV13_S32,0.11091486904024019,51696.65386824019,6732583.528745706,1106542592,85023547-cfa9-4fc1-aeac-af2a9dfad8dd_1,NPRA_HBT_05-08-2025.126121,1,"Rv. 13 Hardangerbrua i Ulvik/Eidfjord, Vestland","Sterk vind, fare for stengt veg.",,,uvær,uvær,uvær,Certain,,1754427131000,6.823856120609264,60.48377145782033,6.836791862242444,60.47318852151293,6.830323,60.47849,Rv,13,,1754420495000,,0.0,1754427153000,1754427153000,1754419931000,,1754413295000,1754419953000,1754419953000,Uvær,2025-08-05
914,46_RV13_S32,0.11091486904024019,51696.65386824019,6732583.528745706,1106542592,85023547-cfa9-4fc1-aeac-af2a9dfad8dd_2,NPRA_HBT_05-08-2025.126121,2,"Rv. 13 Hardangerbrua i Ulvik/Eidfjord, Vestland","Sterk vind, fare for stengt veg.",,,uvær,uvær,uvær,Certain,,1754427131000,6.823856120609264,60.48377145782033,6.836791862242444,60.47318852151293,6.830323,60.47849,Rv,13,,1754420495000,,0.0,1754427153000,1754427153000,1754419931000,,1754413295000,1754419953000,1754419953000,Uvær,2025-08-05
915,46_RV13_S32,0.11091486904024019,51696.65386824019,6732583.528745706,1106837504,9c46a55e-87e6-443e-aa3b-e3638cb4c1c5_1,NPRA_HBT_05-08-2025.126130,1,"Rv. 13 Hardangerbrua i Ulvik/Eidfjord, Vestland","Sterk vind, fare for stengt veg.",,,uvær,uvær,uvær,Certain,,1754428461000,6.823856120609264,60.48377145782033,6.836791862242444,60.47318852151293,6.830323,60.47849,Rv,13,,1754421397000,,0.0,1754428473000,1754428473000,1754421261000,,1754414197000,1754421273000,1754421273000,Uvær,2025-08-05
916,46_RV13_S32,0.11091486904024019,51696.65386824019,6732583.528745706,1106837504,9c46a55e-87e6-443e-aa3b-e3638cb4c1c5_2,NPRA_HBT_05-08-2025.126130,2,"Rv. 13 Hardangerbrua i Ulvik/Eidfjord, Vestland","Sterk vind, fare for stengt veg.",,,uvær,uvær,uvær,Certain,,1754428461000,6.823856120609264,60.48377145782033,6.836791862242444,60.47318852151293,6.830323,60.47849,Rv,13,,1754421397000,,0.0,1754428473000,1754428473000,1754421261000,,1754414197000,1754421273000,1754421273000,Uvær,2025-08-05
917,46_RV13_S32,0.11091486904024019,51696.65386824019,6732583.528745706,1107329024,c8ac4392-c7d6-4b9e-af04-212c36c3fbea_1,NPRA_HBT_05-08-2025.126145,1,"Rv. 13 Hardangerbrua i Ulvik/Eidfjord, Vestland","Sterk vind, fare for stengt veg.",,,uvær,uvær,uvær,Certain,,1754429971000,6.823856120609264,60.48377145782033,6.836791862242444,60.47318852151293,6.830323,60.47849,Rv,13,,1754423195000,,0.0,1754430003000,1754430003000,1754422771000,,1754415995000,1754422803000,1754422803000,Uvær,2025-08-05
918,46_RV13_S32,0.11091486904024019,51696.65386824019,6732583.528745706,1107329024,c8ac4392-c7d6-4b9e-af04-212c36c3fbea_2,NPRA_HBT_05-08-2025.126145,2,"Rv. 13 Hardangerbrua i Ulvik/Eidfjord, Vestland","Sterk vind, fare for stengt veg.",,,uvær,uvær,uvær,Certain,,1754429971000,6.823856120609264,60.48377145782033,6.836791862242444,60.47318852151293,6.830323,60.47849,Rv,13,,1754423195000,,0.0,1754430003000,1754430003000,1754422771000,,1754415995000,1754422803000,1754422803000,Uvær,2025-08-05
919,46_RV13_S32,0.11091486904024019,51696.65386824019,6732583.528745706,1107820544,eba2448d-61bb-45a8-9f9b-b2f88414fec2_1,NPRA_HBT_05-08-2025.126160,1,"Rv. 13 Hardangerbrua i Ulvik/Eidfjord, Vestland","Sterk vind, fare for stengt veg.",,,uvær,uvær,uvær,Certain,,1754431511000,6.823856120609264,60.48377145782033,6.836791862242444,60.47318852151293,6.830323,60.47849,Rv,13,,1754424997000,,0.0,1754431535000,1754431535000,1754424311000,,1754417797000,1754424335000,1754424335000,Uvær,2025-08-05
920,46_RV13_S32,0.11091486904024019,51696.65386824019,6732583.528745706,1107820544,eba2448d-61bb-45a8-9f9b-b2f88414fec2_2,NPRA_HBT_05-08-2025.126160,2,"Rv. 13 Hardangerbrua i Ulvik/Eidfjord, Vestland","Sterk vind, fare for stengt veg.",,,uvær,uvær,uvær,Certain,,1754431511000,6.823856120609264,60.48377145782033,6.836791862242444,60.47318852151293,6.830323,60.47849,Rv,13,,1754424997000,,0.0,1754431535000,1754431535000,1754424311000,,1754417797000,1754424335000,1754424335000,Uvær,2025-08-05
921,46_RV13_S32,0.11091486904024019,51696.65386824019,6732583.528745706,1108410368,4762c801-7deb-40be-a339-9d7f616708a3_1,NPRA_HBT_05-08-2025.126178,1,"Rv. 13 Hardangerbrua i Ulvik/Eidfjord, Vestland","Sterk vind, fare for stengt veg.",,,uvær,uvær,uvær,Certain,,1754433295000,6.823856120609264,60.48377145782033,6.836791862242444,60.47318852151293,6.830323,60.47849,Rv,13,,1754426798000,,0.0,1754433302000,1754433302000,1754426095000,,1754419598000,1754426102000,1754426102000,Uvær,2025-08-05
922,46_RV13_S32,0.11091486904024019,51696.65386824019,6732583.528745706,1108410368,4762c801-7deb-40be-a339-9d7f616708a3_2,NPRA_HBT_05-08-2025.126178,2,"Rv. 13 Hardangerbrua i Ulvik/Eidfjord, Vestland","Sterk vind, fare for stengt veg.",,,uvær,uvær,uvær,Certain,,1754433295000,6.823856120609264,60.48377145782033,6.836791862242444,60.47318852151293,6.830323,60.47849,Rv,13,,1754426798000,,0.0,1754433302000,1754433302000,1754426095000,,1754419598000,1754426102000,1754426102000,Uvær,2025-08-05
923,46_RV13_S32,0.11091486904024019,51696.65386824019,6732583.528745706,-481951744,8799158b-a169-4732-bd49-53e68ec1d7e6_1,NPRA_HBT_06-08-2025.126220,1,"Rv. 13 Hardangerbrua i Ulvik/Eidfjord, Vestland","Sterk vind, fare for stengt veg.",,,uvær,uvær,uvær,Certain,,1754440234000,6.823856120609264,60.48377145782033,6.836791862242444,60.47318852151293,6.830323,60.47849,Rv,13,,1754433095000,,0.0,1754440263000,1754440263000,1754433034000,,1754425895000,1754433063000,1754433063000,Uvær,2025-08-06
924,46_RV13_S32,0.11091486904024019,51696.65386824019,6732583.528745706,-481951744,8799158b-a169-4732-bd49-53e68ec1d7e6_2,NPRA_HBT_06-08-2025.126220,2,"Rv. 13 Hardangerbrua i Ulvik/Eidfjord, Vestland","Sterk vind, fare for stengt veg.",,,uvær,uvær,uvær,Certain,,1754440234000,6.823856120609264,60.48377145782033,6.836791862242444,60.47318852151293,6.830323,60.47849,Rv,13,,1754433095000,,0.0,1754440263000,1754440263000,1754433034000,,1754425895000,1754433063000,1754433063000,Uvær,2025-08-06
925,46_RV13_S32,0.11091486904024019,51696.65386824019,6732583.528745706,-481787904,cfbac3fb-db61-4f8d-b440-aa5cb5f3be44_1,NPRA_HBT_06-08-2025.126225,1,"Rv. 13 Hardangerbrua i Ulvik/Eidfjord, Vestland","Sterk vind, fare for stengt veg.",,,uvær,uvær,uvær,Certain,,1754440829000,6.823856120609264,60.48377145782033,6.836791862242444,60.47318852151293,6.830323,60.47849,Rv,13,,1754433933000,,0.0,1754440863000,1754440863000,1754433629000,,1754426733000,1754433663000,1754433663000,Uvær,2025-08-06
926,46_RV13_S32,0.11091486904024019,51696.65386824019,6732583.528745706,-481787904,cfbac3fb-db61-4f8d-b440-aa5cb5f3be44_2,NPRA_HBT_06-08-2025.126225,2,"Rv. 13 Hardangerbrua i Ulvik/Eidfjord, Vestland","Sterk vind, fare for stengt veg.",,,uvær,uvær,uvær,Certain,,1754440829000,6.823856120609264,60.48377145782033,6.836791862242444,60.47318852151293,6.830323,60.47849,Rv,13,,1754433933000,,0.0,1754440863000,1754440863000,1754433629000,,1754426733000,1754433663000,1754433663000,Uvær,2025-08-06
927,46_RV13_S32,0.11091486904024019,51696.65386824019,6732583.528745706,-481492992,4fd7ff1b-64d1-4b58-ada4-48d64e377861_1,NPRA_HBT_06-08-2025.126234,1,"Rv. 13 Hardangerbrua i Ulvik/Eidfjord, Vestland","Sterk vind, fare for stengt veg.",,,uvær,uvær,uvær,Certain,,1754441839000,6.823856120609264,60.48377145782033,6.836791862242444,60.47318852151293,6.830323,60.47849,Rv,13,,1754434833000,,0.0,1754441852000,1754441852000,1754434639000,,1754427633000,1754434652000,1754434652000,Uvær,2025-08-06
928,46_RV13_S32,0.11091486904024019,51696.65386824019,6732583.528745706,-481492992,4fd7ff1b-64d1-4b58-ada4-48d64e377861_2,NPRA_HBT_06-08-2025.126234,2,"Rv. 13 Hardangerbrua i Ulvik/Eidfjord, Vestland","Sterk vind, fare for stengt veg.",,,uvær,uvær,uvær,Certain,,1754441839000,6.823856120609264,60.48377145782033,6.836791862242444,60.47318852151293,6.830323,60.47849,Rv,13,,1754434833000,,0.0,1754441852000,1754441852000,1754434639000,,1754427633000,1754434652000,1754434652000,Uvær,2025-08-06
929,46_RV13_S32,0.11091486904024019,51696.65386824019,6732583.528745706,-481394688,eacb74e5-33cf-4ae9-b6d9-67fbc72a603f_1,NPRA_HBT_06-08-2025.126237,1,"Rv. 13 Hardangerbrua i Ulvik/Eidfjord, Vestland","Sterk vind, fare for stengt veg.",,,uvær,uvær,uvær,Certain,,1754442275000,6.823856120609264,60.48377145782033,6.836791862242444,60.47318852151293,6.830323,60.47849,Rv,13,,1754435733000,,0.0,1754442302000,1754442302000,1754435075000,,1754428533000,1754435102000,1754435102000,Uvær,2025-08-06
930,46_RV13_S32,0.11091486904024019,51696.65386824019,6732583.528745706,-481394688,eacb74e5-33cf-4ae9-b6d9-67fbc72a603f_2,NPRA_HBT_06-08-2025.126237,2,"Rv. 13 Hardangerbrua i Ulvik/Eidfjord, Vestland","Sterk vind, fare for stengt veg.",,,uvær,uvær,uvær,Certain,,1754442275000,6.823856120609264,60.48377145782033,6.836791862242444,60.47318852151293,6.830323,60.47849,Rv,13,,1754435733000,,0.0,1754442302000,1754442302000,1754435075000,,1754428533000,1754435102000,1754435102000,Uvær,2025-08-06
931,46_RV13_S32,0.11091486904024019,51696.65386824019,6732583.528745706,-480968704,b2c129cd-8a74-4e63-b391-b5171da007d5_1,NPRA_HBT_06-08-2025.126250,1,"Rv. 13 Hardangerbrua i Ulvik/Eidfjord, Vestland","Sterk vind, fare for stengt veg.",,,uvær,uvær,uvær,Certain,,1754447514000,6.823856120609264,60.48377145782033,6.836791862242444,60.47318852151293,6.830323,60.47849,Rv,13,,1754441134000,,0.0,1754447522000,1754447522000,1754440314000,,1754433934000,1754440322000,1754440322000,Uvær,2025-08-06
932,46_RV13_S32,0.11091486904024019,51696.65386824019,6732583.528745706,-480968704,b2c129cd-8a74-4e63-b391-b5171da007d5_2,NPRA_HBT_06-08-2025.126250,2,"Rv. 13 Hardangerbrua i Ulvik/Eidfjord, Vestland","Sterk vind, fare for stengt veg.",,,uvær,uvær,uvær,Certain,,1754447514000,6.823856120609264,60.48377145782033,6.836791862242444,60.47318852151293,6.830323,60.47849,Rv,13,,1754441134000,,0.0,1754447522000,1754447522000,1754440314000,,1754433934000,1754440322000,1754440322000,Uvær,2025-08-06
933,46_RV13_S32,0.11091486904024019,51696.65386824019,6732583.528745706,-480280576,e4ac1375-8262-43a6-a460-4ae187e88338_1,NPRA_HBT_06-08-2025.126271,1,"Rv. 13 Hardangerbrua i Ulvik/Eidfjord, Vestland","Sterk vind, fare for stengt veg.",,,uvær,uvær,uvær,Certain,,1754456613000,6.823856120609264,60.48377145782033,6.836791862242444,60.47318852151293,6.830323,60.47849,Rv,13,,1754450133000,,0.0,1754456643000,1754456643000,1754449413000,,1754442933000,1754449443000,1754449443000,Uvær,2025-08-06
934,46_RV13_S32,0.11091486904024019,51696.65386824019,6732583.528745706,-480280576,e4ac1375-8262-43a6-a460-4ae187e88338_2,NPRA_HBT_06-08-2025.126271,2,"Rv. 13 Hardangerbrua i Ulvik/Eidfjord, Vestland","Sterk vind, fare for stengt veg.",,,uvær,uvær,uvær,Certain,,1754456613000,6.823856120609264,60.48377145782033,6.836791862242444,60.47318852151293,6.830323,60.47849,Rv,13,,1754450133000,,0.0,1754456643000,1754456643000,1754449413000,,1754442933000,1754449443000,1754449443000,Uvær,2025-08-06
935,46_RV13_S32,0.11091486904024019,51696.65386824019,6732583.528745706,-479821824,b03e21ab-82ac-403b-96f4-f81020cef739_1,NPRA_HBT_06-08-2025.126285,1,"Rv. 13 Hardangerbrua i Ulvik/Eidfjord, Vestland","Sterk vind, fare for stengt veg.",,,uvær,uvær,uvær,Certain,,1754460343000,6.823856120609264,60.48377145782033,6.836791862242444,60.47318852151293,6.830323,60.47849,Rv,13,,1754453732000,,0.0,1754460364000,1754460364000,1754453143000,,1754446532000,1754453164000,1754453164000,Uvær,2025-08-06
936,46_RV13_S32,0.11091486904024019,51696.65386824019,6732583.528745706,-479821824,b03e21ab-82ac-403b-96f4-f81020cef739_2,NPRA_HBT_06-08-2025.126285,2,"Rv. 13 Hardangerbrua i Ulvik/Eidfjord, Vestland","Sterk vind, fare for stengt veg.",,,uvær,uvær,uvær,Certain,,1754460343000,6.823856120609264,60.48377145782033,6.836791862242444,60.47318852151293,6.830323,60.47849,Rv,13,,1754453732000,,0.0,1754460364000,1754460364000,1754453143000,,1754446532000,1754453164000,1754453164000,Uvær,2025-08-06
937,46_RV13_S32,0.11091486904024019,51696.65386824019,6732583.528745706,-479723520,6cafdf74-5141-447f-a430-dcbfc035a3bb_1,NPRA_HBT_06-08-2025.126288,1,"Rv. 13 Hardangerbrua i Ulvik/Eidfjord, Vestland","Sterk vind, fare for stengt veg.",,,uvær,uvær,uvær,Certain,,1754461173000,6.823856120609264,60.48377145782033,6.836791862242444,60.47318852151293,6.830323,60.47849,Rv,13,,1754454633000,,0.0,1754461203000,1754461203000,1754453973000,,1754447433000,1754454003000,1754454003000,Uvær,2025-08-06
938,46_RV13_S32,0.11091486904024019,51696.65386824019,6732583.528745706,-479723520,6cafdf74-5141-447f-a430-dcbfc035a3bb_2,NPRA_HBT_06-08-2025.126288,2,"Rv. 13 Hardangerbrua i Ulvik/Eidfjord, Vestland","Sterk vind, fare for stengt veg.",,,uvær,uvær,uvær,Certain,,1754461173000,6.823856120609264,60.48377145782033,6.836791862242444,60.47318852151293,6.830323,60.47849,Rv,13,,1754454633000,,0.0,1754461203000,1754461203000,1754453973000,,1754447433000,1754454003000,1754454003000,Uvær,2025-08-06
939,46_RV13_S32,0.11091486904024019,51696.65386824019,6732583.528745706,-479461376,b6eaf0d1-0cdc-4882-a4e8-a8fecba8fa48_1,NPRA_HBT_06-08-2025.126296,1,"Rv. 13 Hardangerbrua i Ulvik/Eidfjord, Vestland","Sterk vind, fare for stengt veg.",,,uvær,uvær,uvær,Certain,,1754462147000,6.823856120609264,60.48377145782033,6.836791862242444,60.47318852151293,6.830323,60.47849,Rv,13,,1754455533000,,0.0,1754462163000,1754462163000,1754454947000,,1754448333000,1754454963000,1754454963000,Uvær,2025-08-06
940,46_RV13_S32,0.11091486904024019,51696.65386824019,6732583.528745706,-479461376,b6eaf0d1-0cdc-4882-a4e8-a8fecba8fa48_2,NPRA_HBT_06-08-2025.126296,2,"Rv. 13 Hardangerbrua i Ulvik/Eidfjord, Vestland","Sterk vind, fare for stengt veg.",,,uvær,uvær,uvær,Certain,,1754462147000,6.823856120609264,60.48377145782033,6.836791862242444,60.47318852151293,6.830323,60.47849,Rv,13,,1754455533000,,0.0,1754462163000,1754462163000,1754454947000,,1754448333000,1754454963000,1754454963000,Uvær,2025-08-06
941,46_RV13_S32,0.11091486904024019,51696.65386824019,6732583.528745706,-478642176,800c8010-5cf5-4673-adbb-9fa2811dfeab_1,NPRA_HBT_06-08-2025.126321,1,"Rv. 13 Hardangerbrua i Ulvik/Eidfjord, Vestland","Sterk vind, fare for stengt veg.",,,uvær,uvær,uvær,Certain,,1754465557000,6.823856120609264,60.48377145782033,6.836791862242444,60.47318852151293,6.830323,60.47849,Rv,13,,1754459132000,,0.0,1754465585000,1754465585000,1754458357000,,1754451932000,1754458385000,1754458385000,Uvær,2025-08-06
942,46_RV13_S32,0.11091486904024019,51696.65386824019,6732583.528745706,-478642176,800c8010-5cf5-4673-adbb-9fa2811dfeab_2,NPRA_HBT_06-08-2025.126321,2,"Rv. 13 Hardangerbrua i Ulvik/Eidfjord, Vestland","Sterk vind, fare for stengt veg.",,,uvær,uvær,uvær,Certain,,1754465557000,6.823856120609264,60.48377145782033,6.836791862242444,60.47318852151293,6.830323,60.47849,Rv,13,,1754459132000,,0.0,1754465585000,1754465585000,1754458357000,,1754451932000,1754458385000,1754458385000,Uvær,2025-08-06
943,46_RV13_S32,0.11091486904024019,51696.65386824019,6732583.528745706,-477921280,917e1207-91b1-498b-b1b2-5c84e9eb8649_1,NPRA_HBT_06-08-2025.126343,1,"Rv. 13 Hardangerbrua i Ulvik/Eidfjord, Vestland","Sterk vind, fare for stengt veg.",,,uvær,uvær,uvær,Certain,,1754467677000,6.823856120609264,60.48377145782033,6.836791862242444,60.47318852151293,6.830323,60.47849,Rv,13,,1754460933000,,0.0,1754467683000,1754467683000,1754460477000,,1754453733000,1754460483000,1754460483000,Uvær,2025-08-06
944,46_RV13_S32,0.11091486904024019,51696.65386824019,6732583.528745706,-477921280,917e1207-91b1-498b-b1b2-5c84e9eb8649_2,NPRA_HBT_06-08-2025.126343,2,"Rv. 13 Hardangerbrua i Ulvik/Eidfjord, Vestland","Sterk vind, fare for stengt veg.",,,uvær,uvær,uvær,Certain,,1754467677000,6.823856120609264,60.48377145782033,6.836791862242444,60.47318852151293,6.830323,60.47849,Rv,13,,1754460933000,,0.0,1754467683000,1754467683000,1754460477000,,1754453733000,1754460483000,1754460483000,Uvær,2025-08-06
945,46_RV13_S32,0.11091486904024019,51696.65386824019,6732583.528745706,-477790208,ab512090-4e11-4dc5-88ed-be2e03e5d690_1,NPRA_HBT_06-08-2025.126347,1,"Rv. 13 Hardangerbrua i Ulvik/Eidfjord, Vestland","Sterk vind, fare for stengt veg.",,,uvær,uvær,uvær,Certain,,1754468351000,6.823856120609264,60.48377145782033,6.836791862242444,60.47318852151293,6.830323,60.47849,Rv,13,,1754461832000,,0.0,1754468373000,1754468373000,1754461151000,,1754454632000,1754461173000,1754461173000,Uvær,2025-08-06
946,46_RV13_S32,0.11091486904024019,51696.65386824019,6732583.528745706,-477790208,ab512090-4e11-4dc5-88ed-be2e03e5d690_2,NPRA_HBT_06-08-2025.126347,2,"Rv. 13 Hardangerbrua i Ulvik/Eidfjord, Vestland","Sterk vind, fare for stengt veg.",,,uvær,uvær,uvær,Certain,,1754468351000,6.823856120609264,60.48377145782033,6.836791862242444,60.47318852151293,6.830323,60.47849,Rv,13,,1754461832000,,0.0,1754468373000,1754468373000,1754461151000,,1754454632000,1754461173000,1754461173000,Uvær,2025-08-06
947,46_RV13_S32,0.11091486904024019,51696.65386824019,6732583.528745706,-477200384,c885c0be-65fc-4256-8a44-9b86fe8e2771_1,NPRA_HBT_06-08-2025.126365,1,"Rv. 13 Hardangerbrua i Ulvik/Eidfjord, Vestland","Sterk vind, fare for stengt veg.",,,uvær,uvær,uvær,Certain,,1754470176000,6.823856120609264,60.48377145782033,6.836791862242444,60.47318852151293,6.830323,60.47849,Rv,13,,1754463632000,,0.0,1754470203000,1754470203000,1754462976000,,1754456432000,1754463003000,1754463003000,Uvær,2025-08-06
948,46_RV13_S32,0.11091486904024019,51696.65386824019,6732583.528745706,-477200384,c885c0be-65fc-4256-8a44-9b86fe8e2771_2,NPRA_HBT_06-08-2025.126365,2,"Rv. 13 Hardangerbrua i Ulvik/Eidfjord, Vestland","Sterk vind, fare for stengt veg.",,,uvær,uvær,uvær,Certain,,1754470176000,6.823856120609264,60.48377145782033,6.836791862242444,60.47318852151293,6.830323,60.47849,Rv,13,,1754463632000,,0.0,1754470203000,1754470203000,1754462976000,,1754456432000,1754463003000,1754463003000,Uvær,2025-08-06
949,46_RV13_S32,0.11091486904024019,51696.65386824019,6732583.528745706,-475758592,8c92aa34-128f-40fc-b036-57db06161b92_1,NPRA_HBT_06-08-2025.126409,1,"Rv. 13 Hardangerbrua i Ulvik/Eidfjord, Vestland","Sterk vind, fare for stengt veg.",,,uvær,uvær,uvær,Certain,,1754473221000,6.823856120609264,60.48377145782033,6.836791862242444,60.47318852151293,6.830323,60.47849,Rv,13,,1754466333000,,0.0,1754473233000,1754473233000,1754466021000,,1754459133000,1754466033000,1754466033000,Uvær,2025-08-06
950,46_RV13_S32,0.11091486904024019,51696.65386824019,6732583.528745706,-475758592,8c92aa34-128f-40fc-b036-57db06161b92_2,NPRA_HBT_06-08-2025.126409,2,"Rv. 13 Hardangerbrua i Ulvik/Eidfjord, Vestland","Sterk vind, fare for stengt veg.",,,uvær,uvær,uvær,Certain,,1754473221000,6.823856120609264,60.48377145782033,6.836791862242444,60.47318852151293,6.830323,60.47849,Rv,13,,1754466333000,,0.0,1754473233000,1754473233000,1754466021000,,1754459133000,1754466033000,1754466033000,Uvær,2025-08-06
951,46_RV13_S32,0.11091486904024019,51696.65386824019,6732583.528745706,-475234304,408c2ac8-0fc9-4f6b-a0c5-2e1eac430224_1,NPRA_HBT_06-08-2025.126425,1,"Rv. 13 Hardangerbrua i Ulvik/Eidfjord, Vestland","Sterk vind, fare for stengt veg.",,,uvær,uvær,uvær,Certain,,1754474506000,6.823856120609264,60.48377145782033,6.836791862242444,60.47318852151293,6.830323,60.47849,Rv,13,,1754468132000,,0.0,1754474523000,1754474523000,1754467306000,,1754460932000,1754467323000,1754467323000,Uvær,2025-08-06
952,46_RV13_S32,0.11091486904024019,51696.65386824019,6732583.528745706,-475234304,408c2ac8-0fc9-4f6b-a0c5-2e1eac430224_2,NPRA_HBT_06-08-2025.126425,2,"Rv. 13 Hardangerbrua i Ulvik/Eidfjord, Vestland","Sterk vind, fare for stengt veg.",,,uvær,uvær,uvær,Certain,,1754474506000,6.823856120609264,60.48377145782033,6.836791862242444,60.47318852151293,6.830323,60.47849,Rv,13,,1754468132000,,0.0,1754474523000,1754474523000,1754467306000,,1754460932000,1754467323000,1754467323000,Uvær,2025-08-06
953,46_RV13_S32,0.11091486904024019,51696.65386824019,6732583.528745706,-464060416,94de23ab-e466-480b-95f4-df0152513188_1,NPRA_HBT_06-08-2025.126766,1,"Rv. 13 Hardangerbrua i Ulvik/Eidfjord, Vestland","Sterk vind, fare for stengt veg.",,,uvær,uvær,uvær,Certain,,1754507579000,6.823856120609264,60.48377145782033,6.836791862242444,60.47318852151293,6.830323,60.47849,Rv,13,,1754500533000,,0.0,1754507585000,1754507585000,1754500379000,,1754493333000,1754500385000,1754500385000,Uvær,2025-08-06
954,46_RV13_S32,0.11091486904024019,51696.65386824019,6732583.528745706,-464060416,94de23ab-e466-480b-95f4-df0152513188_2,NPRA_HBT_06-08-2025.126766,2,"Rv. 13 Hardangerbrua i Ulvik/Eidfjord, Vestland","Sterk vind, fare for stengt veg.",,,uvær,uvær,uvær,Certain,,1754507579000,6.823856120609264,60.48377145782033,6.836791862242444,60.47318852151293,6.830323,60.47849,Rv,13,,1754500533000,,0.0,1754507585000,1754507585000,1754500379000,,1754493333000,1754500385000,1754500385000,Uvær,2025-08-06
955,46_RV13_S32,0.11091486904024019,51696.65386824019,6732583.528745706,-463929344,0107c47f-bf03-4924-92ca-214f38f9e3b1_1,NPRA_HBT_06-08-2025.126770,1,"Rv. 13 Hardangerbrua i Ulvik/Eidfjord, Vestland","Sterk vind, fare for stengt veg.",,,uvær,uvær,uvær,Certain,,1754508429000,6.823856120609264,60.48377145782033,6.836791862242444,60.47318852151293,6.830323,60.47849,Rv,13,,1754501433000,,0.0,1754508453000,1754508453000,1754501229000,,1754494233000,1754501253000,1754501253000,Uvær,2025-08-06
956,46_RV13_S32,0.11091486904024019,51696.65386824019,6732583.528745706,-463929344,0107c47f-bf03-4924-92ca-214f38f9e3b1_2,NPRA_HBT_06-08-2025.126770,2,"Rv. 13 Hardangerbrua i Ulvik/Eidfjord, Vestland","Sterk vind, fare for stengt veg.",,,uvær,uvær,uvær,Certain,,1754508429000,6.823856120609264,60.48377145782033,6.836791862242444,60.47318852151293,6.830323,60.47849,Rv,13,,1754501433000,,0.0,1754508453000,1754508453000,1754501229000,,1754494233000,1754501253000,1754501253000,Uvær,2025-08-06
957,46_RV13_S32,0.11091486904024019,51696.65386824019,6732583.528745706,-463372288,ba2d1629-3abb-4b6a-8bce-a6a908486c14_1,NPRA_HBT_06-08-2025.126787,1,"Rv. 13 Hardangerbrua i Ulvik/Eidfjord, Vestland","Sterk vind, fare for stengt veg.",,,uvær,uvær,uvær,Certain,,1754510993000,6.823856120609264,60.48377145782033,6.836791862242444,60.47318852151293,6.830323,60.47849,Rv,13,,1754504130000,,0.0,1754511003000,1754511003000,1754503793000,,1754496930000,1754503803000,1754503803000,Uvær,2025-08-06
958,46_RV13_S32,0.11091486904024019,51696.65386824019,6732583.528745706,-463372288,ba2d1629-3abb-4b6a-8bce-a6a908486c14_2,NPRA_HBT_06-08-2025.126787,2,"Rv. 13 Hardangerbrua i Ulvik/Eidfjord, Vestland","Sterk vind, fare for stengt veg.",,,uvær,uvær,uvær,Certain,,1754510993000,6.823856120609264,60.48377145782033,6.836791862242444,60.47318852151293,6.830323,60.47849,Rv,13,,1754504130000,,0.0,1754511003000,1754511003000,1754503793000,,1754496930000,1754503803000,1754503803000,Uvær,2025-08-06
961,46_RV13_S32,0.11091486904024019,51696.65386824019,6732583.528745706,-1750532096,9fd1bcba-c25f-4835-8744-802342c23db6_1,NPRA_HBT_15-08-2025.131474,1,"Rv. 13 Hardangerbrua i Ulvik/Eidfjord, Vestland","Sterk vind, fare for stengt veg.",,,uvær,uvær,uvær,Certain,,1755261609000,6.823856120609264,60.48377145782033,6.836791862242444,60.47318852151293,6.830323,60.47849,Rv,13,,1755254485000,,0.0,1755261635000,1755261635000,1755254409000,,1755247285000,1755254435000,1755254435000,Uvær,2025-08-15
962,46_RV13_S32,0.11091486904024019,51696.65386824019,6732583.528745706,-1750532096,9fd1bcba-c25f-4835-8744-802342c23db6_2,NPRA_HBT_15-08-2025.131474,2,"Rv. 13 Hardangerbrua i Ulvik/Eidfjord, Vestland","Sterk vind, fare for stengt veg.",,,uvær,uvær,uvær,Certain,,1755261609000,6.823856120609264,60.48377145782033,6.836791862242444,60.47318852151293,6.830323,60.47849,Rv,13,,1755254485000,,0.0,1755261635000,1755261635000,1755254409000,,1755247285000,1755254435000,1755254435000,Uvær,2025-08-15
963,46_RV13_S32,0.11091486904024019,51696.65386824019,6732583.528745706,-1749909504,077396f5-23e6-4e97-bdab-a61fd4ca6650_1,NPRA_HBT_15-08-2025.131493,1,"Rv. 13 Hardangerbrua i Ulvik/Eidfjord, Vestland","Sterk vind, fare for stengt veg.",,,uvær,uvær,uvær,Certain,,1755263215000,6.823856120609264,60.48377145782033,6.836791862242444,60.47318852151293,6.830323,60.47849,Rv,13,,1755256290000,,0.0,1755263225000,1755263225000,1755256015000,,1755249090000,1755256025000,1755256025000,Uvær,2025-08-15
964,46_RV13_S32,0.11091486904024019,51696.65386824019,6732583.528745706,-1749909504,077396f5-23e6-4e97-bdab-a61fd4ca6650_2,NPRA_HBT_15-08-2025.131493,2,"Rv. 13 Hardangerbrua i Ulvik/Eidfjord, Vestland","Sterk vind, fare for stengt veg.",,,uvær,uvær,uvær,Certain,,1755263215000,6.823856120609264,60.48377145782033,6.836791862242444,60.47318852151293,6.830323,60.47849,Rv,13,,1755256290000,,0.0,1755263225000,1755263225000,1755256015000,,1755249090000,1755256025000,1755256025000,Uvær,2025-08-15
965,46_RV13_S32,0.11091486904024019,51696.65386824019,6732583.528745706,-1747582976,2e7b7262-bb87-48cc-b856-ba3ae5bc76e9_1,NPRA_HBT_15-08-2025.131564,1,"Rv. 13 Hardangerbrua i Ulvik/Eidfjord, Vestland","Sterk vind, fare for stengt veg.",,,uvær,uvær,uvær,Certain,,1755268785000,6.823856120609264,60.48377145782033,6.836791862242444,60.47318852151293,6.830323,60.47849,Rv,13,,1755261685000,,0.0,1755268803000,1755268803000,1755261585000,,1755254485000,1755261603000,1755261603000,Uvær,2025-08-15
966,46_RV13_S32,0.11091486904024019,51696.65386824019,6732583.528745706,-1747582976,2e7b7262-bb87-48cc-b856-ba3ae5bc76e9_2,NPRA_HBT_15-08-2025.131564,2,"Rv. 13 Hardangerbrua i Ulvik/Eidfjord, Vestland","Sterk vind, fare for stengt veg.",,,uvær,uvær,uvær,Certain,,1755268785000,6.823856120609264,60.48377145782033,6.836791862242444,60.47318852151293,6.830323,60.47849,Rv,13,,1755261685000,,0.0,1755268803000,1755268803000,1755261585000,,1755254485000,1755261603000,1755261603000,Uvær,2025-08-15
968,46_RV13_S26,0.08644899345888443,30205.981699935044,6682600.214635355,829292544,2b4695f3-5d2b-44fc-8601-a1c788f10359_1,NPRA_HBT_27-08-2025.137756,1,"Rv. 13 Stegabekken i Ullensvang, Vestland","Steinskred/steinsprang, ett påvirket kjørefelt.",,,steinskred,steinskred,steinskred,Certain,1756319463000.0,1756312263000,,,,,6.5594444,60.010204,Rv,13,,1756305627000,,1.0,1756312354000,1756312354000,1756305063000,1756312263000.0,1756298427000,1756305154000,1756305154000,Steinsprang,2025-08-27
969,46_RV13_S26,0.08644899345888443,30205.981699935044,6682600.214635355,829292544,2b4695f3-5d2b-44fc-8601-a1c788f10359_2,NPRA_HBT_27-08-2025.137756,2,"Rv. 13 Stegabekken i Ullensvang, Vestland","Steinskred/steinsprang, ett påvirket kjørefelt.",,,steinskred,steinskred,steinskred,Certain,1756319463000.0,1756312263000,,,,,6.5594444,60.010204,Rv,13,,1756305627000,,1.0,1756312354000,1756313368000,1756305063000,1756312263000.0,1756298427000,1756305154000,1756306168000,Steinsprang,2025-08-27
971,46_RV13_S32,0.11091486904024019,51696.65386824019,6732583.528745706,235372544,c3471941-3401-424f-b5e8-2013ce36c610_1,NPRA_HBT_03-09-2025.141391,1,"Rv. 13 Hardangerbrua i Ulvik/Eidfjord, Vestland","Sterk vind, fare for stengt veg.",,,uvær,uvær,uvær,Certain,,1756924142000,6.823856120609264,60.48377145782033,6.836791862242444,60.47318852151293,6.830323,60.47849,Rv,13,,1756917743000,,0.0,1756924174000,1756924174000,1756916942000,,1756910543000,1756916974000,1756916974000,Uvær,2025-09-03
972,46_RV13_S32,0.11091486904024019,51696.65386824019,6732583.528745706,235372544,c3471941-3401-424f-b5e8-2013ce36c610_2,NPRA_HBT_03-09-2025.141391,2,"Rv. 13 Hardangerbrua i Ulvik/Eidfjord, Vestland","Sterk vind, fare for stengt veg.",,,uvær,uvær,uvær,Certain,,1756924142000,6.823856120609264,60.48377145782033,6.836791862242444,60.47318852151293,6.830323,60.47849,Rv,13,,1756917743000,,0.0,1756924174000,1756924174000,1756916942000,,1756910543000,1756916974000,1756916974000,Uvær,2025-09-03
973,46_RV13_S32,0.11091486904024019,51696.65386824019,6732583.528745706,235700224,5257c8ff-556b-4520-98bb-a62c48a429b7_1,NPRA_HBT_03-09-2025.141401,1,"Rv. 13 Hardangerbrua i Ulvik/Eidfjord, Vestland","Sterk vind, fare for stengt veg.",,,uvær,uvær,uvær,Certain,,1756925655000,6.823856120609264,60.48377145782033,6.836791862242444,60.47318852151293,6.830323,60.47849,Rv,13,,1756918641000,,0.0,1756925674000,1756925674000,1756918455000,,1756911441000,1756918474000,1756918474000,Uvær,2025-09-03
974,46_RV13_S32,0.11091486904024019,51696.65386824019,6732583.528745706,235700224,5257c8ff-556b-4520-98bb-a62c48a429b7_2,NPRA_HBT_03-09-2025.141401,2,"Rv. 13 Hardangerbrua i Ulvik/Eidfjord, Vestland","Sterk vind, fare for stengt veg.",,,uvær,uvær,uvær,Certain,,1756925655000,6.823856120609264,60.48377145782033,6.836791862242444,60.47318852151293,6.830323,60.47849,Rv,13,,1756918641000,,0.0,1756925674000,1756925674000,1756918455000,,1756911441000,1756918474000,1756918474000,Uvær,2025-09-03
975,46_RV13_S32,0.11091486904024019,51696.65386824019,6732583.528745706,236781568,c75d0c2c-b75d-4f49-9013-70a3db34ba3c_1,NPRA_HBT_03-09-2025.141434,1,"Rv. 13 Hardangerbrua i Ulvik/Eidfjord, Vestland","Sterk vind, fare for stengt veg.",,,uvær,uvær,uvær,Certain,,1756930253000,6.823856120609264,60.48377145782033,6.836791862242444,60.47318852151293,6.830323,60.47849,Rv,13,,1756923141000,,0.0,1756930263000,1756930263000,1756923053000,,1756915941000,1756923063000,1756923063000,Uvær,2025-09-03
976,46_RV13_S32,0.11091486904024019,51696.65386824019,6732583.528745706,236781568,c75d0c2c-b75d-4f49-9013-70a3db34ba3c_2,NPRA_HBT_03-09-2025.141434,2,"Rv. 13 Hardangerbrua i Ulvik/Eidfjord, Vestland","Sterk vind, fare for stengt veg.",,,uvær,uvær,uvær,Certain,,1756930253000,6.823856120609264,60.48377145782033,6.836791862242444,60.47318852151293,6.830323,60.47849,Rv,13,,1756923141000,,0.0,1756930263000,1756930263000,1756923053000,,1756915941000,1756923063000,1756923063000,Uvær,2025-09-03
977,46_RV13_S32,0.11091486904024019,51696.65386824019,6732583.528745706,236912640,1a50d209-c679-467c-9acf-e682b43fd959_1,NPRA_HBT_03-09-2025.141438,1,"Rv. 13 Hardangerbrua i Ulvik/Eidfjord, Vestland","Sterk vind, fare for stengt veg.",,,uvær,uvær,uvær,Certain,,1756930889000,6.823856120609264,60.48377145782033,6.836791862242444,60.47318852151293,6.830323,60.47849,Rv,13,,1756924041000,,0.0,1756930925000,1756930925000,1756923689000,,1756916841000,1756923725000,1756923725000,Uvær,2025-09-03
978,46_RV13_S32,0.11091486904024019,51696.65386824019,6732583.528745706,236912640,1a50d209-c679-467c-9acf-e682b43fd959_2,NPRA_HBT_03-09-2025.141438,2,"Rv. 13 Hardangerbrua i Ulvik/Eidfjord, Vestland","Sterk vind, fare for stengt veg.",,,uvær,uvær,uvær,Certain,,1756930889000,6.823856120609264,60.48377145782033,6.836791862242444,60.47318852151293,6.830323,60.47849,Rv,13,,1756924041000,,0.0,1756930925000,1756930925000,1756923689000,,1756916841000,1756923725000,1756923725000,Uvær,2025-09-03
979,46_RV13_S32,0.11091486904024019,51696.65386824019,6732583.528745706,236945408,6aa74d8d-364c-4e2b-8f37-64f3ff3fee23_1,NPRA_HBT_03-09-2025.141439,1,"Rv. 13 Hardangerbrua i Ulvik/Eidfjord, Vestland","Sterk vind, fare for stengt veg.",,,uvær,uvær,uvær,Certain,,1756931374000,6.823856120609264,60.48377145782033,6.836791862242444,60.47318852151293,6.830323,60.47849,Rv,13,,1756924941000,,0.0,1756931406000,1756931406000,1756924174000,,1756917741000,1756924206000,1756924206000,Uvær,2025-09-03
980,46_RV13_S32,0.11091486904024019,51696.65386824019,6732583.528745706,236945408,6aa74d8d-364c-4e2b-8f37-64f3ff3fee23_2,NPRA_HBT_03-09-2025.141439,2,"Rv. 13 Hardangerbrua i Ulvik/Eidfjord, Vestland","Sterk vind, fare for stengt veg.",,,uvær,uvær,uvær,Certain,,1756931374000,6.823856120609264,60.48377145782033,6.836791862242444,60.47318852151293,6.830323,60.47849,Rv,13,,1756924941000,,0.0,1756931406000,1756931406000,1756924174000,,1756917741000,1756924206000,1756924206000,Uvær,2025-09-03
983,46_RV13_S32,0.11091486904024019,51696.65386824019,6732583.528745706,237862912,6bfcda1b-4d46-44ab-ba91-7afb7ed182a7_1,NPRA_HBT_03-09-2025.141467,1,"Rv. 13 Hardangerbrua i Ulvik/Eidfjord, Vestland","Sterk vind, fare for stengt veg.",,,uvær,uvær,uvær,Certain,,1756933633000,6.823856120609264,60.48377145782033,6.836791862242444,60.47318852151293,6.830323,60.47849,Rv,13,,1756926741000,,0.0,1756933655000,1756933655000,1756926433000,,1756919541000,1756926455000,1756926455000,Uvær,2025-09-03
984,46_RV13_S32,0.11091486904024019,51696.65386824019,6732583.528745706,237862912,6bfcda1b-4d46-44ab-ba91-7afb7ed182a7_2,NPRA_HBT_03-09-2025.141467,2,"Rv. 13 Hardangerbrua i Ulvik/Eidfjord, Vestland","Sterk vind, fare for stengt veg.",,,uvær,uvær,uvær,Certain,,1756933633000,6.823856120609264,60.48377145782033,6.836791862242444,60.47318852151293,6.830323,60.47849,Rv,13,,1756926741000,,0.0,1756933655000,1756933655000,1756926433000,,1756919541000,1756926455000,1756926455000,Uvær,2025-09-03
985,46_RV13_S32,0.11091486904024019,51696.65386824019,6732583.528745706,238714880,ad54f98f-aa30-45cd-b389-89bddd34d278_1,NPRA_HBT_03-09-2025.141493,1,"Rv. 13 Hardangerbrua i Ulvik/Eidfjord, Vestland","Sterk vind, fare for stengt veg.",,,uvær,uvær,uvær,Certain,,1756936259000,6.823856120609264,60.48377145782033,6.836791862242444,60.47318852151293,6.830323,60.47849,Rv,13,,1756929441000,,0.0,1756936264000,1756936264000,1756929059000,,1756922241000,1756929064000,1756929064000,Uvær,2025-09-03
986,46_RV13_S32,0.11091486904024019,51696.65386824019,6732583.528745706,238714880,ad54f98f-aa30-45cd-b389-89bddd34d278_2,NPRA_HBT_03-09-2025.141493,2,"Rv. 13 Hardangerbrua i Ulvik/Eidfjord, Vestland","Sterk vind, fare for stengt veg.",,,uvær,uvær,uvær,Certain,,1756936259000,6.823856120609264,60.48377145782033,6.836791862242444,60.47318852151293,6.830323,60.47849,Rv,13,,1756929441000,,0.0,1756936264000,1756936264000,1756929059000,,1756922241000,1756929064000,1756929064000,Uvær,2025-09-03
987,46_RV13_S32,0.11091486904024019,51696.65386824019,6732583.528745706,239140864,d11634a8-66d2-4fc4-8203-82d8da5305dd_1,NPRA_HBT_03-09-2025.141506,1,"Rv. 13 Hardangerbrua i Ulvik/Eidfjord, Vestland","Sterk vind, fare for stengt veg.",,,uvær,uvær,uvær,Certain,,1756937868000,6.823856120609264,60.48377145782033,6.836791862242444,60.47318852151293,6.830323,60.47849,Rv,13,,1756931241000,,0.0,1756937884000,1756937884000,1756930668000,,1756924041000,1756930684000,1756930684000,Uvær,2025-09-03
988,46_RV13_S32,0.11091486904024019,51696.65386824019,6732583.528745706,239140864,d11634a8-66d2-4fc4-8203-82d8da5305dd_2,NPRA_HBT_03-09-2025.141506,2,"Rv. 13 Hardangerbrua i Ulvik/Eidfjord, Vestland","Sterk vind, fare for stengt veg.",,,uvær,uvær,uvær,Certain,,1756937868000,6.823856120609264,60.48377145782033,6.836791862242444,60.47318852151293,6.830323,60.47849,Rv,13,,1756931241000,,0.0,1756937884000,1756937884000,1756930668000,,1756924041000,1756930684000,1756930684000,Uvær,2025-09-03
989,46_RV13_S32,0.11091486904024019,51696.65386824019,6732583.528745706,239435776,bb2d1925-8dcb-4f7f-8dea-08cc0eadf9c9_1,NPRA_HBT_03-09-2025.141515,1,"Rv. 13 Hardangerbrua i Ulvik/Eidfjord, Vestland","Sterk vind, fare for stengt veg.",,,uvær,uvær,uvær,Certain,,1756938743000,6.823856120609264,60.48377145782033,6.836791862242444,60.47318852151293,6.830323,60.47849,Rv,13,,1756932141000,,0.0,1756938752000,1756938752000,1756931543000,,1756924941000,1756931552000,1756931552000,Uvær,2025-09-03
990,46_RV13_S32,0.11091486904024019,51696.65386824019,6732583.528745706,239435776,bb2d1925-8dcb-4f7f-8dea-08cc0eadf9c9_2,NPRA_HBT_03-09-2025.141515,2,"Rv. 13 Hardangerbrua i Ulvik/Eidfjord, Vestland","Sterk vind, fare for stengt veg.",,,uvær,uvær,uvær,Certain,,1756938743000,6.823856120609264,60.48377145782033,6.836791862242444,60.47318852151293,6.830323,60.47849,Rv,13,,1756932141000,,0.0,1756938752000,1756938752000,1756931543000,,1756924941000,1756931552000,1756931552000,Uvær,2025-09-03
991,46_RV13_S29,0.05125774151268506,39008.391697664745,6714530.394928566,-1349091328,d0fc3a7c-4cb7-46db-8b4a-869fbe26e1ea_1,NPRA_HBT_04-09-2025.141613,1,"Rv. 13 Holmane i Ullensvang, Vestland",Steinskred/steinsprang.,,,steinskred,steinskred,steinskred,Certain,1756973380000.0,1756966180000,,,,,6.643438,60.303844,Rv,13,,1756959820000,,0.0,1756966334000,1756966334000,1756958980000,1756966180000.0,1756952620000,1756959134000,1756959134000,Steinsprang,2025-09-04
992,46_RV13_S25,0.24523946536942406,30648.53558758658,6675686.622619205,-1348206592,c724d061-c3c2-4cfc-adf7-69e8cc0e8d9c_1,NPRA_HBT_04-09-2025.141640,1,"Rv. 13 Låtefoss i Ullensvang, Vestland - rv. 13 Låtefoss i Ullensvang, Vestland",Steinskred/steinsprang.,,,steinskred,steinskred,steinskred,Certain,1756990800000.0,1756969265000,6.584022530639022,59.94768501559602,6.582247741796264,59.95096183807829,6.5830097,59.9493,Rv,13,,1756962518000,,0.0,1756969459000,1756969459000,1756962065000,1756983600000.0,1756955318000,1756962259000,1756962259000,Steinsprang,2025-09-04
994,46_RV13_S21,0.05070568759234585,39139.98615840101,6658599.444610679,-1770192896,524335e9-b93f-4c3d-860e-25e98c9efdd4_1,NPRA_HBT_07-09-2025.143418,1,"Rv. 13 Hårajuvet i Ullensvang, Vestland",Steinskred/steinsprang.,,,steinskred,steinskred,steinskred,Certain,1757281265000.0,1757274065000,,,,,6.771307,59.80703,Rv,13,,1757267936000,,0.0,1757274353000,1757274353000,1757266865000,1757274065000.0,1757260736000,1757267153000,1757267153000,Steinsprang,2025-09-07
995,46_RV13_S32,0.11091486904024019,51696.65386824019,6732583.528745706,938147840,c7f2312d-f368-44ad-b4cf-c876d0daf726_1,NPRA_HBT_08-09-2025.143574,1,"Rv. 13 Hardangerbrua i Ulvik/Eidfjord, Vestland","Sterk vind, fare for stengt veg.",,,uvær,uvær,uvær,Certain,,1757318326000,6.823856120609264,60.48377145782033,6.836791862242444,60.47318852151293,6.830323,60.47849,Rv,13,,1757311591000,,0.0,1757318345000,1757318345000,1757311126000,,1757304391000,1757311145000,1757311145000,Uvær,2025-09-08
996,46_RV13_S32,0.11091486904024019,51696.65386824019,6732583.528745706,938147840,c7f2312d-f368-44ad-b4cf-c876d0daf726_2,NPRA_HBT_08-09-2025.143574,2,"Rv. 13 Hardangerbrua i Ulvik/Eidfjord, Vestland","Sterk vind, fare for stengt veg.",,,uvær,uvær,uvær,Certain,,1757318326000,6.823856120609264,60.48377145782033,6.836791862242444,60.47318852151293,6.830323,60.47849,Rv,13,,1757311591000,,0.0,1757318345000,1757318345000,1757311126000,,1757304391000,1757311145000,1757311145000,Uvær,2025-09-08
997,46_RV13_S32,0.11091486904024019,51696.65386824019,6732583.528745706,939491328,29332fcb-7155-4860-86bb-9eb26eed00d4_1,NPRA_HBT_08-09-2025.143615,1,"Rv. 13 Hardangerbrua i Ulvik/Eidfjord, Vestland","Sterk vind, fare for stengt veg.",,,uvær,uvær,uvær,Certain,,1757321405000,6.823856120609264,60.48377145782033,6.836791862242444,60.47318852151293,6.830323,60.47849,Rv,13,,1757314289000,,0.0,1757321435000,1757321435000,1757314205000,,1757307089000,1757314235000,1757314235000,Uvær,2025-09-08
998,46_RV13_S32,0.11091486904024019,51696.65386824019,6732583.528745706,939491328,29332fcb-7155-4860-86bb-9eb26eed00d4_2,NPRA_HBT_08-09-2025.143615,2,"Rv. 13 Hardangerbrua i Ulvik/Eidfjord, Vestland","Sterk vind, fare for stengt veg.",,,uvær,uvær,uvær,Certain,,1757321405000,6.823856120609264,60.48377145782033,6.836791862242444,60.47318852151293,6.830323,60.47849,Rv,13,,1757314289000,,0.0,1757321435000,1757321435000,1757314205000,,1757307089000,1757314235000,1757314235000,Uvær,2025-09-08
999,46_RV13_S32,0.11091486904024019,51696.65386824019,6732583.528745706,939819008,18be8176-d496-4b19-b37d-0c9f15422b5e_1,NPRA_HBT_08-09-2025.143625,1,"Rv. 13 Hardangerbrua i Ulvik/Eidfjord, Vestland","Sterk vind, fare for stengt veg.",,,uvær,uvær,uvær,Certain,,1757322035000,6.823856120609264,60.48377145782033,6.836791862242444,60.47318852151293,6.830323,60.47849,Rv,13,,1757315189000,,0.0,1757322064000,1757322064000,1757314835000,,1757307989000,1757314864000,1757314864000,Uvær,2025-09-08
1000,46_RV13_S32,0.11091486904024019,51696.65386824019,6732583.528745706,939819008,18be8176-d496-4b19-b37d-0c9f15422b5e_2,NPRA_HBT_08-09-2025.143625,2,"Rv. 13 Hardangerbrua i Ulvik/Eidfjord, Vestland","Sterk vind, fare for stengt veg.",,,uvær,uvær,uvær,Certain,,1757322035000,6.823856120609264,60.48377145782033,6.836791862242444,60.47318852151293,6.830323,60.47849,Rv,13,,1757315189000,,0.0,1757322064000,1757322064000,1757314835000,,1757307989000,1757314864000,1757314864000,Uvær,2025-09-08
1001,46_RV13_S32,0.11091486904024019,51696.65386824019,6732583.528745706,940408832,3522b8f1-eb85-4d30-a638-1d0e8487d842_1,NPRA_HBT_08-09-2025.143643,1,"Rv. 13 Hardangerbrua i Ulvik/Eidfjord, Vestland","Sterk vind, fare for stengt veg.",,,uvær,uvær,uvær,Certain,,1757324110000,6.823856120609264,60.48377145782033,6.836791862242444,60.47318852151293,6.830323,60.47849,Rv,13,,1757316989000,,0.0,1757324135000,1757324135000,1757316910000,,1757309789000,1757316935000,1757316935000,Uvær,2025-09-08
1002,46_RV13_S32,0.11091486904024019,51696.65386824019,6732583.528745706,940408832,3522b8f1-eb85-4d30-a638-1d0e8487d842_2,NPRA_HBT_08-09-2025.143643,2,"Rv. 13 Hardangerbrua i Ulvik/Eidfjord, Vestland","Sterk vind, fare for stengt veg.",,,uvær,uvær,uvær,Certain,,1757324110000,6.823856120609264,60.48377145782033,6.836791862242444,60.47318852151293,6.830323,60.47849,Rv,13,,1757316989000,,0.0,1757324135000,1757324135000,1757316910000,,1757309789000,1757316935000,1757316935000,Uvær,2025-09-08
1003,46_RV13_S32,0.11091486904024019,51696.65386824019,6732583.528745706,942178304,d8c96fb8-80c5-4228-a9ee-a7a28e09cce2_1,NPRA_HBT_08-09-2025.143697,1,"Rv. 13 Hardangerbrua i Ulvik/Eidfjord, Vestland","Sterk vind, fare for stengt veg.",,,uvær,uvær,uvær,Certain,,1757328530000,6.823856120609264,60.48377145782033,6.836791862242444,60.47318852151293,6.830323,60.47849,Rv,13,,1757321490000,,0.0,1757328542000,1757328542000,1757321330000,,1757314290000,1757321342000,1757321342000,Uvær,2025-09-08
1004,46_RV13_S32,0.11091486904024019,51696.65386824019,6732583.528745706,942178304,d8c96fb8-80c5-4228-a9ee-a7a28e09cce2_2,NPRA_HBT_08-09-2025.143697,2,"Rv. 13 Hardangerbrua i Ulvik/Eidfjord, Vestland","Sterk vind, fare for stengt veg.",,,uvær,uvær,uvær,Certain,,1757328530000,6.823856120609264,60.48377145782033,6.836791862242444,60.47318852151293,6.830323,60.47849,Rv,13,,1757321490000,,0.0,1757328542000,1757328542000,1757321330000,,1757314290000,1757321342000,1757321342000,Uvær,2025-09-08
1005,46_RV13_S32,0.11091486904024019,51696.65386824019,6732583.528745706,2091843584,13f31117-9df6-4fe6-8edc-d0f1e45b2ace_1,NPRA_HBT_10-09-2025.144862,1,"Rv. 13 Hardangerbrua i Ulvik/Eidfjord, Vestland","Sterk vind, fare for stengt veg.",,,uvær,uvær,uvær,Certain,,1757504659000,6.823856120609264,60.48377145782033,6.836791862242444,60.47318852151293,6.830323,60.47849,Rv,13,,1757497828000,,0.0,1757504674000,1757504674000,1757497459000,,1757490628000,1757497474000,1757497474000,Uvær,2025-09-10
1006,46_RV13_S32,0.11091486904024019,51696.65386824019,6732583.528745706,2091843584,13f31117-9df6-4fe6-8edc-d0f1e45b2ace_2,NPRA_HBT_10-09-2025.144862,2,"Rv. 13 Hardangerbrua i Ulvik/Eidfjord, Vestland","Sterk vind, fare for stengt veg.",,,uvær,uvær,uvær,Certain,,1757504659000,6.823856120609264,60.48377145782033,6.836791862242444,60.47318852151293,6.830323,60.47849,Rv,13,,1757497828000,,0.0,1757504674000,1757504674000,1757497459000,,1757490628000,1757497474000,1757497474000,Uvær,2025-09-10
1007,46_RV13_S32,0.11091486904024019,51696.65386824019,6732583.528745706,2093875200,ed6b465b-9bb6-4949-af42-d75a106e8dff_1,NPRA_HBT_10-09-2025.144924,1,"Rv. 13 Hardangerbrua i Ulvik/Eidfjord, Vestland","Sterk vind, fare for stengt veg.",,,uvær,uvær,uvær,Certain,,1757513683000,6.823856120609264,60.48377145782033,6.836791862242444,60.47318852151293,6.830323,60.47849,Rv,13,,1757506826000,,0.0,1757513707000,1757513707000,1757506483000,,1757499626000,1757506507000,1757506507000,Uvær,2025-09-10
1008,46_RV13_S32,0.11091486904024019,51696.65386824019,6732583.528745706,2093875200,ed6b465b-9bb6-4949-af42-d75a106e8dff_2,NPRA_HBT_10-09-2025.144924,2,"Rv. 13 Hardangerbrua i Ulvik/Eidfjord, Vestland","Sterk vind, fare for stengt veg.",,,uvær,uvær,uvær,Certain,,1757513683000,6.823856120609264,60.48377145782033,6.836791862242444,60.47318852151293,6.830323,60.47849,Rv,13,,1757506826000,,0.0,1757513707000,1757513707000,1757506483000,,1757499626000,1757506507000,1757506507000,Uvær,2025-09-10
1009,46_RV13_S32,0.11091486904024019,51696.65386824019,6732583.528745706,2100428800,d6be4a5c-1cb7-4110-827e-b4a2a807a25e_1,NPRA_HBT_10-09-2025.145124,1,"Rv. 13 Hardangerbrua i Ulvik/Eidfjord, Vestland","Sterk vind, fare for stengt veg.",,,uvær,uvær,uvær,Certain,,1757536288000,6.823856120609264,60.48377145782033,6.836791862242444,60.47318852151293,6.830323,60.47849,Rv,13,,1757529326000,,0.0,1757536294000,1757536294000,1757529088000,,1757522126000,1757529094000,1757529094000,Uvær,2025-09-10
1010,46_RV13_S32,0.11091486904024019,51696.65386824019,6732583.528745706,2100428800,d6be4a5c-1cb7-4110-827e-b4a2a807a25e_2,NPRA_HBT_10-09-2025.145124,2,"Rv. 13 Hardangerbrua i Ulvik/Eidfjord, Vestland","Sterk vind, fare for stengt veg.",,,uvær,uvær,uvær,Certain,,1757536288000,6.823856120609264,60.48377145782033,6.836791862242444,60.47318852151293,6.830323,60.47849,Rv,13,,1757529326000,,0.0,1757536294000,1757536294000,1757529088000,,1757522126000,1757529094000,1757529094000,Uvær,2025-09-10
1011,46_RV13_S32,0.11091486904024019,51696.65386824019,6732583.528745706,2101248000,25c7e2ba-7d11-4d31-b98b-904115800aae_1,NPRA_HBT_10-09-2025.145149,1,"Rv. 13 Hardangerbrua i Ulvik/Eidfjord, Vestland","Sterk vind, fare for stengt veg.",,,uvær,uvær,uvær,Certain,,1757538873000,6.823856120609264,60.48377145782033,6.836791862242444,60.47318852151293,6.830323,60.47849,Rv,13,,1757532026000,,0.0,1757538903000,1757538903000,1757531673000,,1757524826000,1757531703000,1757531703000,Uvær,2025-09-10
1012,46_RV13_S32,0.11091486904024019,51696.65386824019,6732583.528745706,2101248000,25c7e2ba-7d11-4d31-b98b-904115800aae_2,NPRA_HBT_10-09-2025.145149,2,"Rv. 13 Hardangerbrua i Ulvik/Eidfjord, Vestland","Sterk vind, fare for stengt veg.",,,uvær,uvær,uvær,Certain,,1757538873000,6.823856120609264,60.48377145782033,6.836791862242444,60.47318852151293,6.830323,60.47849,Rv,13,,1757532026000,,0.0,1757538903000,1757538903000,1757531673000,,1757524826000,1757531703000,1757531703000,Uvær,2025-09-10
1013,46_RV13_S32,0.11091486904024019,51696.65386824019,6732583.528745706,2101510144,21fddcaa-d7af-4b23-aec2-89f111a59cc5_1,NPRA_HBT_10-09-2025.145157,1,"Rv. 13 Hardangerbrua i Ulvik/Eidfjord, Vestland","Sterk vind, fare for stengt veg.",,,uvær,uvær,uvær,Certain,,1757540017000,6.823856120609264,60.48377145782033,6.836791862242444,60.47318852151293,6.830323,60.47849,Rv,13,,1757532926000,,0.0,1757540045000,1757540045000,1757532817000,,1757525726000,1757532845000,1757532845000,Uvær,2025-09-10
1014,46_RV13_S32,0.11091486904024019,51696.65386824019,6732583.528745706,2101510144,21fddcaa-d7af-4b23-aec2-89f111a59cc5_2,NPRA_HBT_10-09-2025.145157,2,"Rv. 13 Hardangerbrua i Ulvik/Eidfjord, Vestland","Sterk vind, fare for stengt veg.",,,uvær,uvær,uvær,Certain,,1757540017000,6.823856120609264,60.48377145782033,6.836791862242444,60.47318852151293,6.830323,60.47849,Rv,13,,1757532926000,,0.0,1757540045000,1757540045000,1757532817000,,1757525726000,1757532845000,1757532845000,Uvær,2025-09-10
1015,46_RV13_S32,0.11091486904024019,51696.65386824019,6732583.528745706,2101673984,9b8c731a-a655-4bae-89f4-b14609816e37_1,NPRA_HBT_10-09-2025.145162,1,"Rv. 13 Hardangerbrua i Ulvik/Eidfjord, Vestland","Sterk vind, fare for stengt veg.",,,uvær,uvær,uvær,Certain,,1757540907000,6.823856120609264,60.48377145782033,6.836791862242444,60.47318852151293,6.830323,60.47849,Rv,13,,1757533826000,,0.0,1757540914000,1757540914000,1757533707000,,1757526626000,1757533714000,1757533714000,Uvær,2025-09-10
1016,46_RV13_S32,0.11091486904024019,51696.65386824019,6732583.528745706,2101673984,9b8c731a-a655-4bae-89f4-b14609816e37_2,NPRA_HBT_10-09-2025.145162,2,"Rv. 13 Hardangerbrua i Ulvik/Eidfjord, Vestland","Sterk vind, fare for stengt veg.",,,uvær,uvær,uvær,Certain,,1757540907000,6.823856120609264,60.48377145782033,6.836791862242444,60.47318852151293,6.830323,60.47849,Rv,13,,1757533826000,,0.0,1757540914000,1757540914000,1757533707000,,1757526626000,1757533714000,1757533714000,Uvær,2025-09-10
1017,46_RV13_S32,0.11091486904024019,51696.65386824019,6732583.528745706,2102689792,507260fc-c316-4d26-8c7c-955d8ea555b6_1,NPRA_HBT_10-09-2025.145193,1,"Rv. 13 Hardangerbrua i Ulvik/Eidfjord, Vestland","Sterk vind, fare for stengt veg.",,,uvær,uvær,uvær,Certain,,1757544562000,6.823856120609264,60.48377145782033,6.836791862242444,60.47318852151293,6.830323,60.47849,Rv,13,,1757537424000,,0.0,1757544573000,1757544573000,1757537362000,,1757530224000,1757537373000,1757537373000,Uvær,2025-09-10
1018,46_RV13_S32,0.11091486904024019,51696.65386824019,6732583.528745706,2102689792,507260fc-c316-4d26-8c7c-955d8ea555b6_2,NPRA_HBT_10-09-2025.145193,2,"Rv. 13 Hardangerbrua i Ulvik/Eidfjord, Vestland","Sterk vind, fare for stengt veg.",,,uvær,uvær,uvær,Certain,,1757544562000,6.823856120609264,60.48377145782033,6.836791862242444,60.47318852151293,6.830323,60.47849,Rv,13,,1757537424000,,0.0,1757544573000,1757544573000,1757537362000,,1757530224000,1757537373000,1757537373000,Uvær,2025-09-10
1019,46_RV13_S32,0.11091486904024019,51696.65386824019,6732583.528745706,2102951936,5a40f5e8-9c02-424c-a329-5a7505de7382_1,NPRA_HBT_10-09-2025.145201,1,"Rv. 13 Hardangerbrua i Ulvik/Eidfjord, Vestland","Sterk vind, fare for stengt veg.",,,uvær,uvær,uvær,Certain,,1757546266000,6.823856120609264,60.48377145782033,6.836791862242444,60.47318852151293,6.830323,60.47849,Rv,13,,1757539227000,,0.0,1757546284000,1757546284000,1757539066000,,1757532027000,1757539084000,1757539084000,Uvær,2025-09-10
1020,46_RV13_S32,0.11091486904024019,51696.65386824019,6732583.528745706,2102951936,5a40f5e8-9c02-424c-a329-5a7505de7382_2,NPRA_HBT_10-09-2025.145201,2,"Rv. 13 Hardangerbrua i Ulvik/Eidfjord, Vestland","Sterk vind, fare for stengt veg.",,,uvær,uvær,uvær,Certain,,1757546266000,6.823856120609264,60.48377145782033,6.836791862242444,60.47318852151293,6.830323,60.47849,Rv,13,,1757539227000,,0.0,1757546284000,1757546284000,1757539066000,,1757532027000,1757539084000,1757539084000,Uvær,2025-09-10
1021,46_RV13_S32,0.11091486904024019,51696.65386824019,6732583.528745706,2103115776,96b0b8fd-4ff6-421f-8737-95f79835e3e7_1,NPRA_HBT_10-09-2025.145206,1,"Rv. 13 Hardangerbrua i Ulvik/Eidfjord, Vestland","Sterk vind, fare for stengt veg.",,,uvær,uvær,uvær,Certain,,1757547121000,6.823856120609264,60.48377145782033,6.836791862242444,60.47318852151293,6.830323,60.47849,Rv,13,,1757540126000,,0.0,1757547155000,1757547155000,1757539921000,,1757532926000,1757539955000,1757539955000,Uvær,2025-09-10
1022,46_RV13_S32,0.11091486904024019,51696.65386824019,6732583.528745706,2103115776,96b0b8fd-4ff6-421f-8737-95f79835e3e7_2,NPRA_HBT_10-09-2025.145206,2,"Rv. 13 Hardangerbrua i Ulvik/Eidfjord, Vestland","Sterk vind, fare for stengt veg.",,,uvær,uvær,uvær,Certain,,1757547121000,6.823856120609264,60.48377145782033,6.836791862242444,60.47318852151293,6.830323,60.47849,Rv,13,,1757540127000,,0.0,1757547155000,1757547155000,1757539921000,,1757532927000,1757539955000,1757539955000,Uvær,2025-09-10
1023,46_RV13_S32,0.11091486904024019,51696.65386824019,6732583.528745706,511672320,055d8e14-dc6a-4931-870a-9cf57645d018_1,NPRA_HBT_11-09-2025.145215,1,"Rv. 13 Hardangerbrua i Ulvik/Eidfjord, Vestland","Sterk vind, fare for stengt veg.",,,uvær,uvær,uvær,Certain,,1757550222000,6.823856120609264,60.48377145782033,6.836791862242444,60.47318852151293,6.830323,60.47849,Rv,13,,1757543260000,,0.0,1757550245000,1757550245000,1757543022000,,1757536060000,1757543045000,1757543045000,Uvær,2025-09-11
1024,46_RV13_S32,0.11091486904024019,51696.65386824019,6732583.528745706,511672320,055d8e14-dc6a-4931-870a-9cf57645d018_2,NPRA_HBT_11-09-2025.145215,2,"Rv. 13 Hardangerbrua i Ulvik/Eidfjord, Vestland","Sterk vind, fare for stengt veg.",,,uvær,uvær,uvær,Certain,,1757550222000,6.823856120609264,60.48377145782033,6.836791862242444,60.47318852151293,6.830323,60.47849,Rv,13,,1757543260000,,0.0,1757550245000,1757550245000,1757543022000,,1757536060000,1757543045000,1757543045000,Uvær,2025-09-11
1025,46_RV13_S32,0.11091486904024019,51696.65386824019,6732583.528745706,511770624,39892ccc-1c49-442a-9d2b-a0b659832d7b_1,NPRA_HBT_11-09-2025.145218,1,"Rv. 13 Hardangerbrua i Ulvik/Eidfjord, Vestland","Sterk vind, fare for stengt veg.",,,uvær,uvær,uvær,Certain,,1757550842000,6.823856120609264,60.48377145782033,6.836791862242444,60.47318852151293,6.830323,60.47849,Rv,13,,1757544161000,,0.0,1757550873000,1757550873000,1757543642000,,1757536961000,1757543673000,1757543673000,Uvær,2025-09-11
1026,46_RV13_S32,0.11091486904024019,51696.65386824019,6732583.528745706,511770624,39892ccc-1c49-442a-9d2b-a0b659832d7b_2,NPRA_HBT_11-09-2025.145218,2,"Rv. 13 Hardangerbrua i Ulvik/Eidfjord, Vestland","Sterk vind, fare for stengt veg.",,,uvær,uvær,uvær,Certain,,1757550842000,6.823856120609264,60.48377145782033,6.836791862242444,60.47318852151293,6.830323,60.47849,Rv,13,,1757544161000,,0.0,1757550873000,1757550873000,1757543642000,,1757536961000,1757543673000,1757543673000,Uvær,2025-09-11
1027,46_RV13_S25,0.4913485291240041,30764.11300961481,6674363.655065931,530219008,5572a570-4bda-4397-bb8e-ba19c18c2f96_1,NPRA_HBT_11-09-2025.145781,1,"Rv. 13 Steinaberg i Ullensvang, Vestland",Steinskred/steinsprang.,,,steinskred,steinskred,steinskred,Certain,1757622782000.0,1757615582000,,,,,6.588055,59.93768,Rv,13,,1757608962000,,0.0,1757615736000,1757615736000,1757608382000,1757615582000.0,1757601762000,1757608536000,1757608536000,Steinsprang,2025-09-11
1028,46_RV13_S32,0.11091486904024019,51696.65386824019,6732583.528745706,530710528,0d8f4b6f-ea85-4dc0-9be7-7842d922f82a_1,NPRA_HBT_11-09-2025.145796,1,"Rv. 13 Hardangerbrua i Ulvik/Eidfjord, Vestland","Sterk vind, fare for stengt veg.",,,uvær,uvær,uvær,Certain,,1757617636000,6.823856120609264,60.48377145782033,6.836791862242444,60.47318852151293,6.830323,60.47849,Rv,13,,1757610762000,,0.0,1757617655000,1757617655000,1757610436000,,1757603562000,1757610455000,1757610455000,Uvær,2025-09-11
1029,46_RV13_S32,0.11091486904024019,51696.65386824019,6732583.528745706,530710528,0d8f4b6f-ea85-4dc0-9be7-7842d922f82a_2,NPRA_HBT_11-09-2025.145796,2,"Rv. 13 Hardangerbrua i Ulvik/Eidfjord, Vestland","Sterk vind, fare for stengt veg.",,,uvær,uvær,uvær,Certain,,1757617636000,6.823856120609264,60.48377145782033,6.836791862242444,60.47318852151293,6.830323,60.47849,Rv,13,,1757610762000,,0.0,1757617655000,1757617655000,1757610436000,,1757603562000,1757610455000,1757610455000,Uvær,2025-09-11
1030,46_RV13_S26,0.056423531339151234,30321.932653427008,6684155.127215446,1667956736,5ad2361b-a80e-40fc-ada5-ded175127b1c_1,NPRA_HBT_13-09-2025.146582,1,"Rv. 13 Espeflot i Ullensvang, Vestland","Steinskred/steinsprang, vegen er stengt.",,,steinskred,steinskred,steinskred,Certain,1757745719000.0,1757731319000,,,,,6.5579553,60.024147,Rv,13,,1757725197000,,2.0,1757731549000,1757733047000,1757724119000,1757738519000.0,1757717997000,1757724349000,1757725847000,Steinsprang,2025-09-13
1031,46_RV13_S26,0.056423531339151234,30321.932653427008,6684155.127215446,1667956736,5ad2361b-a80e-40fc-ada5-ded175127b1c_2,NPRA_HBT_13-09-2025.146582,2,"Rv. 13 Espeflot i Ullensvang, Vestland","Steinskred/steinsprang, vegen er stengt.",,,steinskred,steinskred,steinskred,Certain,1757745719000.0,1757731319000,,,,,6.5579553,60.024147,Rv,13,,1757725197000,,2.0,1757731549000,1757733047000,1757724119000,1757738519000.0,1757717997000,1757724349000,1757725847000,Steinsprang,2025-09-13
1032,46_RV13_S32,0.11091486904024019,51696.65386824019,6732583.528745706,-1486716928,e9462aa7-5b8d-4bf5-9857-0de3547aa35a_1,NPRA_HBT_15-09-2025.147461,1,"Rv. 13 Hardangerbrua i Ulvik/Eidfjord, Vestland","Sterk vind, fare for stengt veg.",,,uvær,uvær,uvær,Certain,,1757937896000,6.823856120609264,60.48377145782033,6.836791862242444,60.47318852151293,6.830323,60.47849,Rv,13,,1757930799000,,0.0,1757937907000,1757937907000,1757930696000,,1757923599000,1757930707000,1757930707000,Uvær,2025-09-15
1033,46_RV13_S32,0.11091486904024019,51696.65386824019,6732583.528745706,-1486716928,e9462aa7-5b8d-4bf5-9857-0de3547aa35a_2,NPRA_HBT_15-09-2025.147461,2,"Rv. 13 Hardangerbrua i Ulvik/Eidfjord, Vestland","Sterk vind, fare for stengt veg.",,,uvær,uvær,uvær,Certain,,1757937896000,6.823856120609264,60.48377145782033,6.836791862242444,60.47318852151293,6.830323,60.47849,Rv,13,,1757930799000,,0.0,1757937907000,1757937907000,1757930696000,,1757923599000,1757930707000,1757930707000,Uvær,2025-09-15
1036,46_RV13_S32,0.11091486904024019,51696.65386824019,6732583.528745706,1960148992,8ae9d8de-69c8-40d3-a68d-70ddc6c82594_1,NPRA_HBT_21-09-2025.150891,1,"Rv. 13 Hardangerbrua i Ulvik/Eidfjord, Vestland","Sterk vind, fare for stengt veg.",,,uvær,uvær,uvær,Certain,,1758494509000,6.823856120609264,60.48377145782033,6.836791862242444,60.47318852151293,6.830323,60.47849,Rv,13,,1758487601000,,0.0,1758494524000,1758494524000,1758487309000,,1758480401000,1758487324000,1758487324000,Uvær,2025-09-21
1037,46_RV13_S32,0.11091486904024019,51696.65386824019,6732583.528745706,1960148992,8ae9d8de-69c8-40d3-a68d-70ddc6c82594_2,NPRA_HBT_21-09-2025.150891,2,"Rv. 13 Hardangerbrua i Ulvik/Eidfjord, Vestland","Sterk vind, fare for stengt veg.",,,uvær,uvær,uvær,Certain,,1758494509000,6.823856120609264,60.48377145782033,6.836791862242444,60.47318852151293,6.830323,60.47849,Rv,13,,1758487601000,,0.0,1758494524000,1758494524000,1758487309000,,1758480401000,1758487324000,1758487324000,Uvær,2025-09-21
1038,46_RV13_S32,0.11091486904024019,51696.65386824019,6732583.528745706,369262592,a3c5d168-d10a-4aee-85be-0ab2d9d27675_1,NPRA_HBT_22-09-2025.150917,1,"Rv. 13 Hardangerbrua i Ulvik/Eidfjord, Vestland","Sterk vind, fare for stengt veg.",,,uvær,uvær,uvær,Certain,,1758499973000,6.823856120609264,60.48377145782033,6.836791862242444,60.47318852151293,6.830323,60.47849,Rv,13,,1758493002000,,0.0,1758499983000,1758499983000,1758492773000,,1758485802000,1758492783000,1758492783000,Uvær,2025-09-22
1039,46_RV13_S32,0.11091486904024019,51696.65386824019,6732583.528745706,369262592,a3c5d168-d10a-4aee-85be-0ab2d9d27675_2,NPRA_HBT_22-09-2025.150917,2,"Rv. 13 Hardangerbrua i Ulvik/Eidfjord, Vestland","Sterk vind, fare for stengt veg.",,,uvær,uvær,uvær,Certain,,1758499973000,6.823856120609264,60.48377145782033,6.836791862242444,60.47318852151293,6.830323,60.47849,Rv,13,,1758493002000,,0.0,1758499983000,1758499983000,1758492773000,,1758485802000,1758492783000,1758492783000,Uvær,2025-09-22
1040,46_RV13_S32,0.11091486904024019,51696.65386824019,6732583.528745706,369917952,533cac16-ced3-49f2-8c82-69d9fe5dd6bd_1,NPRA_HBT_22-09-2025.150937,1,"Rv. 13 Hardangerbrua i Ulvik/Eidfjord, Vestland","Sterk vind, fare for stengt veg.",,,uvær,uvær,uvær,Certain,,1758512156000,6.823856120609264,60.48377145782033,6.836791862242444,60.47318852151293,6.830323,60.47849,Rv,13,,1758505102000,,0.0,1758512164000,1758512164000,1758504956000,,1758497902000,1758504964000,1758504964000,Uvær,2025-09-22
1041,46_RV13_S32,0.11091486904024019,51696.65386824019,6732583.528745706,369917952,533cac16-ced3-49f2-8c82-69d9fe5dd6bd_2,NPRA_HBT_22-09-2025.150937,2,"Rv. 13 Hardangerbrua i Ulvik/Eidfjord, Vestland","Sterk vind, fare for stengt veg.",,,uvær,uvær,uvær,Certain,,1758512156000,6.823856120609264,60.48377145782033,6.836791862242444,60.47318852151293,6.830323,60.47849,Rv,13,,1758505102000,,0.0,1758512164000,1758512164000,1758504956000,,1758497902000,1758504964000,1758504964000,Uvær,2025-09-22
1045,46_RV13_S32,0.11091486904024019,51696.65386824019,6732583.528745706,-1602945024,6b360801-9ac5-46df-8f26-868b8dbd080b_1,NPRA_HBT_26-09-2025.153962,1,"Rv. 13 Hardangerbrua i Ulvik/Eidfjord, Vestland","Sterk vind, fare for stengt veg.",,,uvær,uvær,uvær,Certain,,1758928486000,6.823856120609264,60.48377145782033,6.836791862242444,60.47318852151293,6.830323,60.47849,Rv,13,,1758921539000,,0.0,1758928504000,1758928504000,1758921286000,,1758914339000,1758921304000,1758921304000,Uvær,2025-09-26
1046,46_RV13_S32,0.11091486904024019,51696.65386824019,6732583.528745706,-1602945024,6b360801-9ac5-46df-8f26-868b8dbd080b_2,NPRA_HBT_26-09-2025.153962,2,"Rv. 13 Hardangerbrua i Ulvik/Eidfjord, Vestland","Sterk vind, fare for stengt veg.",,,uvær,uvær,uvær,Certain,,1758928486000,6.823856120609264,60.48377145782033,6.836791862242444,60.47318852151293,6.830323,60.47849,Rv,13,,1758921539000,,0.0,1758928504000,1758928504000,1758921286000,,1758914339000,1758921304000,1758921304000,Uvær,2025-09-26
1047,46_RV13_S32,0.11091486904024019,51696.65386824019,6732583.528745706,-1602551808,ae47c13a-ff77-496e-8cd3-96c07a070693_1,NPRA_HBT_26-09-2025.153974,1,"Rv. 13 Hardangerbrua i Ulvik/Eidfjord, Vestland","Sterk vind, fare for stengt veg.",,,uvær,uvær,uvær,Certain,,1758931064000,6.823856120609264,60.48377145782033,6.836791862242444,60.47318852151293,6.830323,60.47849,Rv,13,,1758924239000,,0.0,1758931083000,1758931083000,1758923864000,,1758917039000,1758923883000,1758923883000,Uvær,2025-09-26
1048,46_RV13_S32,0.11091486904024019,51696.65386824019,6732583.528745706,-1602551808,ae47c13a-ff77-496e-8cd3-96c07a070693_2,NPRA_HBT_26-09-2025.153974,2,"Rv. 13 Hardangerbrua i Ulvik/Eidfjord, Vestland","Sterk vind, fare for stengt veg.",,,uvær,uvær,uvær,Certain,,1758931064000,6.823856120609264,60.48377145782033,6.836791862242444,60.47318852151293,6.830323,60.47849,Rv,13,,1758924239000,,0.0,1758931083000,1758931083000,1758923864000,,1758917039000,1758923883000,1758923883000,Uvær,2025-09-26
1049,46_RV13_S32,0.11091486904024019,51696.65386824019,6732583.528745706,1101889536,62287bde-193e-4061-ba89-3b6da67e62dd_1,NPRA_HBT_27-09-2025.154011,1,"Rv. 13 Hardangerbrua i Ulvik/Eidfjord, Vestland","Sterk vind, fare for stengt veg.",,,uvær,uvær,uvær,Certain,,1758951338000,6.823856120609264,60.48377145782033,6.836791862242444,60.47318852151293,6.830323,60.47849,Rv,13,,1758944474000,,0.0,1758951364000,1758951364000,1758944138000,,1758937274000,1758944164000,1758944164000,Uvær,2025-09-27
1050,46_RV13_S32,0.11091486904024019,51696.65386824019,6732583.528745706,1101889536,62287bde-193e-4061-ba89-3b6da67e62dd_2,NPRA_HBT_27-09-2025.154011,2,"Rv. 13 Hardangerbrua i Ulvik/Eidfjord, Vestland","Sterk vind, fare for stengt veg.",,,uvær,uvær,uvær,Certain,,1758951338000,6.823856120609264,60.48377145782033,6.836791862242444,60.47318852151293,6.830323,60.47849,Rv,13,,1758944474000,,0.0,1758951364000,1758951364000,1758944138000,,1758937274000,1758944164000,1758944164000,Uvær,2025-09-27
1051,46_RV13_S32,0.11091486904024019,51696.65386824019,6732583.528745706,1102643200,f74867a4-30ce-4427-b752-74879287e1f0_1,NPRA_HBT_27-09-2025.154034,1,"Rv. 13 Hardangerbrua i Ulvik/Eidfjord, Vestland","Sterk vind, fare for stengt veg.",,,uvær,uvær,uvær,Certain,,1758965117000,6.823856120609264,60.48377145782033,6.836791862242444,60.47318852151293,6.830323,60.47849,Rv,13,,1758957978000,,0.0,1758965134000,1758965134000,1758957917000,,1758950778000,1758957934000,1758957934000,Uvær,2025-09-27
1052,46_RV13_S32,0.11091486904024019,51696.65386824019,6732583.528745706,1102643200,f74867a4-30ce-4427-b752-74879287e1f0_2,NPRA_HBT_27-09-2025.154034,2,"Rv. 13 Hardangerbrua i Ulvik/Eidfjord, Vestland","Sterk vind, fare for stengt veg.",,,uvær,uvær,uvær,Certain,,1758965117000,6.823856120609264,60.48377145782033,6.836791862242444,60.47318852151293,6.830323,60.47849,Rv,13,,1758957978000,,0.0,1758965134000,1758965134000,1758957917000,,1758950778000,1758957934000,1758957934000,Uvær,2025-09-27
1053,46_RV13_S32,0.11091486904024019,51696.65386824019,6732583.528745706,1102872576,d0f55fe5-d346-45b3-a0be-b1047308eec1_1,NPRA_HBT_27-09-2025.154041,1,"Rv. 13 Hardangerbrua i Ulvik/Eidfjord, Vestland","Sterk vind, fare for stengt veg.",,,uvær,uvær,uvær,Certain,,1758966827000,6.823856120609264,60.48377145782033,6.836791862242444,60.47318852151293,6.830323,60.47849,Rv,13,,1758959779000,,0.0,1758966845000,1758966845000,1758959627000,,1758952579000,1758959645000,1758959645000,Uvær,2025-09-27
1054,46_RV13_S32,0.11091486904024019,51696.65386824019,6732583.528745706,1102872576,d0f55fe5-d346-45b3-a0be-b1047308eec1_2,NPRA_HBT_27-09-2025.154041,2,"Rv. 13 Hardangerbrua i Ulvik/Eidfjord, Vestland","Sterk vind, fare for stengt veg.",,,uvær,uvær,uvær,Certain,,1758966827000,6.823856120609264,60.48377145782033,6.836791862242444,60.47318852151293,6.830323,60.47849,Rv,13,,1758959779000,,0.0,1758966845000,1758966845000,1758959627000,,1758952579000,1758959645000,1758959645000,Uvær,2025-09-27
1055,46_RV13_S32,0.11091486904024019,51696.65386824019,6732583.528745706,1102938112,673339b0-db8f-4eb8-b568-557c06593a3d_1,NPRA_HBT_27-09-2025.154043,1,"Rv. 13 Hardangerbrua i Ulvik/Eidfjord, Vestland","Sterk vind, fare for stengt veg.",,,uvær,uvær,uvær,Certain,,1758967527000,6.823856120609264,60.48377145782033,6.836791862242444,60.47318852151293,6.830323,60.47849,Rv,13,,1758960677000,,0.0,1758967533000,1758967533000,1758960327000,,1758953477000,1758960333000,1758960333000,Uvær,2025-09-27
1056,46_RV13_S32,0.11091486904024019,51696.65386824019,6732583.528745706,1102938112,673339b0-db8f-4eb8-b568-557c06593a3d_2,NPRA_HBT_27-09-2025.154043,2,"Rv. 13 Hardangerbrua i Ulvik/Eidfjord, Vestland","Sterk vind, fare for stengt veg.",,,uvær,uvær,uvær,Certain,,1758967527000,6.823856120609264,60.48377145782033,6.836791862242444,60.47318852151293,6.830323,60.47849,Rv,13,,1758960677000,,0.0,1758967533000,1758967533000,1758960327000,,1758953477000,1758960333000,1758960333000,Uvær,2025-09-27
1057,46_RV13_S32,0.11091486904024019,51696.65386824019,6732583.528745706,1109458944,7a02b538-93c2-4cb8-ad10-44982dab3fda_1,NPRA_HBT_27-09-2025.154242,1,"Rv. 13 Hardangerbrua i Ulvik/Eidfjord, Vestland","Sterk vind, fare for stengt veg.",,,uvær,uvær,uvær,Certain,,1759013666000,6.823856120609264,60.48377145782033,6.836791862242444,60.47318852151293,6.830323,60.47849,Rv,13,,1759006577000,,0.0,1759013672000,1759013672000,1759006466000,,1758999377000,1759006472000,1759006472000,Uvær,2025-09-27
1058,46_RV13_S32,0.11091486904024019,51696.65386824019,6732583.528745706,1109458944,7a02b538-93c2-4cb8-ad10-44982dab3fda_2,NPRA_HBT_27-09-2025.154242,2,"Rv. 13 Hardangerbrua i Ulvik/Eidfjord, Vestland","Sterk vind, fare for stengt veg.",,,uvær,uvær,uvær,Certain,,1759013666000,6.823856120609264,60.48377145782033,6.836791862242444,60.47318852151293,6.830323,60.47849,Rv,13,,1759006577000,,0.0,1759013672000,1759013672000,1759006466000,,1758999377000,1759006472000,1759006472000,Uvær,2025-09-27
1059,46_RV13_S32,0.11091486904024019,51696.65386824019,6732583.528745706,-481624064,face94f6-4c27-4ada-b4dd-4e124cbca5a1_1,NPRA_HBT_28-09-2025.154262,1,"Rv. 13 Hardangerbrua i Ulvik/Eidfjord, Vestland","Sterk vind, fare for stengt veg.",,,uvær,uvær,uvær,Certain,,1759021797000,6.823856120609264,60.48377145782033,6.836791862242444,60.47318852151293,6.830323,60.47849,Rv,13,,1759015098000,,0.0,1759021803000,1759021803000,1759014597000,,1759007898000,1759014603000,1759014603000,Uvær,2025-09-28
1060,46_RV13_S32,0.11091486904024019,51696.65386824019,6732583.528745706,-481624064,face94f6-4c27-4ada-b4dd-4e124cbca5a1_2,NPRA_HBT_28-09-2025.154262,2,"Rv. 13 Hardangerbrua i Ulvik/Eidfjord, Vestland","Sterk vind, fare for stengt veg.",,,uvær,uvær,uvær,Certain,,1759021797000,6.823856120609264,60.48377145782033,6.836791862242444,60.47318852151293,6.830323,60.47849,Rv,13,,1759015098000,,0.0,1759021803000,1759021803000,1759014597000,,1759007898000,1759014603000,1759014603000,Uvær,2025-09-28
1061,46_RV13_S32,0.11091486904024019,51696.65386824019,6732583.528745706,-481460224,80ade165-e70f-49b1-bba9-88d58c62428f_1,NPRA_HBT_28-09-2025.154267,1,"Rv. 13 Hardangerbrua i Ulvik/Eidfjord, Vestland","Sterk vind, fare for stengt veg.",,,uvær,uvær,uvær,Certain,,1759023221000,6.823856120609264,60.48377145782033,6.836791862242444,60.47318852151293,6.830323,60.47849,Rv,13,,1759016898000,,0.0,1759023242000,1759023242000,1759016021000,,1759009698000,1759016042000,1759016042000,Uvær,2025-09-28
1062,46_RV13_S32,0.11091486904024019,51696.65386824019,6732583.528745706,-481460224,80ade165-e70f-49b1-bba9-88d58c62428f_2,NPRA_HBT_28-09-2025.154267,2,"Rv. 13 Hardangerbrua i Ulvik/Eidfjord, Vestland","Sterk vind, fare for stengt veg.",,,uvær,uvær,uvær,Certain,,1759023221000,6.823856120609264,60.48377145782033,6.836791862242444,60.47318852151293,6.830323,60.47849,Rv,13,,1759016898000,,0.0,1759023242000,1759023242000,1759016021000,,1759009698000,1759016042000,1759016042000,Uvær,2025-09-28
1063,46_RV13_S32,0.11091486904024019,51696.65386824019,6732583.528745706,-481034240,9f39aa80-06a4-4cd9-b347-75c749791308_1,NPRA_HBT_28-09-2025.154280,1,"Rv. 13 Hardangerbrua i Ulvik/Eidfjord, Vestland","Sterk vind, fare for stengt veg.",,,uvær,uvær,uvær,Certain,,1759029201000,6.823856120609264,60.48377145782033,6.836791862242444,60.47318852151293,6.830323,60.47849,Rv,13,,1759022299000,,0.0,1759029213000,1759029213000,1759022001000,,1759015099000,1759022013000,1759022013000,Uvær,2025-09-28
1064,46_RV13_S32,0.11091486904024019,51696.65386824019,6732583.528745706,-481034240,9f39aa80-06a4-4cd9-b347-75c749791308_2,NPRA_HBT_28-09-2025.154280,2,"Rv. 13 Hardangerbrua i Ulvik/Eidfjord, Vestland","Sterk vind, fare for stengt veg.",,,uvær,uvær,uvær,Certain,,1759029201000,6.823856120609264,60.48377145782033,6.836791862242444,60.47318852151293,6.830323,60.47849,Rv,13,,1759022299000,,0.0,1759029213000,1759029213000,1759022001000,,1759015099000,1759022013000,1759022013000,Uvær,2025-09-28
1065,46_RV13_S32,0.11091486904024019,51696.65386824019,6732583.528745706,-480903168,fcfaead1-21b9-4675-84d7-98b643ed73bc_1,NPRA_HBT_28-09-2025.154284,1,"Rv. 13 Hardangerbrua i Ulvik/Eidfjord, Vestland","Sterk vind, fare for stengt veg.",,,uvær,uvær,uvær,Certain,,1759030666000,6.823856120609264,60.48377145782033,6.836791862242444,60.47318852151293,6.830323,60.47849,Rv,13,,1759024096000,,0.0,1759030684000,1759030684000,1759023466000,,1759016896000,1759023484000,1759023484000,Uvær,2025-09-28
1066,46_RV13_S32,0.11091486904024019,51696.65386824019,6732583.528745706,-480903168,fcfaead1-21b9-4675-84d7-98b643ed73bc_2,NPRA_HBT_28-09-2025.154284,2,"Rv. 13 Hardangerbrua i Ulvik/Eidfjord, Vestland","Sterk vind, fare for stengt veg.",,,uvær,uvær,uvær,Certain,,1759030666000,6.823856120609264,60.48377145782033,6.836791862242444,60.47318852151293,6.830323,60.47849,Rv,13,,1759024096000,,0.0,1759030684000,1759030684000,1759023466000,,1759016896000,1759023484000,1759023484000,Uvær,2025-09-28
1067,46_RV13_S32,0.11091486904024019,51696.65386824019,6732583.528745706,-480772096,84668738-10fc-46e7-9567-69f2e946a8c6_1,NPRA_HBT_28-09-2025.154288,1,"Rv. 13 Hardangerbrua i Ulvik/Eidfjord, Vestland","Sterk vind, fare for stengt veg.",,,uvær,uvær,uvær,Certain,,1759031970000,6.823856120609264,60.48377145782033,6.836791862242444,60.47318852151293,6.830323,60.47849,Rv,13,,1759024996000,,0.0,1759032003000,1759032003000,1759024770000,,1759017796000,1759024803000,1759024803000,Uvær,2025-09-28
1068,46_RV13_S32,0.11091486904024019,51696.65386824019,6732583.528745706,-480772096,84668738-10fc-46e7-9567-69f2e946a8c6_2,NPRA_HBT_28-09-2025.154288,2,"Rv. 13 Hardangerbrua i Ulvik/Eidfjord, Vestland","Sterk vind, fare for stengt veg.",,,uvær,uvær,uvær,Certain,,1759031970000,6.823856120609264,60.48377145782033,6.836791862242444,60.47318852151293,6.830323,60.47849,Rv,13,,1759024996000,,0.0,1759032003000,1759032003000,1759024770000,,1759017796000,1759024803000,1759024803000,Uvær,2025-09-28
1069,46_RV13_S32,0.11091486904024019,51696.65386824019,6732583.528745706,482639872,e5893bce-29e2-44be-be04-bc27ea2ba9a8_1,NPRA_HBT_03-10-2025.156873,1,"Rv. 13 Hardangerbrua i Ulvik/Eidfjord, Vestland","Sterk vind, fare for stengt veg.",,,uvær,uvær,uvær,Certain,,1759474196000,6.823856120609264,60.48377145782033,6.836791862242444,60.47318852151293,6.830323,60.47849,Rv,13,,1759467187000,,0.0,1759474204000,1759474204000,1759466996000,,1759459987000,1759467004000,1759467004000,Uvær,2025-10-03
1070,46_RV13_S32,0.11091486904024019,51696.65386824019,6732583.528745706,482639872,e5893bce-29e2-44be-be04-bc27ea2ba9a8_2,NPRA_HBT_03-10-2025.156873,2,"Rv. 13 Hardangerbrua i Ulvik/Eidfjord, Vestland","Sterk vind, fare for stengt veg.",,,uvær,uvær,uvær,Certain,,1759474196000,6.823856120609264,60.48377145782033,6.836791862242444,60.47318852151293,6.830323,60.47849,Rv,13,,1759467187000,,0.0,1759474204000,1759474204000,1759466996000,,1759459987000,1759467004000,1759467004000,Uvær,2025-10-03
1071,46_RV13_S32,0.11091486904024019,51696.65386824019,6732583.528745706,482803712,c451b522-2988-4582-9cc3-8ccd0b4c573d_1,NPRA_HBT_03-10-2025.156878,1,"Rv. 13 Hardangerbrua i Ulvik/Eidfjord, Vestland","Sterk vind, fare for stengt veg.",,,uvær,uvær,uvær,Certain,,1759474597000,6.823856120609264,60.48377145782033,6.836791862242444,60.47318852151293,6.830323,60.47849,Rv,13,,1759468087000,,0.0,1759474625000,1759474625000,1759467397000,,1759460887000,1759467425000,1759467425000,Uvær,2025-10-03
1072,46_RV13_S32,0.11091486904024019,51696.65386824019,6732583.528745706,482803712,c451b522-2988-4582-9cc3-8ccd0b4c573d_2,NPRA_HBT_03-10-2025.156878,2,"Rv. 13 Hardangerbrua i Ulvik/Eidfjord, Vestland","Sterk vind, fare for stengt veg.",,,uvær,uvær,uvær,Certain,,1759474597000,6.823856120609264,60.48377145782033,6.836791862242444,60.47318852151293,6.830323,60.47849,Rv,13,,1759468087000,,0.0,1759474625000,1759474625000,1759467397000,,1759460887000,1759467425000,1759467425000,Uvær,2025-10-03
1073,46_RV13_S32,0.11091486904024019,51696.65386824019,6732583.528745706,483033088,ad9bca13-44ed-44e4-881d-9f917db51793_1,NPRA_HBT_03-10-2025.156885,1,"Rv. 13 Hardangerbrua i Ulvik/Eidfjord, Vestland","Sterk vind, fare for stengt veg.",,,uvær,uvær,uvær,Certain,,1759476096000,6.823856120609264,60.48377145782033,6.836791862242444,60.47318852151293,6.830323,60.47849,Rv,13,,1759468985000,,0.0,1759476124000,1759476124000,1759468896000,,1759461785000,1759468924000,1759468924000,Uvær,2025-10-03
1074,46_RV13_S32,0.11091486904024019,51696.65386824019,6732583.528745706,483033088,ad9bca13-44ed-44e4-881d-9f917db51793_2,NPRA_HBT_03-10-2025.156885,2,"Rv. 13 Hardangerbrua i Ulvik/Eidfjord, Vestland","Sterk vind, fare for stengt veg.",,,uvær,uvær,uvær,Certain,,1759476096000,6.823856120609264,60.48377145782033,6.836791862242444,60.47318852151293,6.830323,60.47849,Rv,13,,1759468985000,,0.0,1759476124000,1759476124000,1759468896000,,1759461785000,1759468924000,1759468924000,Uvær,2025-10-03
1075,46_RV13_S32,0.11091486904024019,51696.65386824019,6732583.528745706,484179968,70b71234-0840-496b-b069-6aadf30cd2f0_1,NPRA_HBT_03-10-2025.156920,1,"Rv. 13 Hardangerbrua i Ulvik/Eidfjord, Vestland","Sterk vind, fare for stengt veg.",,,uvær,uvær,uvær,Certain,,1759478830000,6.823856120609264,60.48377145782033,6.836791862242444,60.47318852151293,6.830323,60.47849,Rv,13,,1759471684000,,0.0,1759478854000,1759478854000,1759471630000,,1759464484000,1759471654000,1759471654000,Uvær,2025-10-03
1076,46_RV13_S32,0.11091486904024019,51696.65386824019,6732583.528745706,484179968,70b71234-0840-496b-b069-6aadf30cd2f0_2,NPRA_HBT_03-10-2025.156920,2,"Rv. 13 Hardangerbrua i Ulvik/Eidfjord, Vestland","Sterk vind, fare for stengt veg.",,,uvær,uvær,uvær,Certain,,1759478830000,6.823856120609264,60.48377145782033,6.836791862242444,60.47318852151293,6.830323,60.47849,Rv,13,,1759471684000,,0.0,1759478854000,1759478854000,1759471630000,,1759464484000,1759471654000,1759471654000,Uvær,2025-10-03
1077,46_RV13_S32,0.11091486904024019,51696.65386824019,6732583.528745706,484605952,c880f723-2d34-453c-a34e-f6450fba84da_1,NPRA_HBT_03-10-2025.156933,1,"Rv. 13 Hardangerbrua i Ulvik/Eidfjord, Vestland","Sterk vind, fare for stengt veg.",,,uvær,uvær,uvær,Certain,,1759479786000,6.823856120609264,60.48377145782033,6.836791862242444,60.47318852151293,6.830323,60.47849,Rv,13,,1759473488000,,0.0,1759479813000,1759479813000,1759472586000,,1759466288000,1759472613000,1759472613000,Uvær,2025-10-03
1078,46_RV13_S32,0.11091486904024019,51696.65386824019,6732583.528745706,484605952,c880f723-2d34-453c-a34e-f6450fba84da_2,NPRA_HBT_03-10-2025.156933,2,"Rv. 13 Hardangerbrua i Ulvik/Eidfjord, Vestland","Sterk vind, fare for stengt veg.",,,uvær,uvær,uvær,Certain,,1759479786000,6.823856120609264,60.48377145782033,6.836791862242444,60.47318852151293,6.830323,60.47849,Rv,13,,1759473488000,,0.0,1759479813000,1759479813000,1759472586000,,1759466288000,1759472613000,1759472613000,Uvær,2025-10-03
1079,46_RV13_S32,0.11091486904024019,51696.65386824019,6732583.528745706,484966400,40647942-775c-4a62-a2a2-62900c5d454e_1,NPRA_HBT_03-10-2025.156944,1,"Rv. 13 Hardangerbrua i Ulvik/Eidfjord, Vestland","Sterk vind, fare for stengt veg.",,,uvær,uvær,uvær,Certain,,1759481141000,6.823856120609264,60.48377145782033,6.836791862242444,60.47318852151293,6.830323,60.47849,Rv,13,,1759474387000,,0.0,1759481164000,1759481164000,1759473941000,,1759467187000,1759473964000,1759473964000,Uvær,2025-10-03
1080,46_RV13_S32,0.11091486904024019,51696.65386824019,6732583.528745706,484966400,40647942-775c-4a62-a2a2-62900c5d454e_2,NPRA_HBT_03-10-2025.156944,2,"Rv. 13 Hardangerbrua i Ulvik/Eidfjord, Vestland","Sterk vind, fare for stengt veg.",,,uvær,uvær,uvær,Certain,,1759481141000,6.823856120609264,60.48377145782033,6.836791862242444,60.47318852151293,6.830323,60.47849,Rv,13,,1759474387000,,0.0,1759481164000,1759481164000,1759473941000,,1759467187000,1759473964000,1759473964000,Uvær,2025-10-03
1081,46_RV13_S32,0.11091486904024019,51696.65386824019,6732583.528745706,485228544,f1398fc4-0a95-442a-ba87-da602c59bcb1_1,NPRA_HBT_03-10-2025.156952,1,"Rv. 13 Hardangerbrua i Ulvik/Eidfjord, Vestland","Sterk vind, fare for stengt veg.",,,uvær,uvær,uvær,Certain,,1759481886000,6.823856120609264,60.48377145782033,6.836791862242444,60.47318852151293,6.830323,60.47849,Rv,13,,1759475285000,,0.0,1759481915000,1759481915000,1759474686000,,1759468085000,1759474715000,1759474715000,Uvær,2025-10-03
1082,46_RV13_S32,0.11091486904024019,51696.65386824019,6732583.528745706,485228544,f1398fc4-0a95-442a-ba87-da602c59bcb1_2,NPRA_HBT_03-10-2025.156952,2,"Rv. 13 Hardangerbrua i Ulvik/Eidfjord, Vestland","Sterk vind, fare for stengt veg.",,,uvær,uvær,uvær,Certain,,1759481886000,6.823856120609264,60.48377145782033,6.836791862242444,60.47318852151293,6.830323,60.47849,Rv,13,,1759475285000,,0.0,1759481915000,1759481915000,1759474686000,,1759468085000,1759474715000,1759474715000,Uvær,2025-10-03
1083,46_RV13_S32,0.11091486904024019,51696.65386824019,6732583.528745706,488603648,84880d14-2e25-4703-8b9b-0f68ffcdcf1a_1,NPRA_HBT_03-10-2025.157055,1,"Rv. 13 Hardangerbrua i Ulvik/Eidfjord, Vestland","Sterk vind, fare for stengt veg.",,,uvær,uvær,uvær,Certain,,1759490420000,6.823856120609264,60.48377145782033,6.836791862242444,60.47318852151293,6.830323,60.47849,Rv,13,,1759483385000,,0.0,1759490436000,1759490436000,1759483220000,,1759476185000,1759483236000,1759483236000,Uvær,2025-10-03
1084,46_RV13_S32,0.11091486904024019,51696.65386824019,6732583.528745706,488603648,84880d14-2e25-4703-8b9b-0f68ffcdcf1a_2,NPRA_HBT_03-10-2025.157055,2,"Rv. 13 Hardangerbrua i Ulvik/Eidfjord, Vestland","Sterk vind, fare for stengt veg.",,,uvær,uvær,uvær,Certain,,1759490420000,6.823856120609264,60.48377145782033,6.836791862242444,60.47318852151293,6.830323,60.47849,Rv,13,,1759483385000,,0.0,1759490436000,1759490436000,1759483220000,,1759476185000,1759483236000,1759483236000,Uvær,2025-10-03
1085,46_RV13_S32,0.11091486904024019,51696.65386824019,6732583.528745706,489062400,cfe26ace-7263-423e-8e06-e6dc48759620_1,NPRA_HBT_03-10-2025.157069,1,"Rv. 13 Hardangerbrua i Ulvik/Eidfjord, Vestland","Sterk vind, fare for stengt veg.",,,uvær,uvær,uvær,Certain,,1759491360000,6.823856120609264,60.48377145782033,6.836791862242444,60.47318852151293,6.830323,60.47849,Rv,13,,1759484287000,,0.0,1759491395000,1759491395000,1759484160000,,1759477087000,1759484195000,1759484195000,Uvær,2025-10-03
1086,46_RV13_S32,0.11091486904024019,51696.65386824019,6732583.528745706,489062400,cfe26ace-7263-423e-8e06-e6dc48759620_2,NPRA_HBT_03-10-2025.157069,2,"Rv. 13 Hardangerbrua i Ulvik/Eidfjord, Vestland","Sterk vind, fare for stengt veg.",,,uvær,uvær,uvær,Certain,,1759491360000,6.823856120609264,60.48377145782033,6.836791862242444,60.47318852151293,6.830323,60.47849,Rv,13,,1759484287000,,0.0,1759491395000,1759491395000,1759484160000,,1759477087000,1759484195000,1759484195000,Uvær,2025-10-03
1087,46_RV13_S32,0.11091486904024019,51696.65386824019,6732583.528745706,489324544,5d41c7c8-ca8b-479d-aeee-09c3f521beca_1,NPRA_HBT_03-10-2025.157077,1,"Rv. 13 Hardangerbrua i Ulvik/Eidfjord, Vestland","Sterk vind, fare for stengt veg.",,,uvær,uvær,uvær,Certain,,1759492020000,6.823856120609264,60.48377145782033,6.836791862242444,60.47318852151293,6.830323,60.47849,Rv,13,,1759485188000,,0.0,1759492053000,1759492053000,1759484820000,,1759477988000,1759484853000,1759484853000,Uvær,2025-10-03
1088,46_RV13_S32,0.11091486904024019,51696.65386824019,6732583.528745706,489324544,5d41c7c8-ca8b-479d-aeee-09c3f521beca_2,NPRA_HBT_03-10-2025.157077,2,"Rv. 13 Hardangerbrua i Ulvik/Eidfjord, Vestland","Sterk vind, fare for stengt veg.",,,uvær,uvær,uvær,Certain,,1759492020000,6.823856120609264,60.48377145782033,6.836791862242444,60.47318852151293,6.830323,60.47849,Rv,13,,1759485188000,,0.0,1759492053000,1759492053000,1759484820000,,1759477988000,1759484853000,1759484853000,Uvær,2025-10-03
1089,46_RV13_S32,0.11091486904024019,51696.65386824019,6732583.528745706,490405888,710ac2e3-ae28-4ad9-b77e-ec55c32bb05e_1,NPRA_HBT_03-10-2025.157110,1,"Rv. 13 Hardangerbrua i Ulvik/Eidfjord, Vestland","Sterk vind, fare for stengt veg.",,,uvær,uvær,uvær,Certain,,1759494549000,6.823856120609264,60.48377145782033,6.836791862242444,60.47318852151293,6.830323,60.47849,Rv,13,,1759487889000,,0.0,1759494573000,1759494573000,1759487349000,,1759480689000,1759487373000,1759487373000,Uvær,2025-10-03
1090,46_RV13_S32,0.11091486904024019,51696.65386824019,6732583.528745706,490405888,710ac2e3-ae28-4ad9-b77e-ec55c32bb05e_2,NPRA_HBT_03-10-2025.157110,2,"Rv. 13 Hardangerbrua i Ulvik/Eidfjord, Vestland","Sterk vind, fare for stengt veg.",,,uvær,uvær,uvær,Certain,,1759494549000,6.823856120609264,60.48377145782033,6.836791862242444,60.47318852151293,6.830323,60.47849,Rv,13,,1759487889000,,0.0,1759494573000,1759494573000,1759487349000,,1759480689000,1759487373000,1759487373000,Uvær,2025-10-03
1091,46_RV13_S32,0.11091486904024019,51696.65386824019,6732583.528745706,491651072,1c0249e0-ee09-470a-9d67-22913b4836bc_1,NPRA_HBT_03-10-2025.157148,1,"Rv. 13 Hardangerbrua i Ulvik/Eidfjord, Vestland","Sterk vind, fare for stengt veg.",,,uvær,uvær,uvær,Certain,,1759496810000,6.823856120609264,60.48377145782033,6.836791862242444,60.47318852151293,6.830323,60.47849,Rv,13,,1759489690000,,0.0,1759496826000,1759496826000,1759489610000,,1759482490000,1759489626000,1759489626000,Uvær,2025-10-03
1092,46_RV13_S32,0.11091486904024019,51696.65386824019,6732583.528745706,491651072,1c0249e0-ee09-470a-9d67-22913b4836bc_2,NPRA_HBT_03-10-2025.157148,2,"Rv. 13 Hardangerbrua i Ulvik/Eidfjord, Vestland","Sterk vind, fare for stengt veg.",,,uvær,uvær,uvær,Certain,,1759496810000,6.823856120609264,60.48377145782033,6.836791862242444,60.47318852151293,6.830323,60.47849,Rv,13,,1759489690000,,0.0,1759496826000,1759496826000,1759489610000,,1759482490000,1759489626000,1759489626000,Uvær,2025-10-03
1093,46_RV13_S32,0.11091486904024019,51696.65386824019,6732583.528745706,493289472,5be0c120-33ff-483b-a157-e58311c9cc1b_1,NPRA_HBT_03-10-2025.157198,1,"Rv. 13 Hardangerbrua i Ulvik/Eidfjord, Vestland","Sterk vind, fare for stengt veg.",,,uvær,uvær,uvær,Certain,,1759499259000,6.823856120609264,60.48377145782033,6.836791862242444,60.47318852151293,6.830323,60.47849,Rv,13,,1759492388000,,0.0,1759499289000,1759499289000,1759492059000,,1759485188000,1759492089000,1759492089000,Uvær,2025-10-03
1094,46_RV13_S32,0.11091486904024019,51696.65386824019,6732583.528745706,493289472,5be0c120-33ff-483b-a157-e58311c9cc1b_2,NPRA_HBT_03-10-2025.157198,2,"Rv. 13 Hardangerbrua i Ulvik/Eidfjord, Vestland","Sterk vind, fare for stengt veg.",,,uvær,uvær,uvær,Certain,,1759499259000,6.823856120609264,60.48377145782033,6.836791862242444,60.47318852151293,6.830323,60.47849,Rv,13,,1759492388000,,0.0,1759499289000,1759499289000,1759492059000,,1759485188000,1759492089000,1759492089000,Uvær,2025-10-03
1095,46_RV13_S32,0.11091486904024019,51696.65386824019,6732583.528745706,495484928,6ce7a9e7-14b0-474d-8e5a-73c0d4c79078_1,NPRA_HBT_03-10-2025.157265,1,"Rv. 13 Hardangerbrua i Ulvik/Eidfjord, Vestland","Sterk vind, fare for stengt veg.",,,uvær,uvær,uvær,Certain,,1759503314000,6.823856120609264,60.48377145782033,6.836791862242444,60.47318852151293,6.830323,60.47849,Rv,13,,1759496888000,,0.0,1759503335000,1759503335000,1759496114000,,1759489688000,1759496135000,1759496135000,Uvær,2025-10-03
1096,46_RV13_S32,0.11091486904024019,51696.65386824019,6732583.528745706,495484928,6ce7a9e7-14b0-474d-8e5a-73c0d4c79078_2,NPRA_HBT_03-10-2025.157265,2,"Rv. 13 Hardangerbrua i Ulvik/Eidfjord, Vestland","Sterk vind, fare for stengt veg.",,,uvær,uvær,uvær,Certain,,1759503314000,6.823856120609264,60.48377145782033,6.836791862242444,60.47318852151293,6.830323,60.47849,Rv,13,,1759496888000,,0.0,1759503335000,1759503335000,1759496114000,,1759489688000,1759496135000,1759496135000,Uvær,2025-10-03
1097,46_RV13_S32,0.11091486904024019,51696.65386824019,6732583.528745706,496992256,5850c273-24c5-488d-972d-5ad8de871f6b_1,NPRA_HBT_03-10-2025.157311,1,"Rv. 13 Hardangerbrua i Ulvik/Eidfjord, Vestland","Sterk vind, fare for stengt veg.",,,uvær,uvær,uvær,Certain,,1759505969000,6.823856120609264,60.48377145782033,6.836791862242444,60.47318852151293,6.830323,60.47849,Rv,13,,1759499588000,,0.0,1759505976000,1759505976000,1759498769000,,1759492388000,1759498776000,1759498776000,Uvær,2025-10-03
1098,46_RV13_S32,0.11091486904024019,51696.65386824019,6732583.528745706,496992256,5850c273-24c5-488d-972d-5ad8de871f6b_2,NPRA_HBT_03-10-2025.157311,2,"Rv. 13 Hardangerbrua i Ulvik/Eidfjord, Vestland","Sterk vind, fare for stengt veg.",,,uvær,uvær,uvær,Certain,,1759505969000,6.823856120609264,60.48377145782033,6.836791862242444,60.47318852151293,6.830323,60.47849,Rv,13,,1759499588000,,0.0,1759505976000,1759505976000,1759498769000,,1759492388000,1759498776000,1759498776000,Uvær,2025-10-03
1099,46_RV13_S32,0.11091486904024019,51696.65386824019,6732583.528745706,500039680,b445ec64-ac91-4455-aae9-37d21a410db5_1,NPRA_HBT_03-10-2025.157404,1,"Rv. 13 Hardangerbrua i Ulvik/Eidfjord, Vestland","Sterk vind, fare for stengt veg.",,,uvær,uvær,uvær,Certain,,1759512918000,6.823856120609264,60.48377145782033,6.836791862242444,60.47318852151293,6.830323,60.47849,Rv,13,,1759505888000,,0.0,1759512933000,1759512933000,1759505718000,,1759498688000,1759505733000,1759505733000,Uvær,2025-10-03
1100,46_RV13_S32,0.11091486904024019,51696.65386824019,6732583.528745706,500039680,b445ec64-ac91-4455-aae9-37d21a410db5_2,NPRA_HBT_03-10-2025.157404,2,"Rv. 13 Hardangerbrua i Ulvik/Eidfjord, Vestland","Sterk vind, fare for stengt veg.",,,uvær,uvær,uvær,Certain,,1759512918000,6.823856120609264,60.48377145782033,6.836791862242444,60.47318852151293,6.830323,60.47849,Rv,13,,1759505888000,,0.0,1759512933000,1759512933000,1759505718000,,1759498688000,1759505733000,1759505733000,Uvær,2025-10-03
1101,46_RV13_S27,0.12420546863821136,32582.75007123797,6696840.585330453,500793344,e9b3bfd4-421b-4d42-b0f8-7af6078d7e63_1,NPRA_HBT_03-10-2025.157427,1,"Rv. 13 Rinden i Ullensvang, Vestland","Steinskred/steinsprang, ett stengt kjørefelt.",,,steinskred,steinskred,steinskred,Certain,1759521576000.0,1759514376000,,,,,6.5691566,60.1394,Rv,13,,1759507691000,,1.0,1759514522000,1759514522000,1759507176000,1759514376000.0,1759500491000,1759507322000,1759507322000,Steinsprang,2025-10-03
1102,46_RV13_S27,0.12420546863821136,32582.75007123797,6696840.585330453,500793344,e9b3bfd4-421b-4d42-b0f8-7af6078d7e63_2,NPRA_HBT_03-10-2025.157427,2,"Rv. 13 Rinden i Ullensvang, Vestland","Steinskred/steinsprang, ett stengt kjørefelt.",,,steinskred,steinskred,steinskred,Certain,1759521576000.0,1759514376000,,,,,6.5691566,60.1394,Rv,13,,1759507691000,,1.0,1759514522000,1759514522000,1759507176000,1759514376000.0,1759500491000,1759507322000,1759507322000,Steinsprang,2025-10-03
1103,46_RV13_S32,0.11091486904024019,51696.65386824019,6732583.528745706,501743616,e4d3baf3-cb0a-4648-9b8f-0f8295d12c7c_1,NPRA_HBT_03-10-2025.157456,1,"Rv. 13 Hardangerbrua i Ulvik/Eidfjord, Vestland","Sterk vind, fare for stengt veg.",,,uvær,uvær,uvær,Certain,,1759516717000,6.823856120609264,60.48377145782033,6.836791862242444,60.47318852151293,6.830323,60.47849,Rv,13,,1759510388000,,0.0,1759516744000,1759520221000,1759509517000,,1759503188000,1759509544000,1759513021000,Uvær,2025-10-03
1104,46_RV13_S32,0.11091486904024019,51696.65386824019,6732583.528745706,501743616,e4d3baf3-cb0a-4648-9b8f-0f8295d12c7c_2,NPRA_HBT_03-10-2025.157456,2,"Rv. 13 Hardangerbrua i Ulvik/Eidfjord, Vestland","Sterk vind, fare for stengt veg.",,,uvær,uvær,uvær,Certain,,1759516717000,6.823856120609264,60.48377145782033,6.836791862242444,60.47318852151293,6.830323,60.47849,Rv,13,,1759510388000,,0.0,1759516744000,1759520221000,1759509517000,,1759503188000,1759509544000,1759513021000,Uvær,2025-10-03
1105,46_RV13_S36,0.4749697506350265,38498.31425448443,6770111.808370683,503185408,14ab1121-f682-4ef4-99c4-72567bda9aa5_1,NPRA_HBT_03-10-2025.157500,1,"Rv. 13 Djupgrov i Voss, Vestland","Steinskred/steinsprang, ett stengt kjørefelt.",,,steinskred,steinskred,steinskred,Certain,1759535191000.0,1759520791000,,,,,6.504937,60.79691,Rv,13,,1759513988000,,1.0,1759520881000,1759520961000,1759513591000,1759527991000.0,1759506788000,1759513681000,1759513761000,Steinsprang,2025-10-03
1106,46_RV13_S36,0.4749697506350265,38498.31425448443,6770111.808370683,503185408,14ab1121-f682-4ef4-99c4-72567bda9aa5_2,NPRA_HBT_03-10-2025.157500,2,"Rv. 13 Djupgrov i Voss, Vestland","Steinskred/steinsprang, ett stengt kjørefelt.",,,steinskred,steinskred,steinskred,Certain,1759535191000.0,1759520791000,,,,,6.504937,60.79691,Rv,13,,1759513988000,,1.0,1759520961000,1759520961000,1759513591000,1759527991000.0,1759506788000,1759513761000,1759513761000,Steinsprang,2025-10-03
1107,46_RV13_S27,0.033683051870824404,32769.39682953572,6698019.025068021,503611392,ea89a801-5cd4-4288-980a-00518ce10322_1,NPRA_HBT_03-10-2025.157513,1,"Rv. 13 Skarvabjørgtunnelen i Ullensvang, Vestland",Trær/Busker.,,,,nedfalne trær,nedfalne trær,Certain,1759536530000.0,1759522130000,,,,,6.569783,60.15008,Rv,13,,1759515786000,,0.0,1759522222000,1759522222000,1759514930000,1759529330000.0,1759508586000,1759515022000,1759515022000,Trefall,2025-10-03
1108,46_RV13_S26,0.0371004359072811,30554.265153639368,6687549.425822293,504954880,dcf9e85f-690c-4cd3-bc11-c30ced46ebff_1,NPRA_HBT_03-10-2025.157554,1,"Rv. 13 Vasstun i Ullensvang, Vestland",Trær/Busker.,,,,nedfalne trær,nedfalne trær,Certain,1759531407000.0,1759524207000,,,,,6.5543294,60.05456,Rv,13,,1759517588000,,0.0,1759524292000,1759524292000,1759517007000,1759524207000.0,1759510388000,1759517092000,1759517092000,Trefall,2025-10-03
1109,46_RV13_S26,0.09345561043998213,30135.679986558564,6682495.086367437,505675776,439ae7c9-75b1-417c-a3fb-be356391513e_1,NPRA_HBT_03-10-2025.157576,1,"Rv. 13 Sandvin 32 i ULLENSVANG, Vestland","Trær/Busker, ett stengt kjørefelt, fare for stengt veg.",,,,nedfalne trær,nedfalne trær,Certain,1759539739000.0,1759525339000,,,,,6.558437,60.00919,Rv,13,,1759518486000,,1.0,1759525385000,1759525385000,1759518139000,1759532539000.0,1759511286000,1759518185000,1759518185000,Trefall,2025-10-03
1110,46_RV13_S26,0.09345561043998213,30135.679986558564,6682495.086367437,505675776,439ae7c9-75b1-417c-a3fb-be356391513e_2,NPRA_HBT_03-10-2025.157576,2,"Rv. 13 Sandvin 32 i ULLENSVANG, Vestland","Trær/Busker, ett stengt kjørefelt, fare for stengt veg.",,,,nedfalne trær,nedfalne trær,Certain,1759539739000.0,1759525339000,,,,,6.558437,60.00919,Rv,13,,1759518486000,,1.0,1759525385000,1759525385000,1759518139000,1759532539000.0,1759511286000,1759518185000,1759518185000,Trefall,2025-10-03
1111,46_RV13_S26,0.09345561043998213,30135.679986558564,6682495.086367437,505675776,439ae7c9-75b1-417c-a3fb-be356391513e_3,NPRA_HBT_03-10-2025.157576,3,"Rv. 13 Sandvin 32 i ULLENSVANG, Vestland","Trær/Busker, ett stengt kjørefelt, fare for stengt veg.",,,,nedfalne trær,nedfalne trær,Certain,1759539739000.0,1759525339000,,,,,6.558437,60.00919,Rv,13,,1759518486000,,1.0,1759525385000,1759525385000,1759518139000,1759532539000.0,1759511286000,1759518185000,1759518185000,Trefall,2025-10-03
1112,46_RV13_S25,0.2110268547296179,30201.73507264722,6679255.927058841,505708544,118a838f-4c2f-44a9-ab38-946633ef6a10_1,NPRA_HBT_03-10-2025.157577,1,"Rv. 13 Oddadalen i Ullensvang, Vestland",Trær/Busker.,,,,nedfalne trær,nedfalne trær,Certain,1759532663000.0,1759525463000,,,,,6.566986,59.980495,Rv,13,,1759519388000,,0.0,1759525778000,1759525778000,1759518263000,1759525463000.0,1759512188000,1759518578000,1759518578000,Trefall,2025-10-03
1113,46_RV13_S32,0.11091486904024019,51696.65386824019,6732583.528745706,507117568,213d66c7-2c0c-4dd4-b6c1-13ffce9e064e_1,NPRA_HBT_03-10-2025.157620,1,"Rv. 13 Hardangerbrua i Ulvik/Eidfjord, Vestland","Sterk vind, fare for stengt veg.",,,uvær,uvær,uvær,Certain,,1759528055000,6.823856120609264,60.48377145782033,6.836791862242444,60.47318852151293,6.830323,60.47849,Rv,13,,1759521188000,,0.0,1759528084000,1759538370000,1759520855000,,1759513988000,1759520884000,1759531170000,Uvær,2025-10-03
1114,46_RV13_S32,0.11091486904024019,51696.65386824019,6732583.528745706,507117568,213d66c7-2c0c-4dd4-b6c1-13ffce9e064e_2,NPRA_HBT_03-10-2025.157620,2,"Rv. 13 Hardangerbrua i Ulvik/Eidfjord, Vestland","Sterk vind, fare for stengt veg.",,,uvær,uvær,uvær,Certain,,1759528055000,6.823856120609264,60.48377145782033,6.836791862242444,60.47318852151293,6.830323,60.47849,Rv,13,,1759521188000,,0.0,1759528084000,1759538370000,1759520855000,,1759513988000,1759520884000,1759531170000,Uvær,2025-10-03
1115,46_RV13_S44,0.41387690595521665,50572.66405222693,6814783.97704964,508657664,0fd12d50-50ee-4595-93ee-13943897d3c4_1,NPRA_HBT_03-10-2025.157667,1,"Rv. 13 Kålhamrane i Sogndal, Vestland",Trær/Busker.,,,,nedfalne trær,nedfalne trær,Certain,1759544834000.0,1759530434000,,,,,6.6197715,61.207542,Rv,13,,1759523886000,,0.0,1759530499000,1759530499000,1759523234000,1759537634000.0,1759516686000,1759523299000,1759523299000,Trefall,2025-10-03
1118,46_RV13_S27,0.04471433825687865,32916.52442781022,6698230.918049866,511836160,11a3dedc-e7b6-440e-8d79-73feeba961ec_1,NPRA_HBT_03-10-2025.157764,1,"Rv. 13 Skarvabjørgtunnelen i Ullensvang, Vestland",Steinskred/steinsprang.,,,steinskred,steinskred,steinskred,Certain,1759549244000.0,1759534844000,,,,,6.571919,60.15213,Rv,13,,1759528390000,,0.0,1759534888000,1759534972000,1759527644000,1759542044000.0,1759521190000,1759527688000,1759527772000,Steinsprang,2025-10-03
1119,46_RV13_S31,0.2929272016780645,44845.7218442781,6725022.986821811,-1077805056,3723e1e1-2708-49a8-a85c-2929cd31b5b5_1,NPRA_HBT_04-10-2025.157828,1,"Rv. 13 Skjella i Ullensvang, Vestland",Steinskred/steinsprang.,,,steinskred,steinskred,steinskred,Certain,1759544444000.0,1759537244000,,,,,6.724208,60.403652,Rv,13,,1759531089000,,0.0,1759537375000,1759537375000,1759530044000,1759537244000.0,1759523889000,1759530175000,1759530175000,Steinsprang,2025-10-04
1120,46_RV13_S25,0.3455867107918373,30457.715431468096,6681285.852417564,-1077313536,055128b1-3c0b-4a4d-9906-120377dd479f_1,NPRA_HBT_04-10-2025.157843,1,"Rv. 13 Odda i Ullensvang, Vestland - rv. 13 Øyna i Ullensvang, Vestland, i retning mot Odda",Steinskred/steinsprang.,,,steinskred,steinskred,steinskred,Certain,1759552107000.0,1759537707000,6.546896169317854,60.065562963248475,6.582818517313889,59.93011070593331,6.566904,59.998817,Rv,13,,1759531089000,,0.0,1759537848000,1759538135000,1759530507000,1759544907000.0,1759523889000,1759530648000,1759530935000,Steinsprang,2025-10-04
1121,46_RV13_S25,0.06421869168982751,30682.403921323596,6675500.468620798,-1076953088,82b92b28-69c8-4075-930f-4a7bd6c543f7_1,NPRA_HBT_04-10-2025.157854,1,"Rv. 13 Låtefoss i Ullensvang, Vestland",Steinskred/steinsprang.,,,steinskred,steinskred,steinskred,Certain,1759552576000.0,1759538176000,,,,,6.5840316,59.947685,Rv,13,,1759531089000,,0.0,1759538229000,1759538229000,1759530976000,1759545376000.0,1759523889000,1759531029000,1759531029000,Steinsprang,2025-10-04
1122,46_RV13_S25,0.018005836512021808,30526.77284894255,6676421.049294472,-1076101120,b378408f-8a1e-4565-894d-1d17a0da8e7b_1,NPRA_HBT_04-10-2025.157880,1,"Rv. 13 Lauvstakkdalen i Ullensvang, Vestland",Trær/Busker.,,,,nedfalne trær,nedfalne trær,Certain,1759553718000.0,1759539318000,,,,,6.579187,59.955685,Rv,13,,1759532486000,,0.0,1759539398000,1759539398000,1759532118000,1759546518000.0,1759525286000,1759532198000,1759532198000,Trefall,2025-10-04
1124,46_RV13_S32,0.11091486904024019,51696.65386824019,6732583.528745706,-1072562176,389ff5c4-47f3-488c-8658-42be092b9e7f_1,NPRA_HBT_04-10-2025.157988,1,"Rv. 13 Hardangerbrua i Ulvik/Eidfjord, Vestland","Sterk vind, fare for stengt veg.",,,uvær,uvær,uvær,Certain,,1759543819000,6.823856120609264,60.48377145782033,6.836791862242444,60.47318852151293,6.830323,60.47849,Rv,13,,1759536986000,,0.0,1759543838000,1759545180000,1759536619000,,1759529786000,1759536638000,1759537980000,Uvær,2025-10-04
1125,46_RV13_S32,0.11091486904024019,51696.65386824019,6732583.528745706,-1072562176,389ff5c4-47f3-488c-8658-42be092b9e7f_2,NPRA_HBT_04-10-2025.157988,2,"Rv. 13 Hardangerbrua i Ulvik/Eidfjord, Vestland","Sterk vind, fare for stengt veg.",,,uvær,uvær,uvær,Certain,,1759543819000,6.823856120609264,60.48377145782033,6.836791862242444,60.47318852151293,6.830323,60.47849,Rv,13,,1759536986000,,0.0,1759543838000,1759545180000,1759536619000,,1759529786000,1759536638000,1759537980000,Uvær,2025-10-04
1127,46_RV13_S32,0.11091486904024019,51696.65386824019,6732583.528745706,-1067286528,8a254482-334d-44a5-8940-93794ab6c4e0_1,NPRA_HBT_04-10-2025.158149,1,"Rv. 13 Hardangerbrua i Ulvik/Eidfjord, Vestland","Sterk vind, fare for stengt veg.",,,uvær,uvær,uvær,Certain,,1759550949000,6.823856120609264,60.48377145782033,6.836791862242444,60.47318852151293,6.830323,60.47849,Rv,13,,1759544189000,,0.0,1759550976000,1759550976000,1759543749000,,1759536989000,1759543776000,1759543776000,Uvær,2025-10-04
1128,46_RV13_S32,0.11091486904024019,51696.65386824019,6732583.528745706,-1067286528,8a254482-334d-44a5-8940-93794ab6c4e0_2,NPRA_HBT_04-10-2025.158149,2,"Rv. 13 Hardangerbrua i Ulvik/Eidfjord, Vestland","Sterk vind, fare for stengt veg.",,,uvær,uvær,uvær,Certain,,1759550949000,6.823856120609264,60.48377145782033,6.836791862242444,60.47318852151293,6.830323,60.47849,Rv,13,,1759544189000,,0.0,1759550976000,1759550976000,1759543749000,,1759536989000,1759543776000,1759543776000,Uvær,2025-10-04
1129,46_RV13_S32,0.11091486904024019,51696.65386824019,6732583.528745706,-1066336256,4e781f42-bfab-49cf-9ebc-82a4fcfe8821_1,NPRA_HBT_04-10-2025.158178,1,"Rv. 13 Hardangerbrua i Ulvik/Eidfjord, Vestland","Sterk vind, fare for stengt veg.",,,uvær,uvær,uvær,Certain,,1759551959000,6.823856120609264,60.48377145782033,6.836791862242444,60.47318852151293,6.830323,60.47849,Rv,13,,1759545090000,,0.0,1759551971000,1759551971000,1759544759000,,1759537890000,1759544771000,1759544771000,Uvær,2025-10-04
1130,46_RV13_S32,0.11091486904024019,51696.65386824019,6732583.528745706,-1066336256,4e781f42-bfab-49cf-9ebc-82a4fcfe8821_2,NPRA_HBT_04-10-2025.158178,2,"Rv. 13 Hardangerbrua i Ulvik/Eidfjord, Vestland","Sterk vind, fare for stengt veg.",,,uvær,uvær,uvær,Certain,,1759551959000,6.823856120609264,60.48377145782033,6.836791862242444,60.47318852151293,6.830323,60.47849,Rv,13,,1759545090000,,0.0,1759551971000,1759551971000,1759544759000,,1759537890000,1759544771000,1759544771000,Uvær,2025-10-04
1131,46_RV13_S32,0.11091486904024019,51696.65386824019,6732583.528745706,-1065451520,671af5bf-482f-4058-90d5-c7652d19ba5b_1,NPRA_HBT_04-10-2025.158205,1,"Rv. 13 Hardangerbrua i Ulvik/Eidfjord, Vestland","Sterk vind, fare for stengt veg.",,,uvær,uvær,uvær,Certain,,1759553058000,6.823856120609264,60.48377145782033,6.836791862242444,60.47318852151293,6.830323,60.47849,Rv,13,,1759545987000,,0.0,1759553074000,1759553074000,1759545858000,,1759538787000,1759545874000,1759545874000,Uvær,2025-10-04
1132,46_RV13_S32,0.11091486904024019,51696.65386824019,6732583.528745706,-1065451520,671af5bf-482f-4058-90d5-c7652d19ba5b_2,NPRA_HBT_04-10-2025.158205,2,"Rv. 13 Hardangerbrua i Ulvik/Eidfjord, Vestland","Sterk vind, fare for stengt veg.",,,uvær,uvær,uvær,Certain,,1759553058000,6.823856120609264,60.48377145782033,6.836791862242444,60.47318852151293,6.830323,60.47849,Rv,13,,1759545987000,,0.0,1759553074000,1759553074000,1759545858000,,1759538787000,1759545874000,1759545874000,Uvær,2025-10-04
1133,46_RV13_S32,0.11091486904024019,51696.65386824019,6732583.528745706,-1061191680,06284b07-5fd8-4f7f-819d-798256f925c9_1,NPRA_HBT_04-10-2025.158335,1,"Rv. 13 Hardangerbrua i Ulvik/Eidfjord, Vestland","Sterk vind, fare for stengt veg.",,,uvær,uvær,uvær,Certain,,1759557498000,6.823856120609264,60.48377145782033,6.836791862242444,60.47318852151293,6.830323,60.47849,Rv,13,,1759550487000,,0.0,1759557515000,1759557515000,1759550298000,,1759543287000,1759550315000,1759550315000,Uvær,2025-10-04
1134,46_RV13_S32,0.11091486904024019,51696.65386824019,6732583.528745706,-1061191680,06284b07-5fd8-4f7f-819d-798256f925c9_2,NPRA_HBT_04-10-2025.158335,2,"Rv. 13 Hardangerbrua i Ulvik/Eidfjord, Vestland","Sterk vind, fare for stengt veg.",,,uvær,uvær,uvær,Certain,,1759557498000,6.823856120609264,60.48377145782033,6.836791862242444,60.47318852151293,6.830323,60.47849,Rv,13,,1759550487000,,0.0,1759557515000,1759557515000,1759550298000,,1759543287000,1759550315000,1759550315000,Uvær,2025-10-04
1135,46_RV13_S31,0.12054163873750058,48342.47453375661,6728650.210613575,-1060798464,2c92fd36-82e1-49b2-bb8a-ec1b6ccc5e5e_1,NPRA_HBT_04-10-2025.158347,1,"Rv. 13 Ringøy i Ullensvang, Vestland",Steinskred/steinsprang.,,,steinskred,steinskred,steinskred,Certain,1759572294000.0,1759557894000,,,,,6.778833,60.4398,Rv,13,,1759551387000,,0.0,1759558003000,1759558003000,1759550694000,1759565094000.0,1759544187000,1759550803000,1759550803000,Steinsprang,2025-10-04
1136,46_RV13_S32,0.11091486904024019,51696.65386824019,6732583.528745706,-1054408704,afdf3eb7-9cfa-420c-a67d-4b0218a59086_1,NPRA_HBT_04-10-2025.158542,1,"Rv. 13 Hardangerbrua i Ulvik/Eidfjord, Vestland","Sterk vind, fare for stengt veg.",,,uvær,uvær,uvær,Certain,,1759564803000,6.823856120609264,60.48377145782033,6.836791862242444,60.47318852151293,6.830323,60.47849,Rv,13,,1759557693000,,0.0,1759564837000,1759564837000,1759557603000,,1759550493000,1759557637000,1759557637000,Uvær,2025-10-04
1137,46_RV13_S32,0.11091486904024019,51696.65386824019,6732583.528745706,-1054408704,afdf3eb7-9cfa-420c-a67d-4b0218a59086_2,NPRA_HBT_04-10-2025.158542,2,"Rv. 13 Hardangerbrua i Ulvik/Eidfjord, Vestland","Sterk vind, fare for stengt veg.",,,uvær,uvær,uvær,Certain,,1759564803000,6.823856120609264,60.48377145782033,6.836791862242444,60.47318852151293,6.830323,60.47849,Rv,13,,1759557693000,,0.0,1759564837000,1759564837000,1759557603000,,1759550493000,1759557637000,1759557637000,Uvær,2025-10-04
1138,46_RV13_S32,0.11091486904024019,51696.65386824019,6732583.528745706,-1053851648,4e6b4060-575e-483c-a67a-6a0a4d24e17c_1,NPRA_HBT_04-10-2025.158559,1,"Rv. 13 Hardangerbrua i Ulvik/Eidfjord, Vestland","Sterk vind, fare for stengt veg.",,,uvær,uvær,uvær,Certain,,1759565393000,6.823856120609264,60.48377145782033,6.836791862242444,60.47318852151293,6.830323,60.47849,Rv,13,,1759558589000,,0.0,1759565407000,1759565407000,1759558193000,,1759551389000,1759558207000,1759558207000,Uvær,2025-10-04
1139,46_RV13_S32,0.11091486904024019,51696.65386824019,6732583.528745706,-1053851648,4e6b4060-575e-483c-a67a-6a0a4d24e17c_2,NPRA_HBT_04-10-2025.158559,2,"Rv. 13 Hardangerbrua i Ulvik/Eidfjord, Vestland","Sterk vind, fare for stengt veg.",,,uvær,uvær,uvær,Certain,,1759565393000,6.823856120609264,60.48377145782033,6.836791862242444,60.47318852151293,6.830323,60.47849,Rv,13,,1759558589000,,0.0,1759565407000,1759565407000,1759558193000,,1759551389000,1759558207000,1759558207000,Uvær,2025-10-04
1143,46_RV13_S44,0.6467010448289682,51643.139184479485,6814740.063927251,-1050148864,c402fb75-28ee-4290-8e71-a40e0940c634_1,NPRA_HBT_04-10-2025.158672,1,"Rv. 13 Kobbaneset i Sogndal, Vestland","Trær/Busker, vegen er stengt.",,,,nedfalne trær,nedfalne trær,Certain,1759586400000.0,1759568965000,,,,,6.639586,61.208378,Rv,13,,1759562191000,,2.0,1759569098000,1759569098000,1759561765000,1759579200000.0,1759554991000,1759561898000,1759561898000,Trefall,2025-10-04
1144,46_RV13_S44,0.6467010448289682,51643.139184479485,6814740.063927251,-1050148864,c402fb75-28ee-4290-8e71-a40e0940c634_2,NPRA_HBT_04-10-2025.158672,2,"Rv. 13 Kobbaneset i Sogndal, Vestland","Trær/Busker, vegen er stengt.",,,,nedfalne trær,nedfalne trær,Certain,1759586400000.0,1759568965000,,,,,6.639586,61.208378,Rv,13,,1759562191000,,2.0,1759569098000,1759569098000,1759561765000,1759579200000.0,1759554991000,1759561898000,1759561898000,Trefall,2025-10-04
1145,46_RV13_S32,0.11091486904024019,51696.65386824019,6732583.528745706,-1045200896,9c4dfc37-3b88-49ef-a694-3ff41bd53bad_1,NPRA_HBT_04-10-2025.158823,1,"Rv. 13 Hardangerbrua i Ulvik/Eidfjord, Vestland","Sterk vind, fare for stengt veg.",,,uvær,uvær,uvær,Certain,,1759573577000,6.823856120609264,60.48377145782033,6.836791862242444,60.47318852151293,6.830323,60.47849,Rv,13,,1759566692000,,0.0,1759573606000,1759573606000,1759566377000,,1759559492000,1759566406000,1759566406000,Uvær,2025-10-04
1146,46_RV13_S32,0.11091486904024019,51696.65386824019,6732583.528745706,-1045200896,9c4dfc37-3b88-49ef-a694-3ff41bd53bad_2,NPRA_HBT_04-10-2025.158823,2,"Rv. 13 Hardangerbrua i Ulvik/Eidfjord, Vestland","Sterk vind, fare for stengt veg.",,,uvær,uvær,uvær,Certain,,1759573577000,6.823856120609264,60.48377145782033,6.836791862242444,60.47318852151293,6.830323,60.47849,Rv,13,,1759566692000,,0.0,1759573606000,1759573606000,1759566377000,,1759559492000,1759566406000,1759566406000,Uvær,2025-10-04
1147,46_RV13_S31,0.13621281155513784,44016.76846734382,6724220.540849952,-1029013504,8e3f0ee6-6827-41fb-b479-df4b5fc9a1d0_1,NPRA_HBT_04-10-2025.159317,1,"Rv. 13 Kyrkjenes i Ullensvang, Vestland","Trær/Busker, vegen er stengt.
oppryddingsarbeid! 2X15min stenging",,,,nedfalne trær,nedfalne trær,Certain,1759600800000.0,1759597200000,,,,,6.7111454,60.39559,Rv,13,,1759589189000,,2.0,1759596055000,1759598182000,1759590000000,1759593600000.0,1759581989000,1759588855000,1759590982000,Trefall,2025-10-04
1148,46_RV13_S31,0.13621281155513784,44016.76846734382,6724220.540849952,-1029013504,8e3f0ee6-6827-41fb-b479-df4b5fc9a1d0_2,NPRA_HBT_04-10-2025.159317,2,"Rv. 13 Kyrkjenes i Ullensvang, Vestland","Trær/Busker, vegen er stengt.
oppryddingsarbeid! 2X15min stenging",,,,nedfalne trær,nedfalne trær,Certain,1759600800000.0,1759597200000,,,,,6.7111454,60.39559,Rv,13,,1759589189000,,2.0,1759596055000,1759598182000,1759590000000,1759593600000.0,1759581989000,1759588855000,1759590982000,Trefall,2025-10-04
1152,46_RV13_S32,0.11091486904024019,51696.65386824019,6732583.528745706,-302743552,083cffce-8812-4972-9198-f99f0ecdefbc_1,NPRA_HBT_09-10-2025.162217,1,"Rv. 13 Hardangerbrua i Ulvik/Eidfjord, Vestland","Sterk vind, fare for stengt veg.",,,uvær,uvær,uvær,Certain,,1759995805000,6.823856120609264,60.48377145782033,6.836791862242444,60.47318852151293,6.830323,60.47849,Rv,13,,1759989314000,,0.0,1759995814000,1759995814000,1759988605000,,1759982114000,1759988614000,1759988614000,Uvær,2025-10-09
1153,46_RV13_S32,0.11091486904024019,51696.65386824019,6732583.528745706,-302743552,083cffce-8812-4972-9198-f99f0ecdefbc_2,NPRA_HBT_09-10-2025.162217,2,"Rv. 13 Hardangerbrua i Ulvik/Eidfjord, Vestland","Sterk vind, fare for stengt veg.",,,uvær,uvær,uvær,Certain,,1759995805000,6.823856120609264,60.48377145782033,6.836791862242444,60.47318852151293,6.830323,60.47849,Rv,13,,1759989314000,,0.0,1759995814000,1759995814000,1759988605000,,1759982114000,1759988614000,1759988614000,Uvær,2025-10-09
1156,46_RV13_S32,0.11091486904024019,51696.65386824019,6732583.528745706,-300646400,b64181a0-3797-471d-b1a4-980dc72428b9_1,NPRA_HBT_09-10-2025.162281,1,"Rv. 13 Hardangerbrua i Ulvik/Eidfjord, Vestland","Sterk vind, fare for stengt veg.",,,uvær,uvær,uvær,Certain,,1760001015000,6.823856120609264,60.48377145782033,6.836791862242444,60.47318852151293,6.830323,60.47849,Rv,13,,1759994715000,,0.0,1760001037000,1760001037000,1759993815000,,1759987515000,1759993837000,1759993837000,Uvær,2025-10-09
1157,46_RV13_S32,0.11091486904024019,51696.65386824019,6732583.528745706,-300646400,b64181a0-3797-471d-b1a4-980dc72428b9_2,NPRA_HBT_09-10-2025.162281,2,"Rv. 13 Hardangerbrua i Ulvik/Eidfjord, Vestland","Sterk vind, fare for stengt veg.",,,uvær,uvær,uvær,Certain,,1760001015000,6.823856120609264,60.48377145782033,6.836791862242444,60.47318852151293,6.830323,60.47849,Rv,13,,1759994715000,,0.0,1760001037000,1760001037000,1759993815000,,1759987515000,1759993837000,1759993837000,Uvær,2025-10-09
1158,46_RV13_S32,0.11091486904024019,51696.65386824019,6732583.528745706,-299040768,1ac704b5-7b39-4eb5-abfe-6409a96cfa4b_1,NPRA_HBT_09-10-2025.162330,1,"Rv. 13 Hardangerbrua i Ulvik/Eidfjord, Vestland","Sterk vind, fare for stengt veg.",,,uvær,uvær,uvær,Certain,,1760004504000,6.823856120609264,60.48377145782033,6.836791862242444,60.47318852151293,6.830323,60.47849,Rv,13,,1759997419000,,0.0,1760004518000,1760004518000,1759997304000,,1759990219000,1759997318000,1759997318000,Uvær,2025-10-09
1159,46_RV13_S32,0.11091486904024019,51696.65386824019,6732583.528745706,-299040768,1ac704b5-7b39-4eb5-abfe-6409a96cfa4b_2,NPRA_HBT_09-10-2025.162330,2,"Rv. 13 Hardangerbrua i Ulvik/Eidfjord, Vestland","Sterk vind, fare for stengt veg.",,,uvær,uvær,uvær,Certain,,1760004504000,6.823856120609264,60.48377145782033,6.836791862242444,60.47318852151293,6.830323,60.47849,Rv,13,,1759997419000,,0.0,1760004518000,1760004518000,1759997304000,,1759990219000,1759997318000,1759997318000,Uvær,2025-10-09
1160,46_RV13_S32,0.11091486904024019,51696.65386824019,6732583.528745706,-298516480,54dcbaeb-c4f5-4857-a269-3a03d9887bcc_1,NPRA_HBT_09-10-2025.162346,1,"Rv. 13 Hardangerbrua i Ulvik/Eidfjord, Vestland","Sterk vind, fare for stengt veg.",,,uvær,uvær,uvær,Certain,,1760005724000,6.823856120609264,60.48377145782033,6.836791862242444,60.47318852151293,6.830323,60.47849,Rv,13,,1759999218000,,0.0,1760005744000,1760005744000,1759998524000,,1759992018000,1759998544000,1759998544000,Uvær,2025-10-09
1161,46_RV13_S32,0.11091486904024019,51696.65386824019,6732583.528745706,-298516480,54dcbaeb-c4f5-4857-a269-3a03d9887bcc_2,NPRA_HBT_09-10-2025.162346,2,"Rv. 13 Hardangerbrua i Ulvik/Eidfjord, Vestland","Sterk vind, fare for stengt veg.",,,uvær,uvær,uvær,Certain,,1760005724000,6.823856120609264,60.48377145782033,6.836791862242444,60.47318852151293,6.830323,60.47849,Rv,13,,1759999218000,,0.0,1760005744000,1760005744000,1759998524000,,1759992018000,1759998544000,1759998544000,Uvær,2025-10-09
1162,46_RV13_S32,0.11091486904024019,51696.65386824019,6732583.528745706,-297926656,58485682-8ee6-4aa9-994a-7bf4582139b5_1,NPRA_HBT_09-10-2025.162364,1,"Rv. 13 Hardangerbrua i Ulvik/Eidfjord, Vestland","Sterk vind, fare for stengt veg.",,,uvær,uvær,uvær,Certain,,1760009043000,6.823856120609264,60.48377145782033,6.836791862242444,60.47318852151293,6.830323,60.47849,Rv,13,,1760001915000,,0.0,1760009076000,1760009076000,1760001843000,,1759994715000,1760001876000,1760001876000,Uvær,2025-10-09
1163,46_RV13_S32,0.11091486904024019,51696.65386824019,6732583.528745706,-297926656,58485682-8ee6-4aa9-994a-7bf4582139b5_2,NPRA_HBT_09-10-2025.162364,2,"Rv. 13 Hardangerbrua i Ulvik/Eidfjord, Vestland","Sterk vind, fare for stengt veg.",,,uvær,uvær,uvær,Certain,,1760009043000,6.823856120609264,60.48377145782033,6.836791862242444,60.47318852151293,6.830323,60.47849,Rv,13,,1760001915000,,0.0,1760009076000,1760009076000,1760001843000,,1759994715000,1760001876000,1760001876000,Uvær,2025-10-09
1164,46_RV13_S32,0.11091486904024019,51696.65386824019,6732583.528745706,-296812544,9982e19e-97e5-457c-b4e9-07e5c6e7f62f_1,NPRA_HBT_09-10-2025.162398,1,"Rv. 13 Hardangerbrua i Ulvik/Eidfjord, Vestland","Sterk vind, fare for stengt veg.",,,uvær,uvær,uvær,Certain,,1760012138000,6.823856120609264,60.48377145782033,6.836791862242444,60.47318852151293,6.830323,60.47849,Rv,13,,1760005516000,,0.0,1760012163000,1760012163000,1760004938000,,1759998316000,1760004963000,1760004963000,Uvær,2025-10-09
1165,46_RV13_S32,0.11091486904024019,51696.65386824019,6732583.528745706,-296812544,9982e19e-97e5-457c-b4e9-07e5c6e7f62f_2,NPRA_HBT_09-10-2025.162398,2,"Rv. 13 Hardangerbrua i Ulvik/Eidfjord, Vestland","Sterk vind, fare for stengt veg.",,,uvær,uvær,uvær,Certain,,1760012138000,6.823856120609264,60.48377145782033,6.836791862242444,60.47318852151293,6.830323,60.47849,Rv,13,,1760005516000,,0.0,1760012163000,1760012163000,1760004938000,,1759998316000,1760004963000,1760004963000,Uvær,2025-10-09
1166,46_RV13_S32,0.11091486904024019,51696.65386824019,6732583.528745706,-295862272,c51b3f75-5619-4a29-84e4-d2b4e1eb6cfa_1,NPRA_HBT_09-10-2025.162427,1,"Rv. 13 Hardangerbrua i Ulvik/Eidfjord, Vestland","Sterk vind, fare for stengt veg.",,,uvær,uvær,uvær,Certain,,1760014938000,6.823856120609264,60.48377145782033,6.836791862242444,60.47318852151293,6.830323,60.47849,Rv,13,,1760008218000,,0.0,1760014954000,1760014954000,1760007738000,,1760001018000,1760007754000,1760007754000,Uvær,2025-10-09
1167,46_RV13_S32,0.11091486904024019,51696.65386824019,6732583.528745706,-295862272,c51b3f75-5619-4a29-84e4-d2b4e1eb6cfa_2,NPRA_HBT_09-10-2025.162427,2,"Rv. 13 Hardangerbrua i Ulvik/Eidfjord, Vestland","Sterk vind, fare for stengt veg.",,,uvær,uvær,uvær,Certain,,1760014938000,6.823856120609264,60.48377145782033,6.836791862242444,60.47318852151293,6.830323,60.47849,Rv,13,,1760008218000,,0.0,1760014954000,1760014954000,1760007738000,,1760001018000,1760007754000,1760007754000,Uvær,2025-10-09
1168,46_RV13_S32,0.11091486904024019,51696.65386824019,6732583.528745706,-294748160,80622f4b-1b7c-4533-a8d3-07207834bea2_1,NPRA_HBT_09-10-2025.162461,1,"Rv. 13 Hardangerbrua i Ulvik/Eidfjord, Vestland","Sterk vind, fare for stengt veg.",,,uvær,uvær,uvær,Certain,,1760017683000,6.823856120609264,60.48377145782033,6.836791862242444,60.47318852151293,6.830323,60.47849,Rv,13,,1760010919000,,0.0,1760017715000,1760017715000,1760010483000,,1760003719000,1760010515000,1760010515000,Uvær,2025-10-09
1169,46_RV13_S32,0.11091486904024019,51696.65386824019,6732583.528745706,-294748160,80622f4b-1b7c-4533-a8d3-07207834bea2_2,NPRA_HBT_09-10-2025.162461,2,"Rv. 13 Hardangerbrua i Ulvik/Eidfjord, Vestland","Sterk vind, fare for stengt veg.",,,uvær,uvær,uvær,Certain,,1760017683000,6.823856120609264,60.48377145782033,6.836791862242444,60.47318852151293,6.830323,60.47849,Rv,13,,1760010919000,,0.0,1760017715000,1760017715000,1760010483000,,1760003719000,1760010515000,1760010515000,Uvær,2025-10-09
1170,46_RV13_S30,0.1390333704557434,43871.082794732065,6721849.890135563,-294322176,f75f2dfc-b220-474b-85c9-896482ee33b3_1,NPRA_HBT_09-10-2025.162474,1,"Rv. 13 Kinsarvik i Ullensvang, Vestland","Trær/Busker, vegen er stengt.",,,,nedfalne trær,nedfalne trær,Certain,1760025448000.0,1760018248000,,,,,6.713919,60.374363,Rv,13,,1760011818000,,2.0,1760018361000,1760018361000,1760011048000,1760018248000.0,1760004618000,1760011161000,1760011161000,Trefall,2025-10-09
1171,46_RV13_S30,0.1390333704557434,43871.082794732065,6721849.890135563,-294322176,f75f2dfc-b220-474b-85c9-896482ee33b3_2,NPRA_HBT_09-10-2025.162474,2,"Rv. 13 Kinsarvik i Ullensvang, Vestland","Trær/Busker, vegen er stengt.",,,,nedfalne trær,nedfalne trær,Certain,1760025448000.0,1760018248000,,,,,6.713919,60.374363,Rv,13,,1760011818000,,2.0,1760018361000,1760018361000,1760011048000,1760018248000.0,1760004618000,1760011161000,1760011161000,Trefall,2025-10-09
1172,46_RV13_S32,0.11091486904024019,51696.65386824019,6732583.528745706,-293011456,51fa6575-01b6-44a1-9cf6-1867795fafb3_1,NPRA_HBT_09-10-2025.162514,1,"Rv. 13 Hardangerbrua i Ulvik/Eidfjord, Vestland","Sterk vind, fare for stengt veg.",,,uvær,uvær,uvær,Certain,,1760020433000,6.823856120609264,60.48377145782033,6.836791862242444,60.47318852151293,6.830323,60.47849,Rv,13,,1760013616000,,0.0,1760020444000,1760020444000,1760013233000,,1760006416000,1760013244000,1760013244000,Uvær,2025-10-09
1173,46_RV13_S32,0.11091486904024019,51696.65386824019,6732583.528745706,-293011456,51fa6575-01b6-44a1-9cf6-1867795fafb3_2,NPRA_HBT_09-10-2025.162514,2,"Rv. 13 Hardangerbrua i Ulvik/Eidfjord, Vestland","Sterk vind, fare for stengt veg.",,,uvær,uvær,uvær,Certain,,1760020433000,6.823856120609264,60.48377145782033,6.836791862242444,60.47318852151293,6.830323,60.47849,Rv,13,,1760013616000,,0.0,1760020444000,1760020444000,1760013233000,,1760006416000,1760013244000,1760013244000,Uvær,2025-10-09
1174,46_RV13_S32,0.11091486904024019,51696.65386824019,6732583.528745706,-285048832,edd2e53c-61b5-4d88-a915-733e1ae29207_1,NPRA_HBT_09-10-2025.162757,1,"Rv. 13 Hardangerbrua i Ulvik/Eidfjord, Vestland","Sterk vind, fare for stengt veg.",,,uvær,uvær,uvær,Certain,,1760047319000,6.823856120609264,60.48377145782033,6.836791862242444,60.47318852151293,6.830323,60.47849,Rv,13,,1760040615000,,0.0,1760047324000,1760047324000,1760040119000,,1760033415000,1760040124000,1760040124000,Uvær,2025-10-09
1175,46_RV13_S32,0.11091486904024019,51696.65386824019,6732583.528745706,-285048832,edd2e53c-61b5-4d88-a915-733e1ae29207_2,NPRA_HBT_09-10-2025.162757,2,"Rv. 13 Hardangerbrua i Ulvik/Eidfjord, Vestland","Sterk vind, fare for stengt veg.",,,uvær,uvær,uvær,Certain,,1760047319000,6.823856120609264,60.48377145782033,6.836791862242444,60.47318852151293,6.830323,60.47849,Rv,13,,1760040615000,,0.0,1760047324000,1760047324000,1760040119000,,1760033415000,1760040124000,1760040124000,Uvær,2025-10-09
1176,46_RV13_S32,0.11091486904024019,51696.65386824019,6732583.528745706,-1875378176,5b1f12b0-5dbd-4469-8a4d-d62efe3bc5e6_1,NPRA_HBT_10-10-2025.162800,1,"Rv. 13 Hardangerbrua i Ulvik/Eidfjord, Vestland","Sterk vind, fare for stengt veg.",,,uvær,uvær,uvær,Certain,,1760055193000,6.823856120609264,60.48377145782033,6.836791862242444,60.47318852151293,6.830323,60.47849,Rv,13,,1760048715000,,0.0,1760055212000,1760055212000,1760047993000,,1760041515000,1760048012000,1760048012000,Uvær,2025-10-10
1177,46_RV13_S32,0.11091486904024019,51696.65386824019,6732583.528745706,-1875378176,5b1f12b0-5dbd-4469-8a4d-d62efe3bc5e6_2,NPRA_HBT_10-10-2025.162800,2,"Rv. 13 Hardangerbrua i Ulvik/Eidfjord, Vestland","Sterk vind, fare for stengt veg.",,,uvær,uvær,uvær,Certain,,1760055193000,6.823856120609264,60.48377145782033,6.836791862242444,60.47318852151293,6.830323,60.47849,Rv,13,,1760048715000,,0.0,1760055212000,1760055212000,1760047993000,,1760041515000,1760048012000,1760048012000,Uvær,2025-10-10
1178,46_RV13_S32,0.11091486904024019,51696.65386824019,6732583.528745706,-1875050496,3bed270a-5fde-4436-8a52-3c05b1c9419e_1,NPRA_HBT_10-10-2025.162810,1,"Rv. 13 Hardangerbrua i Ulvik/Eidfjord, Vestland","Sterk vind, fare for stengt veg.",,,uvær,uvær,uvær,Certain,,1760057248000,6.823856120609264,60.48377145782033,6.836791862242444,60.47318852151293,6.830323,60.47849,Rv,13,,1760050201000,,0.0,1760057253000,1760057253000,1760050048000,,1760043001000,1760050053000,1760050053000,Uvær,2025-10-10
1179,46_RV13_S32,0.11091486904024019,51696.65386824019,6732583.528745706,-1875050496,3bed270a-5fde-4436-8a52-3c05b1c9419e_2,NPRA_HBT_10-10-2025.162810,2,"Rv. 13 Hardangerbrua i Ulvik/Eidfjord, Vestland","Sterk vind, fare for stengt veg.",,,uvær,uvær,uvær,Certain,,1760057248000,6.823856120609264,60.48377145782033,6.836791862242444,60.47318852151293,6.830323,60.47849,Rv,13,,1760050201000,,0.0,1760057253000,1760057253000,1760050048000,,1760043001000,1760050053000,1760050053000,Uvær,2025-10-10
1180,46_RV13_S32,0.11091486904024019,51696.65386824019,6732583.528745706,-1874919424,f17e9668-c499-43ec-bc38-8b6e3326ea9f_1,NPRA_HBT_10-10-2025.162814,1,"Rv. 13 Hardangerbrua i Ulvik/Eidfjord, Vestland","Sterk vind, fare for stengt veg.",,,uvær,uvær,uvær,Certain,,1760058977000,6.823856120609264,60.48377145782033,6.836791862242444,60.47318852151293,6.830323,60.47849,Rv,13,,1760051999000,,0.0,1760058994000,1760058994000,1760051777000,,1760044799000,1760051794000,1760051794000,Uvær,2025-10-10
1181,46_RV13_S32,0.11091486904024019,51696.65386824019,6732583.528745706,-1874919424,f17e9668-c499-43ec-bc38-8b6e3326ea9f_2,NPRA_HBT_10-10-2025.162814,2,"Rv. 13 Hardangerbrua i Ulvik/Eidfjord, Vestland","Sterk vind, fare for stengt veg.",,,uvær,uvær,uvær,Certain,,1760058977000,6.823856120609264,60.48377145782033,6.836791862242444,60.47318852151293,6.830323,60.47849,Rv,13,,1760051999000,,0.0,1760058994000,1760058994000,1760051777000,,1760044799000,1760051794000,1760051794000,Uvær,2025-10-10
1182,46_RV13_S32,0.11091486904024019,51696.65386824019,6732583.528745706,-1874755584,de90e68c-dbf5-4051-ac4b-1cd35239552b_1,NPRA_HBT_10-10-2025.162819,1,"Rv. 13 Hardangerbrua i Ulvik/Eidfjord, Vestland","Sterk vind, fare for stengt veg.",,,uvær,uvær,uvær,Certain,,1760060617000,6.823856120609264,60.48377145782033,6.836791862242444,60.47318852151293,6.830323,60.47849,Rv,13,,1760053802000,,0.0,1760060643000,1760060643000,1760053417000,,1760046602000,1760053443000,1760053443000,Uvær,2025-10-10
1183,46_RV13_S32,0.11091486904024019,51696.65386824019,6732583.528745706,-1874755584,de90e68c-dbf5-4051-ac4b-1cd35239552b_2,NPRA_HBT_10-10-2025.162819,2,"Rv. 13 Hardangerbrua i Ulvik/Eidfjord, Vestland","Sterk vind, fare for stengt veg.",,,uvær,uvær,uvær,Certain,,1760060617000,6.823856120609264,60.48377145782033,6.836791862242444,60.47318852151293,6.830323,60.47849,Rv,13,,1760053802000,,0.0,1760060643000,1760060643000,1760053417000,,1760046602000,1760053443000,1760053443000,Uvær,2025-10-10
1184,46_RV13_S36,0.4696843397073791,38434.357142468914,6770301.461999049,-1864859648,e9cc6b42-17ab-4160-823b-0866838b12df_1,NPRA_HBT_10-10-2025.163121,1,"Rv. 13 Djupgrov i Voss, Vestland",Steinskred/steinsprang.,,,steinskred,steinskred,steinskred,Certain,1760106236000.0,1760099036000,,,,,6.5033255,60.79852,Rv,13,,1760092502000,,0.0,1760099179000,1760099179000,1760091836000,1760099036000.0,1760085302000,1760091979000,1760091979000,Steinsprang,2025-10-10
1185,46_RV13_S32,0.11091486904024019,51696.65386824019,6732583.528745706,-1862402048,ea98aeef-3999-4527-aad8-92f63ae3a9a8_1,NPRA_HBT_10-10-2025.163196,1,"Rv. 13 Hardangerbrua i Ulvik/Eidfjord, Vestland","Sterk vind, fare for stengt veg.",,,uvær,uvær,uvær,Certain,,1760102543000,6.823856120609264,60.48377145782033,6.836791862242444,60.47318852151293,6.830323,60.47849,Rv,13,,1760096102000,,0.0,1760102555000,1760102555000,1760095343000,,1760088902000,1760095355000,1760095355000,Uvær,2025-10-10
1186,46_RV13_S32,0.11091486904024019,51696.65386824019,6732583.528745706,-1862402048,ea98aeef-3999-4527-aad8-92f63ae3a9a8_2,NPRA_HBT_10-10-2025.163196,2,"Rv. 13 Hardangerbrua i Ulvik/Eidfjord, Vestland","Sterk vind, fare for stengt veg.",,,uvær,uvær,uvær,Certain,,1760102543000,6.823856120609264,60.48377145782033,6.836791862242444,60.47318852151293,6.830323,60.47849,Rv,13,,1760096102000,,0.0,1760102555000,1760102555000,1760095343000,,1760088902000,1760095355000,1760095355000,Uvær,2025-10-10
1187,46_RV13_S32,0.11091486904024019,51696.65386824019,6732583.528745706,-1851621376,99a33ada-d9cd-4a3b-ae61-e5123e255eae_1,NPRA_HBT_10-10-2025.163525,1,"Rv. 13 Hardangerbrua i Ulvik/Eidfjord, Vestland","Sterk vind, fare for stengt veg.",,,uvær,uvær,uvær,Certain,,1760140279000,6.823856120609264,60.48377145782033,6.836791862242444,60.47318852151293,6.830323,60.47849,Rv,13,,1760133902000,,0.0,1760140293000,1760140293000,1760133079000,,1760126702000,1760133093000,1760133093000,Uvær,2025-10-10
1188,46_RV13_S32,0.11091486904024019,51696.65386824019,6732583.528745706,-1851621376,99a33ada-d9cd-4a3b-ae61-e5123e255eae_2,NPRA_HBT_10-10-2025.163525,2,"Rv. 13 Hardangerbrua i Ulvik/Eidfjord, Vestland","Sterk vind, fare for stengt veg.",,,uvær,uvær,uvær,Certain,,1760140279000,6.823856120609264,60.48377145782033,6.836791862242444,60.47318852151293,6.830323,60.47849,Rv,13,,1760133902000,,0.0,1760140293000,1760140293000,1760133079000,,1760126702000,1760133093000,1760133093000,Uvær,2025-10-10
1189,46_RV13_S32,0.11091486904024019,51696.65386824019,6732583.528745706,851804160,43ef8ee6-9f9b-432f-a190-e5f437afc34f_1,NPRA_HBT_11-10-2025.163531,1,"Rv. 13 Hardangerbrua i Ulvik/Eidfjord, Vestland","Sterk vind, fare for stengt veg.",,,uvær,uvær,uvær,Certain,,1760141441000,6.823856120609264,60.48377145782033,6.836791862242444,60.47318852151293,6.830323,60.47849,Rv,13,,1760134802000,,0.0,1760141464000,1760141464000,1760134241000,,1760127602000,1760134264000,1760134264000,Uvær,2025-10-11
1190,46_RV13_S32,0.11091486904024019,51696.65386824019,6732583.528745706,851804160,43ef8ee6-9f9b-432f-a190-e5f437afc34f_2,NPRA_HBT_11-10-2025.163531,2,"Rv. 13 Hardangerbrua i Ulvik/Eidfjord, Vestland","Sterk vind, fare for stengt veg.",,,uvær,uvær,uvær,Certain,,1760141441000,6.823856120609264,60.48377145782033,6.836791862242444,60.47318852151293,6.830323,60.47849,Rv,13,,1760134802000,,0.0,1760141464000,1760141464000,1760134241000,,1760127602000,1760134264000,1760134264000,Uvær,2025-10-11
1191,46_RV13_S32,0.11091486904024019,51696.65386824019,6732583.528745706,852000768,102e0ea7-0aaa-4bd4-b2bf-b47213636dd0_1,NPRA_HBT_11-10-2025.163537,1,"Rv. 13 Hardangerbrua i Ulvik/Eidfjord, Vestland","Sterk vind, fare for stengt veg.",,,uvær,uvær,uvær,Certain,,1760142653000,6.823856120609264,60.48377145782033,6.836791862242444,60.47318852151293,6.830323,60.47849,Rv,13,,1760135699000,,0.0,1760142664000,1760142664000,1760135453000,,1760128499000,1760135464000,1760135464000,Uvær,2025-10-11
1192,46_RV13_S32,0.11091486904024019,51696.65386824019,6732583.528745706,852000768,102e0ea7-0aaa-4bd4-b2bf-b47213636dd0_2,NPRA_HBT_11-10-2025.163537,2,"Rv. 13 Hardangerbrua i Ulvik/Eidfjord, Vestland","Sterk vind, fare for stengt veg.",,,uvær,uvær,uvær,Certain,,1760142653000,6.823856120609264,60.48377145782033,6.836791862242444,60.47318852151293,6.830323,60.47849,Rv,13,,1760135699000,,0.0,1760142664000,1760142664000,1760135453000,,1760128499000,1760135464000,1760135464000,Uvær,2025-10-11
1193,46_RV13_S32,0.11091486904024019,51696.65386824019,6732583.528745706,852164608,c625335f-23e0-4499-b406-f0827804c297_1,NPRA_HBT_11-10-2025.163542,1,"Rv. 13 Hardangerbrua i Ulvik/Eidfjord, Vestland","Sterk vind, fare for stengt veg.",,,uvær,uvær,uvær,Certain,,1760145203000,6.823856120609264,60.48377145782033,6.836791862242444,60.47318852151293,6.830323,60.47849,Rv,13,,1760138486000,,0.0,1760145214000,1760145214000,1760138003000,,1760131286000,1760138014000,1760138014000,Uvær,2025-10-11
1194,46_RV13_S32,0.11091486904024019,51696.65386824019,6732583.528745706,852164608,c625335f-23e0-4499-b406-f0827804c297_2,NPRA_HBT_11-10-2025.163542,2,"Rv. 13 Hardangerbrua i Ulvik/Eidfjord, Vestland","Sterk vind, fare for stengt veg.",,,uvær,uvær,uvær,Certain,,1760145203000,6.823856120609264,60.48377145782033,6.836791862242444,60.47318852151293,6.830323,60.47849,Rv,13,,1760138486000,,0.0,1760145214000,1760145214000,1760138003000,,1760131286000,1760138014000,1760138014000,Uvær,2025-10-11
1195,46_RV13_S32,0.11091486904024019,51696.65386824019,6732583.528745706,852393984,1d42b09f-be3b-4e46-a05e-65d822cb103a_1,NPRA_HBT_11-10-2025.163549,1,"Rv. 13 Hardangerbrua i Ulvik/Eidfjord, Vestland","Sterk vind, fare for stengt veg.",,,uvær,uvær,uvær,Certain,,1760146498000,6.823856120609264,60.48377145782033,6.836791862242444,60.47318852151293,6.830323,60.47849,Rv,13,,1760139388000,,0.0,1760146503000,1760146503000,1760139298000,,1760132188000,1760139303000,1760139303000,Uvær,2025-10-11
1196,46_RV13_S32,0.11091486904024019,51696.65386824019,6732583.528745706,852393984,1d42b09f-be3b-4e46-a05e-65d822cb103a_2,NPRA_HBT_11-10-2025.163549,2,"Rv. 13 Hardangerbrua i Ulvik/Eidfjord, Vestland","Sterk vind, fare for stengt veg.",,,uvær,uvær,uvær,Certain,,1760146498000,6.823856120609264,60.48377145782033,6.836791862242444,60.47318852151293,6.830323,60.47849,Rv,13,,1760139388000,,0.0,1760146503000,1760146503000,1760139298000,,1760132188000,1760139303000,1760139303000,Uvær,2025-10-11
1197,46_RV13_S32,0.11091486904024019,51696.65386824019,6732583.528745706,852525056,ca06e9ae-4f8c-4ed1-8d34-43793451868a_1,NPRA_HBT_11-10-2025.163553,1,"Rv. 13 Hardangerbrua i Ulvik/Eidfjord, Vestland","Sterk vind, fare for stengt veg.",,,uvær,uvær,uvær,Certain,,1760147808000,6.823856120609264,60.48377145782033,6.836791862242444,60.47318852151293,6.830323,60.47849,Rv,13,,1760141189000,,0.0,1760147824000,1760147824000,1760140608000,,1760133989000,1760140624000,1760140624000,Uvær,2025-10-11
1198,46_RV13_S32,0.11091486904024019,51696.65386824019,6732583.528745706,852525056,ca06e9ae-4f8c-4ed1-8d34-43793451868a_2,NPRA_HBT_11-10-2025.163553,2,"Rv. 13 Hardangerbrua i Ulvik/Eidfjord, Vestland","Sterk vind, fare for stengt veg.",,,uvær,uvær,uvær,Certain,,1760147808000,6.823856120609264,60.48377145782033,6.836791862242444,60.47318852151293,6.830323,60.47849,Rv,13,,1760141189000,,0.0,1760147824000,1760147824000,1760140608000,,1760133989000,1760140624000,1760140624000,Uvær,2025-10-11
1199,46_RV13_S32,0.11091486904024019,51696.65386824019,6732583.528745706,853180416,cb18fefe-e983-4a31-874d-54e57a4ea4b7_1,NPRA_HBT_11-10-2025.163573,1,"Rv. 13 Hardangerbrua i Ulvik/Eidfjord, Vestland","Sterk vind, fare for stengt veg.",,,uvær,uvær,uvær,Certain,,1760156313000,6.823856120609264,60.48377145782033,6.836791862242444,60.47318852151293,6.830323,60.47849,Rv,13,,1760149289000,,0.0,1760156343000,1760156343000,1760149113000,,1760142089000,1760149143000,1760149143000,Uvær,2025-10-11
1200,46_RV13_S32,0.11091486904024019,51696.65386824019,6732583.528745706,853180416,cb18fefe-e983-4a31-874d-54e57a4ea4b7_2,NPRA_HBT_11-10-2025.163573,2,"Rv. 13 Hardangerbrua i Ulvik/Eidfjord, Vestland","Sterk vind, fare for stengt veg.",,,uvær,uvær,uvær,Certain,,1760156313000,6.823856120609264,60.48377145782033,6.836791862242444,60.47318852151293,6.830323,60.47849,Rv,13,,1760149289000,,0.0,1760156343000,1760156343000,1760149113000,,1760142089000,1760149143000,1760149143000,Uvær,2025-10-11
1201,46_RV13_S32,0.11091486904024019,51696.65386824019,6732583.528745706,853737472,5bec1fa4-a20e-42f3-9656-7dafe468c152_1,NPRA_HBT_11-10-2025.163590,1,"Rv. 13 Hardangerbrua i Ulvik/Eidfjord, Vestland","Sterk vind, fare for stengt veg.",,,uvær,uvær,uvær,Certain,,1760159877000,6.823856120609264,60.48377145782033,6.836791862242444,60.47318852151293,6.830323,60.47849,Rv,13,,1760152888000,,0.0,1760159883000,1760159883000,1760152677000,,1760145688000,1760152683000,1760152683000,Uvær,2025-10-11
1202,46_RV13_S32,0.11091486904024019,51696.65386824019,6732583.528745706,853737472,5bec1fa4-a20e-42f3-9656-7dafe468c152_2,NPRA_HBT_11-10-2025.163590,2,"Rv. 13 Hardangerbrua i Ulvik/Eidfjord, Vestland","Sterk vind, fare for stengt veg.",,,uvær,uvær,uvær,Certain,,1760159877000,6.823856120609264,60.48377145782033,6.836791862242444,60.47318852151293,6.830323,60.47849,Rv,13,,1760152888000,,0.0,1760159883000,1760159883000,1760152677000,,1760145688000,1760152683000,1760152683000,Uvær,2025-10-11
1203,46_RV13_S32,0.11091486904024019,51696.65386824019,6732583.528745706,853901312,5e345b06-1913-4cb6-a07e-e9f6d0565c8e_1,NPRA_HBT_11-10-2025.163595,1,"Rv. 13 Hardangerbrua i Ulvik/Eidfjord, Vestland","Sterk vind, fare for stengt veg.",,,uvær,uvær,uvær,Certain,,1760161516000,6.823856120609264,60.48377145782033,6.836791862242444,60.47318852151293,6.830323,60.47849,Rv,13,,1760154688000,,0.0,1760161532000,1760161532000,1760154316000,,1760147488000,1760154332000,1760154332000,Uvær,2025-10-11
1204,46_RV13_S32,0.11091486904024019,51696.65386824019,6732583.528745706,853901312,5e345b06-1913-4cb6-a07e-e9f6d0565c8e_2,NPRA_HBT_11-10-2025.163595,2,"Rv. 13 Hardangerbrua i Ulvik/Eidfjord, Vestland","Sterk vind, fare for stengt veg.",,,uvær,uvær,uvær,Certain,,1760161516000,6.823856120609264,60.48377145782033,6.836791862242444,60.47318852151293,6.830323,60.47849,Rv,13,,1760154688000,,0.0,1760161532000,1760161532000,1760154316000,,1760147488000,1760154332000,1760154332000,Uvær,2025-10-11
1205,46_RV13_S32,0.11091486904024019,51696.65386824019,6732583.528745706,854065152,2a36b7ef-0db4-4f7f-8c1b-306a66208629_1,NPRA_HBT_11-10-2025.163600,1,"Rv. 13 Hardangerbrua i Ulvik/Eidfjord, Vestland","Sterk vind, fare for stengt veg.",,,uvær,uvær,uvær,Certain,,1760162536000,6.823856120609264,60.48377145782033,6.836791862242444,60.47318852151293,6.830323,60.47849,Rv,13,,1760155585000,,0.0,1760162554000,1760162554000,1760155336000,,1760148385000,1760155354000,1760155354000,Uvær,2025-10-11
1206,46_RV13_S32,0.11091486904024019,51696.65386824019,6732583.528745706,854065152,2a36b7ef-0db4-4f7f-8c1b-306a66208629_2,NPRA_HBT_11-10-2025.163600,2,"Rv. 13 Hardangerbrua i Ulvik/Eidfjord, Vestland","Sterk vind, fare for stengt veg.",,,uvær,uvær,uvær,Certain,,1760162536000,6.823856120609264,60.48377145782033,6.836791862242444,60.47318852151293,6.830323,60.47849,Rv,13,,1760155585000,,0.0,1760162554000,1760162554000,1760155336000,,1760148385000,1760155354000,1760155354000,Uvær,2025-10-11
1207,46_RV13_S32,0.11091486904024019,51696.65386824019,6732583.528745706,854228992,a3def046-bf96-4779-8b0c-943262ed6fcc_1,NPRA_HBT_11-10-2025.163605,1,"Rv. 13 Hardangerbrua i Ulvik/Eidfjord, Vestland","Sterk vind, fare for stengt veg.",,,uvær,uvær,uvær,Certain,,1760164431000,6.823856120609264,60.48377145782033,6.836791862242444,60.47318852151293,6.830323,60.47849,Rv,13,,1760157385000,,0.0,1760164443000,1760164443000,1760157231000,,1760150185000,1760157243000,1760157243000,Uvær,2025-10-11
1208,46_RV13_S32,0.11091486904024019,51696.65386824019,6732583.528745706,854228992,a3def046-bf96-4779-8b0c-943262ed6fcc_2,NPRA_HBT_11-10-2025.163605,2,"Rv. 13 Hardangerbrua i Ulvik/Eidfjord, Vestland","Sterk vind, fare for stengt veg.",,,uvær,uvær,uvær,Certain,,1760164431000,6.823856120609264,60.48377145782033,6.836791862242444,60.47318852151293,6.830323,60.47849,Rv,13,,1760157385000,,0.0,1760164443000,1760164443000,1760157231000,,1760150185000,1760157243000,1760157243000,Uvær,2025-10-11
1209,46_RV13_S32,0.11091486904024019,51696.65386824019,6732583.528745706,854392832,fbc7ab70-961a-488c-809e-e8f0ff355942_1,NPRA_HBT_11-10-2025.163610,1,"Rv. 13 Hardangerbrua i Ulvik/Eidfjord, Vestland","Sterk vind, fare for stengt veg.",,,uvær,uvær,uvær,Certain,,1760165936000,6.823856120609264,60.48377145782033,6.836791862242444,60.47318852151293,6.830323,60.47849,Rv,13,,1760159185000,,0.0,1760165943000,1760165943000,1760158736000,,1760151985000,1760158743000,1760158743000,Uvær,2025-10-11
1210,46_RV13_S32,0.11091486904024019,51696.65386824019,6732583.528745706,854392832,fbc7ab70-961a-488c-809e-e8f0ff355942_2,NPRA_HBT_11-10-2025.163610,2,"Rv. 13 Hardangerbrua i Ulvik/Eidfjord, Vestland","Sterk vind, fare for stengt veg.",,,uvær,uvær,uvær,Certain,,1760165936000,6.823856120609264,60.48377145782033,6.836791862242444,60.47318852151293,6.830323,60.47849,Rv,13,,1760159185000,,0.0,1760165943000,1760165943000,1760158736000,,1760151985000,1760158743000,1760158743000,Uvær,2025-10-11
1211,46_RV13_S32,0.11091486904024019,51696.65386824019,6732583.528745706,854556672,6edd9144-3a64-47ae-8e65-ebc5165de2b2_1,NPRA_HBT_11-10-2025.163615,1,"Rv. 13 Hardangerbrua i Ulvik/Eidfjord, Vestland","Sterk vind, fare for stengt veg.",,,uvær,uvær,uvær,Certain,,1760167050000,6.823856120609264,60.48377145782033,6.836791862242444,60.47318852151293,6.830323,60.47849,Rv,13,,1760160087000,,0.0,1760167085000,1760167085000,1760159850000,,1760152887000,1760159885000,1760159885000,Uvær,2025-10-11
1212,46_RV13_S32,0.11091486904024019,51696.65386824019,6732583.528745706,854556672,6edd9144-3a64-47ae-8e65-ebc5165de2b2_2,NPRA_HBT_11-10-2025.163615,2,"Rv. 13 Hardangerbrua i Ulvik/Eidfjord, Vestland","Sterk vind, fare for stengt veg.",,,uvær,uvær,uvær,Certain,,1760167050000,6.823856120609264,60.48377145782033,6.836791862242444,60.47318852151293,6.830323,60.47849,Rv,13,,1760160087000,,0.0,1760167085000,1760167085000,1760159850000,,1760152887000,1760159885000,1760159885000,Uvær,2025-10-11
1213,46_RV13_S32,0.11091486904024019,51696.65386824019,6732583.528745706,854818816,ed8abfb1-0369-4c98-8de9-e370786e612c_1,NPRA_HBT_11-10-2025.163623,1,"Rv. 13 Hardangerbrua i Ulvik/Eidfjord, Vestland","Sterk vind, fare for stengt veg.",,,uvær,uvær,uvær,Certain,,1760168696000,6.823856120609264,60.48377145782033,6.836791862242444,60.47318852151293,6.830323,60.47849,Rv,13,,1760161887000,,0.0,1760168703000,1760168703000,1760161496000,,1760154687000,1760161503000,1760161503000,Uvær,2025-10-11
1214,46_RV13_S32,0.11091486904024019,51696.65386824019,6732583.528745706,854818816,ed8abfb1-0369-4c98-8de9-e370786e612c_2,NPRA_HBT_11-10-2025.163623,2,"Rv. 13 Hardangerbrua i Ulvik/Eidfjord, Vestland","Sterk vind, fare for stengt veg.",,,uvær,uvær,uvær,Certain,,1760168696000,6.823856120609264,60.48377145782033,6.836791862242444,60.47318852151293,6.830323,60.47849,Rv,13,,1760161887000,,0.0,1760168703000,1760168703000,1760161496000,,1760154687000,1760161503000,1760161503000,Uvær,2025-10-11
1215,46_RV13_S32,0.11091486904024019,51696.65386824019,6732583.528745706,854949888,3b92f790-7356-4e61-b06c-c9b99b88830d_1,NPRA_HBT_11-10-2025.163627,1,"Rv. 13 Hardangerbrua i Ulvik/Eidfjord, Vestland","Sterk vind, fare for stengt veg.",,,uvær,uvær,uvær,Certain,,1760169650000,6.823856120609264,60.48377145782033,6.836791862242444,60.47318852151293,6.830323,60.47849,Rv,13,,1760162786000,,0.0,1760169663000,1760169663000,1760162450000,,1760155586000,1760162463000,1760162463000,Uvær,2025-10-11
1216,46_RV13_S32,0.11091486904024019,51696.65386824019,6732583.528745706,854949888,3b92f790-7356-4e61-b06c-c9b99b88830d_2,NPRA_HBT_11-10-2025.163627,2,"Rv. 13 Hardangerbrua i Ulvik/Eidfjord, Vestland","Sterk vind, fare for stengt veg.",,,uvær,uvær,uvær,Certain,,1760169650000,6.823856120609264,60.48377145782033,6.836791862242444,60.47318852151293,6.830323,60.47849,Rv,13,,1760162786000,,0.0,1760169663000,1760169663000,1760162450000,,1760155586000,1760162463000,1760162463000,Uvær,2025-10-11
1217,46_RV13_S32,0.11091486904024019,51696.65386824019,6732583.528745706,855212032,23ab3780-8341-4b8b-ae53-3616cf7b6462_1,NPRA_HBT_11-10-2025.163635,1,"Rv. 13 Hardangerbrua i Ulvik/Eidfjord, Vestland","Sterk vind, fare for stengt veg.",,,uvær,uvær,uvær,Certain,,1760171546000,6.823856120609264,60.48377145782033,6.836791862242444,60.47318852151293,6.830323,60.47849,Rv,13,,1760164586000,,0.0,1760171553000,1760171553000,1760164346000,,1760157386000,1760164353000,1760164353000,Uvær,2025-10-11
1218,46_RV13_S32,0.11091486904024019,51696.65386824019,6732583.528745706,855212032,23ab3780-8341-4b8b-ae53-3616cf7b6462_2,NPRA_HBT_11-10-2025.163635,2,"Rv. 13 Hardangerbrua i Ulvik/Eidfjord, Vestland","Sterk vind, fare for stengt veg.",,,uvær,uvær,uvær,Certain,,1760171546000,6.823856120609264,60.48377145782033,6.836791862242444,60.47318852151293,6.830323,60.47849,Rv,13,,1760164586000,,0.0,1760171553000,1760171553000,1760164346000,,1760157386000,1760164353000,1760164353000,Uvær,2025-10-11
1219,46_RV13_S32,0.11091486904024019,51696.65386824019,6732583.528745706,855277568,730c315a-7c4b-413d-991b-b24a6f90e44b_1,NPRA_HBT_11-10-2025.163637,1,"Rv. 13 Hardangerbrua i Ulvik/Eidfjord, Vestland","Sterk vind, fare for stengt veg.",,,uvær,uvær,uvær,Certain,,1760171895000,6.823856120609264,60.48377145782033,6.836791862242444,60.47318852151293,6.830323,60.47849,Rv,13,,1760165487000,,0.0,1760171916000,1760171916000,1760164695000,,1760158287000,1760164716000,1760164716000,Uvær,2025-10-11
1220,46_RV13_S32,0.11091486904024019,51696.65386824019,6732583.528745706,855277568,730c315a-7c4b-413d-991b-b24a6f90e44b_2,NPRA_HBT_11-10-2025.163637,2,"Rv. 13 Hardangerbrua i Ulvik/Eidfjord, Vestland","Sterk vind, fare for stengt veg.",,,uvær,uvær,uvær,Certain,,1760171895000,6.823856120609264,60.48377145782033,6.836791862242444,60.47318852151293,6.830323,60.47849,Rv,13,,1760165487000,,0.0,1760171916000,1760171916000,1760164695000,,1760158287000,1760164716000,1760164716000,Uvær,2025-10-11
1221,46_RV13_S32,0.11091486904024019,51696.65386824019,6732583.528745706,855572480,bbf2e80a-f93c-4702-9136-214c80ec0eca_1,NPRA_HBT_11-10-2025.163646,1,"Rv. 13 Hardangerbrua i Ulvik/Eidfjord, Vestland","Sterk vind, fare for stengt veg.",,,uvær,uvær,uvær,Certain,,1760174506000,6.823856120609264,60.48377145782033,6.836791862242444,60.47318852151293,6.830323,60.47849,Rv,13,,1760168185000,,0.0,1760174523000,1760174523000,1760167306000,,1760160985000,1760167323000,1760167323000,Uvær,2025-10-11
1222,46_RV13_S32,0.11091486904024019,51696.65386824019,6732583.528745706,855572480,bbf2e80a-f93c-4702-9136-214c80ec0eca_2,NPRA_HBT_11-10-2025.163646,2,"Rv. 13 Hardangerbrua i Ulvik/Eidfjord, Vestland","Sterk vind, fare for stengt veg.",,,uvær,uvær,uvær,Certain,,1760174506000,6.823856120609264,60.48377145782033,6.836791862242444,60.47318852151293,6.830323,60.47849,Rv,13,,1760168185000,,0.0,1760174523000,1760174523000,1760167306000,,1760160985000,1760167323000,1760167323000,Uvær,2025-10-11
1223,46_RV13_S32,0.11091486904024019,51696.65386824019,6732583.528745706,855998464,5e6bfdb1-ee23-461b-a788-a497d7fe83eb_1,NPRA_HBT_11-10-2025.163659,1,"Rv. 13 Hardangerbrua i Ulvik/Eidfjord, Vestland","Sterk vind, fare for stengt veg.",,,uvær,uvær,uvær,Certain,,1760176110000,6.823856120609264,60.48377145782033,6.836791862242444,60.47318852151293,6.830323,60.47849,Rv,13,,1760169086000,,0.0,1760176142000,1760176142000,1760168910000,,1760161886000,1760168942000,1760168942000,Uvær,2025-10-11
1224,46_RV13_S32,0.11091486904024019,51696.65386824019,6732583.528745706,855998464,5e6bfdb1-ee23-461b-a788-a497d7fe83eb_2,NPRA_HBT_11-10-2025.163659,2,"Rv. 13 Hardangerbrua i Ulvik/Eidfjord, Vestland","Sterk vind, fare for stengt veg.",,,uvær,uvær,uvær,Certain,,1760176110000,6.823856120609264,60.48377145782033,6.836791862242444,60.47318852151293,6.830323,60.47849,Rv,13,,1760169086000,,0.0,1760176142000,1760176142000,1760168910000,,1760161886000,1760168942000,1760168942000,Uvær,2025-10-11
1225,46_RV13_S32,0.11091486904024019,51696.65386824019,6732583.528745706,856227840,7cb6a260-59e7-4fe5-b322-8182d4d722bb_1,NPRA_HBT_11-10-2025.163666,1,"Rv. 13 Hardangerbrua i Ulvik/Eidfjord, Vestland","Sterk vind, fare for stengt veg.",,,uvær,uvær,uvær,Certain,,1760176949000,6.823856120609264,60.48377145782033,6.836791862242444,60.47318852151293,6.830323,60.47849,Rv,13,,1760169990000,,0.0,1760176983000,1760176983000,1760169749000,,1760162790000,1760169783000,1760169783000,Uvær,2025-10-11
1226,46_RV13_S32,0.11091486904024019,51696.65386824019,6732583.528745706,856227840,7cb6a260-59e7-4fe5-b322-8182d4d722bb_2,NPRA_HBT_11-10-2025.163666,2,"Rv. 13 Hardangerbrua i Ulvik/Eidfjord, Vestland","Sterk vind, fare for stengt veg.",,,uvær,uvær,uvær,Certain,,1760176949000,6.823856120609264,60.48377145782033,6.836791862242444,60.47318852151293,6.830323,60.47849,Rv,13,,1760169990000,,0.0,1760176983000,1760176983000,1760169749000,,1760162790000,1760169783000,1760169783000,Uvær,2025-10-11
1227,46_RV13_S32,0.11091486904024019,51696.65386824019,6732583.528745706,856457216,857298e8-00a4-4c88-93ad-4b88958b8d8e_1,NPRA_HBT_11-10-2025.163673,1,"Rv. 13 Hardangerbrua i Ulvik/Eidfjord, Vestland","Sterk vind, fare for stengt veg.",,,uvær,uvær,uvær,Certain,,1760178642000,6.823856120609264,60.48377145782033,6.836791862242444,60.47318852151293,6.830323,60.47849,Rv,13,,1760171785000,,0.0,1760178669000,1760178669000,1760171442000,,1760164585000,1760171469000,1760171469000,Uvær,2025-10-11
1228,46_RV13_S32,0.11091486904024019,51696.65386824019,6732583.528745706,856457216,857298e8-00a4-4c88-93ad-4b88958b8d8e_2,NPRA_HBT_11-10-2025.163673,2,"Rv. 13 Hardangerbrua i Ulvik/Eidfjord, Vestland","Sterk vind, fare for stengt veg.",,,uvær,uvær,uvær,Certain,,1760178642000,6.823856120609264,60.48377145782033,6.836791862242444,60.47318852151293,6.830323,60.47849,Rv,13,,1760171785000,,0.0,1760178669000,1760178669000,1760171442000,,1760164585000,1760171469000,1760171469000,Uvær,2025-10-11
1229,46_RV13_S32,0.11091486904024019,51696.65386824019,6732583.528745706,857014272,5fe5f221-3c5d-4106-85a6-2d7b9afa13a0_1,NPRA_HBT_11-10-2025.163690,1,"Rv. 13 Hardangerbrua i Ulvik/Eidfjord, Vestland","Sterk vind, fare for stengt veg.",,,uvær,uvær,uvær,Certain,,1760181632000,6.823856120609264,60.48377145782033,6.836791862242444,60.47318852151293,6.830323,60.47849,Rv,13,,1760174488000,,0.0,1760181664000,1760181664000,1760174432000,,1760167288000,1760174464000,1760174464000,Uvær,2025-10-11
1230,46_RV13_S32,0.11091486904024019,51696.65386824019,6732583.528745706,857014272,5fe5f221-3c5d-4106-85a6-2d7b9afa13a0_2,NPRA_HBT_11-10-2025.163690,2,"Rv. 13 Hardangerbrua i Ulvik/Eidfjord, Vestland","Sterk vind, fare for stengt veg.",,,uvær,uvær,uvær,Certain,,1760181632000,6.823856120609264,60.48377145782033,6.836791862242444,60.47318852151293,6.830323,60.47849,Rv,13,,1760174488000,,0.0,1760181664000,1760181664000,1760174432000,,1760167288000,1760174464000,1760174464000,Uvær,2025-10-11
1231,46_RV13_S32,0.11091486904024019,51696.65386824019,6732583.528745706,857243648,2e2abd9b-4dd6-40e5-a83e-7167990e8567_1,NPRA_HBT_11-10-2025.163697,1,"Rv. 13 Hardangerbrua i Ulvik/Eidfjord, Vestland","Sterk vind, fare for stengt veg.",,,uvær,uvær,uvær,Certain,,1760183470000,6.823856120609264,60.48377145782033,6.836791862242444,60.47318852151293,6.830323,60.47849,Rv,13,,1760177185000,,0.0,1760183494000,1760183494000,1760176270000,,1760169985000,1760176294000,1760176294000,Uvær,2025-10-11
1232,46_RV13_S32,0.11091486904024019,51696.65386824019,6732583.528745706,857243648,2e2abd9b-4dd6-40e5-a83e-7167990e8567_2,NPRA_HBT_11-10-2025.163697,2,"Rv. 13 Hardangerbrua i Ulvik/Eidfjord, Vestland","Sterk vind, fare for stengt veg.",,,uvær,uvær,uvær,Certain,,1760183470000,6.823856120609264,60.48377145782033,6.836791862242444,60.47318852151293,6.830323,60.47849,Rv,13,,1760177185000,,0.0,1760183494000,1760183494000,1760176270000,,1760169985000,1760176294000,1760176294000,Uvær,2025-10-11
1233,46_RV13_S32,0.11091486904024019,51696.65386824019,6732583.528745706,858292224,98d2cf47-eadd-47ea-8c86-6a2e6c6ea648_1,NPRA_HBT_11-10-2025.163729,1,"Rv. 13 Hardangerbrua i Ulvik/Eidfjord, Vestland","Sterk vind, fare for stengt veg.",,,uvær,uvær,uvær,Certain,,1760187685000,6.823856120609264,60.48377145782033,6.836791862242444,60.47318852151293,6.830323,60.47849,Rv,13,,1760180787000,,0.0,1760187693000,1760187693000,1760180485000,,1760173587000,1760180493000,1760180493000,Uvær,2025-10-11
1234,46_RV13_S32,0.11091486904024019,51696.65386824019,6732583.528745706,858292224,98d2cf47-eadd-47ea-8c86-6a2e6c6ea648_2,NPRA_HBT_11-10-2025.163729,2,"Rv. 13 Hardangerbrua i Ulvik/Eidfjord, Vestland","Sterk vind, fare for stengt veg.",,,uvær,uvær,uvær,Certain,,1760187685000,6.823856120609264,60.48377145782033,6.836791862242444,60.47318852151293,6.830323,60.47849,Rv,13,,1760180787000,,0.0,1760187693000,1760187693000,1760180485000,,1760173587000,1760180493000,1760180493000,Uvær,2025-10-11
1235,46_RV13_S32,0.11091486904024019,51696.65386824019,6732583.528745706,859340800,7b3f8eba-832f-4287-a552-c117853fd83c_1,NPRA_HBT_11-10-2025.163761,1,"Rv. 13 Hardangerbrua i Ulvik/Eidfjord, Vestland","Sterk vind, fare for stengt veg.",,,uvær,uvær,uvær,Certain,,1760193294000,6.823856120609264,60.48377145782033,6.836791862242444,60.47318852151293,6.830323,60.47849,Rv,13,,1760186187000,,0.0,1760193304000,1760193304000,1760186094000,,1760178987000,1760186104000,1760186104000,Uvær,2025-10-11
1236,46_RV13_S32,0.11091486904024019,51696.65386824019,6732583.528745706,859340800,7b3f8eba-832f-4287-a552-c117853fd83c_2,NPRA_HBT_11-10-2025.163761,2,"Rv. 13 Hardangerbrua i Ulvik/Eidfjord, Vestland","Sterk vind, fare for stengt veg.",,,uvær,uvær,uvær,Certain,,1760193294000,6.823856120609264,60.48377145782033,6.836791862242444,60.47318852151293,6.830323,60.47849,Rv,13,,1760186187000,,0.0,1760193304000,1760193304000,1760186094000,,1760178987000,1760186104000,1760186104000,Uvær,2025-10-11
1237,46_RV13_S32,0.11091486904024019,51696.65386824019,6732583.528745706,860127232,8d4c9d78-5618-4dca-a053-b577c5297227_1,NPRA_HBT_11-10-2025.163785,1,"Rv. 13 Hardangerbrua i Ulvik/Eidfjord, Vestland","Sterk vind, fare for stengt veg.",,,uvær,uvær,uvær,Certain,,1760196039000,6.823856120609264,60.48377145782033,6.836791862242444,60.47318852151293,6.830323,60.47849,Rv,13,,1760188888000,,0.0,1760196063000,1760196063000,1760188839000,,1760181688000,1760188863000,1760188863000,Uvær,2025-10-11
1238,46_RV13_S32,0.11091486904024019,51696.65386824019,6732583.528745706,860127232,8d4c9d78-5618-4dca-a053-b577c5297227_2,NPRA_HBT_11-10-2025.163785,2,"Rv. 13 Hardangerbrua i Ulvik/Eidfjord, Vestland","Sterk vind, fare for stengt veg.",,,uvær,uvær,uvær,Certain,,1760196039000,6.823856120609264,60.48377145782033,6.836791862242444,60.47318852151293,6.830323,60.47849,Rv,13,,1760188888000,,0.0,1760196063000,1760196063000,1760188839000,,1760181688000,1760188863000,1760188863000,Uvær,2025-10-11
1239,46_RV13_S32,0.11091486904024019,51696.65386824019,6732583.528745706,860848128,2af2ba13-75a7-48d2-b619-6653df3070ae_1,NPRA_HBT_11-10-2025.163807,1,"Rv. 13 Hardangerbrua i Ulvik/Eidfjord, Vestland","Sterk vind, fare for stengt veg.",,,uvær,uvær,uvær,Certain,,1760201092000,6.823856120609264,60.48377145782033,6.836791862242444,60.47318852151293,6.830323,60.47849,Rv,13,,1760194288000,,0.0,1760201104000,1760201104000,1760193892000,,1760187088000,1760193904000,1760193904000,Uvær,2025-10-11
1240,46_RV13_S32,0.11091486904024019,51696.65386824019,6732583.528745706,860848128,2af2ba13-75a7-48d2-b619-6653df3070ae_2,NPRA_HBT_11-10-2025.163807,2,"Rv. 13 Hardangerbrua i Ulvik/Eidfjord, Vestland","Sterk vind, fare for stengt veg.",,,uvær,uvær,uvær,Certain,,1760201092000,6.823856120609264,60.48377145782033,6.836791862242444,60.47318852151293,6.830323,60.47849,Rv,13,,1760194288000,,0.0,1760201104000,1760201104000,1760193892000,,1760187088000,1760193904000,1760193904000,Uvær,2025-10-11
1241,46_RV13_S32,0.11091486904024019,51696.65386824019,6732583.528745706,861044736,2f5a494d-cdaa-4d9b-ac9e-33b24c377254_1,NPRA_HBT_11-10-2025.163813,1,"Rv. 13 Hardangerbrua i Ulvik/Eidfjord, Vestland","Sterk vind, fare for stengt veg.",,,uvær,uvær,uvær,Certain,,1760201868000,6.823856120609264,60.48377145782033,6.836791862242444,60.47318852151293,6.830323,60.47849,Rv,13,,1760195186000,,0.0,1760201885000,1760201885000,1760194668000,,1760187986000,1760194685000,1760194685000,Uvær,2025-10-11
1242,46_RV13_S32,0.11091486904024019,51696.65386824019,6732583.528745706,861044736,2f5a494d-cdaa-4d9b-ac9e-33b24c377254_2,NPRA_HBT_11-10-2025.163813,2,"Rv. 13 Hardangerbrua i Ulvik/Eidfjord, Vestland","Sterk vind, fare for stengt veg.",,,uvær,uvær,uvær,Certain,,1760201868000,6.823856120609264,60.48377145782033,6.836791862242444,60.47318852151293,6.830323,60.47849,Rv,13,,1760195186000,,0.0,1760201885000,1760201885000,1760194668000,,1760187986000,1760194685000,1760194685000,Uvær,2025-10-11
1243,46_RV13_S32,0.11091486904024019,51696.65386824019,6732583.528745706,861765632,52f5b6d8-05d3-4cf9-9d9f-b10ead7f0c1e_1,NPRA_HBT_11-10-2025.163835,1,"Rv. 13 Hardangerbrua i Ulvik/Eidfjord, Vestland","Sterk vind, fare for stengt veg.",,,uvær,uvær,uvær,Certain,,1760206727000,6.823856120609264,60.48377145782033,6.836791862242444,60.47318852151293,6.830323,60.47849,Rv,13,,1760199686000,,0.0,1760206742000,1760206742000,1760199527000,,1760192486000,1760199542000,1760199542000,Uvær,2025-10-11
1244,46_RV13_S32,0.11091486904024019,51696.65386824019,6732583.528745706,861765632,52f5b6d8-05d3-4cf9-9d9f-b10ead7f0c1e_2,NPRA_HBT_11-10-2025.163835,2,"Rv. 13 Hardangerbrua i Ulvik/Eidfjord, Vestland","Sterk vind, fare for stengt veg.",,,uvær,uvær,uvær,Certain,,1760206727000,6.823856120609264,60.48377145782033,6.836791862242444,60.47318852151293,6.830323,60.47849,Rv,13,,1760199686000,,0.0,1760206742000,1760206742000,1760199527000,,1760192486000,1760199542000,1760199542000,Uvær,2025-10-11
1245,46_RV13_S32,0.11091486904024019,51696.65386824019,6732583.528745706,1570111488,ecc060bf-1860-4107-9b39-46f342384201_1,NPRA_HBT_16-10-2025.166188,1,"Rv. 13 Hardangerbrua i Ulvik/Eidfjord, Vestland","Sterk vind, fare for stengt veg.",,,uvær,uvær,uvær,Certain,,1760610694000,6.823856120609264,60.48377145782033,6.836791862242444,60.47318852151293,6.830323,60.47849,Rv,13,,1760603737000,,0.0,1760610725000,1760610725000,1760603494000,,1760596537000,1760603525000,1760603525000,Uvær,2025-10-16
1246,46_RV13_S32,0.11091486904024019,51696.65386824019,6732583.528745706,1570111488,ecc060bf-1860-4107-9b39-46f342384201_2,NPRA_HBT_16-10-2025.166188,2,"Rv. 13 Hardangerbrua i Ulvik/Eidfjord, Vestland","Sterk vind, fare for stengt veg.",,,uvær,uvær,uvær,Certain,,1760610694000,6.823856120609264,60.48377145782033,6.836791862242444,60.47318852151293,6.830323,60.47849,Rv,13,,1760603737000,,0.0,1760610725000,1760610725000,1760603494000,,1760596537000,1760603525000,1760603525000,Uvær,2025-10-16
1247,46_RV13_S32,0.11091486904024019,51696.65386824019,6732583.528745706,1574141952,f2d28c3d-6cc5-47df-8d5b-87f86817b734_1,NPRA_HBT_16-10-2025.166311,1,"Rv. 13 Hardangerbrua i Ulvik/Eidfjord, Vestland","Sterk vind, fare for stengt veg.",,,uvær,uvær,uvær,Certain,,1760620770000,6.823856120609264,60.48377145782033,6.836791862242444,60.47318852151293,6.830323,60.47849,Rv,13,,1760613637000,,0.0,1760620804000,1760620804000,1760613570000,,1760606437000,1760613604000,1760613604000,Uvær,2025-10-16
1248,46_RV13_S32,0.11091486904024019,51696.65386824019,6732583.528745706,1574141952,f2d28c3d-6cc5-47df-8d5b-87f86817b734_2,NPRA_HBT_16-10-2025.166311,2,"Rv. 13 Hardangerbrua i Ulvik/Eidfjord, Vestland","Sterk vind, fare for stengt veg.",,,uvær,uvær,uvær,Certain,,1760620770000,6.823856120609264,60.48377145782033,6.836791862242444,60.47318852151293,6.830323,60.47849,Rv,13,,1760613637000,,0.0,1760620804000,1760620804000,1760613570000,,1760606437000,1760613604000,1760613604000,Uvær,2025-10-16
1249,46_RV13_S32,0.11091486904024019,51696.65386824019,6732583.528745706,-440336384,e251d373-3a09-494a-9aa5-0ff607a08470_1,NPRA_HBT_20-10-2025.168066,1,"Rv. 13 Hardangerbrua i Ulvik/Eidfjord, Vestland","Sterk vind, fare for stengt veg.",,,uvær,uvær,uvær,Certain,,1760946412000,6.823856120609264,60.48377145782033,6.836791862242444,60.47318852151293,6.830323,60.47849,Rv,13,,1760939329000,,0.0,1760946425000,1760946425000,1760939212000,,1760932129000,1760939225000,1760939225000,Uvær,2025-10-20
1250,46_RV13_S32,0.11091486904024019,51696.65386824019,6732583.528745706,-440336384,e251d373-3a09-494a-9aa5-0ff607a08470_2,NPRA_HBT_20-10-2025.168066,2,"Rv. 13 Hardangerbrua i Ulvik/Eidfjord, Vestland","Sterk vind, fare for stengt veg.",,,uvær,uvær,uvær,Certain,,1760946412000,6.823856120609264,60.48377145782033,6.836791862242444,60.47318852151293,6.830323,60.47849,Rv,13,,1760939329000,,0.0,1760946425000,1760946425000,1760939212000,,1760932129000,1760939225000,1760939225000,Uvær,2025-10-20
1251,46_RV13_S32,0.11091486904024019,51696.65386824019,6732583.528745706,-440008704,3454648d-3c8f-435a-b848-71bfe72dba05_1,NPRA_HBT_20-10-2025.168076,1,"Rv. 13 Hardangerbrua i Ulvik/Eidfjord, Vestland","Sterk vind, fare for stengt veg.",,,uvær,uvær,uvær,Certain,,1760947166000,6.823856120609264,60.48377145782033,6.836791862242444,60.47318852151293,6.830323,60.47849,Rv,13,,1760940230000,,0.0,1760947174000,1760947174000,1760939966000,,1760933030000,1760939974000,1760939974000,Uvær,2025-10-20
1252,46_RV13_S32,0.11091486904024019,51696.65386824019,6732583.528745706,-440008704,3454648d-3c8f-435a-b848-71bfe72dba05_2,NPRA_HBT_20-10-2025.168076,2,"Rv. 13 Hardangerbrua i Ulvik/Eidfjord, Vestland","Sterk vind, fare for stengt veg.",,,uvær,uvær,uvær,Certain,,1760947166000,6.823856120609264,60.48377145782033,6.836791862242444,60.47318852151293,6.830323,60.47849,Rv,13,,1760940230000,,0.0,1760947174000,1760947174000,1760939966000,,1760933030000,1760939974000,1760939974000,Uvær,2025-10-20
1253,46_RV13_S32,0.11091486904024019,51696.65386824019,6732583.528745706,-437813248,7883ec2e-df58-426c-8eb9-327f60c83d7d_1,NPRA_HBT_20-10-2025.168143,1,"Rv. 13 Hardangerbrua i Ulvik/Eidfjord, Vestland","Sterk vind, fare for stengt veg.",,,uvær,uvær,uvær,Certain,,1760951237000,6.823856120609264,60.48377145782033,6.836791862242444,60.47318852151293,6.830323,60.47849,Rv,13,,1760944732000,,0.0,1760951252000,1760951252000,1760944037000,,1760937532000,1760944052000,1760944052000,Uvær,2025-10-20
1254,46_RV13_S32,0.11091486904024019,51696.65386824019,6732583.528745706,-437813248,7883ec2e-df58-426c-8eb9-327f60c83d7d_2,NPRA_HBT_20-10-2025.168143,2,"Rv. 13 Hardangerbrua i Ulvik/Eidfjord, Vestland","Sterk vind, fare for stengt veg.",,,uvær,uvær,uvær,Certain,,1760951237000,6.823856120609264,60.48377145782033,6.836791862242444,60.47318852151293,6.830323,60.47849,Rv,13,,1760944732000,,0.0,1760951252000,1760951252000,1760944037000,,1760937532000,1760944052000,1760944052000,Uvær,2025-10-20
1255,46_RV13_S32,0.11091486904024019,51696.65386824019,6732583.528745706,-436338688,6507b62f-2cec-45ef-9544-b4a69e44e55f_1,NPRA_HBT_20-10-2025.168188,1,"Rv. 13 Hardangerbrua i Ulvik/Eidfjord, Vestland","Sterk vind, fare for stengt veg.",,,uvær,uvær,uvær,Certain,,1760953827000,6.823856120609264,60.48377145782033,6.836791862242444,60.47318852151293,6.830323,60.47849,Rv,13,,1760947434000,,0.0,1760953833000,1760953833000,1760946627000,,1760940234000,1760946633000,1760946633000,Uvær,2025-10-20
1256,46_RV13_S32,0.11091486904024019,51696.65386824019,6732583.528745706,-436338688,6507b62f-2cec-45ef-9544-b4a69e44e55f_2,NPRA_HBT_20-10-2025.168188,2,"Rv. 13 Hardangerbrua i Ulvik/Eidfjord, Vestland","Sterk vind, fare for stengt veg.",,,uvær,uvær,uvær,Certain,,1760953827000,6.823856120609264,60.48377145782033,6.836791862242444,60.47318852151293,6.830323,60.47849,Rv,13,,1760947434000,,0.0,1760953833000,1760953833000,1760946627000,,1760940234000,1760946633000,1760946633000,Uvær,2025-10-20
1257,46_RV13_S32,0.11091486904024019,51696.65386824019,6732583.528745706,-434143232,4d540552-69a9-4834-a704-d8b57e2491d0_1,NPRA_HBT_20-10-2025.168255,1,"Rv. 13 Hardangerbrua i Ulvik/Eidfjord, Vestland","Sterk vind, fare for stengt veg.",,,uvær,uvær,uvær,Certain,,1760959702000,6.823856120609264,60.48377145782033,6.836791862242444,60.47318852151293,6.830323,60.47849,Rv,13,,1760952830000,,0.0,1760959714000,1760959714000,1760952502000,,1760945630000,1760952514000,1760952514000,Uvær,2025-10-20
1258,46_RV13_S32,0.11091486904024019,51696.65386824019,6732583.528745706,-434143232,4d540552-69a9-4834-a704-d8b57e2491d0_2,NPRA_HBT_20-10-2025.168255,2,"Rv. 13 Hardangerbrua i Ulvik/Eidfjord, Vestland","Sterk vind, fare for stengt veg.",,,uvær,uvær,uvær,Certain,,1760959702000,6.823856120609264,60.48377145782033,6.836791862242444,60.47318852151293,6.830323,60.47849,Rv,13,,1760952830000,,0.0,1760959714000,1760959714000,1760952502000,,1760945630000,1760952514000,1760952514000,Uvær,2025-10-20
1259,46_RV13_S32,0.11091486904024019,51696.65386824019,6732583.528745706,-433225728,aed716b0-62d2-4c35-8ba8-2d5d975fbe3b_1,NPRA_HBT_20-10-2025.168283,1,"Rv. 13 Hardangerbrua i Ulvik/Eidfjord, Vestland","Sterk vind, fare for stengt veg.",,,uvær,uvær,uvær,Certain,,1760962481000,6.823856120609264,60.48377145782033,6.836791862242444,60.47318852151293,6.830323,60.47849,Rv,13,,1760955532000,,0.0,1760962505000,1760962505000,1760955281000,,1760948332000,1760955305000,1760955305000,Uvær,2025-10-20
1260,46_RV13_S32,0.11091486904024019,51696.65386824019,6732583.528745706,-433225728,aed716b0-62d2-4c35-8ba8-2d5d975fbe3b_2,NPRA_HBT_20-10-2025.168283,2,"Rv. 13 Hardangerbrua i Ulvik/Eidfjord, Vestland","Sterk vind, fare for stengt veg.",,,uvær,uvær,uvær,Certain,,1760962481000,6.823856120609264,60.48377145782033,6.836791862242444,60.47318852151293,6.830323,60.47849,Rv,13,,1760955532000,,0.0,1760962505000,1760962505000,1760955281000,,1760948332000,1760955305000,1760955305000,Uvær,2025-10-20
1261,46_RV13_S32,0.11091486904024019,51696.65386824019,6732583.528745706,-432340992,6d4ba699-8ec3-424b-92c4-c4e3624c252b_1,NPRA_HBT_20-10-2025.168310,1,"Rv. 13 Hardangerbrua i Ulvik/Eidfjord, Vestland","Sterk vind, fare for stengt veg.",,,uvær,uvær,uvær,Certain,,1760964356000,6.823856120609264,60.48377145782033,6.836791862242444,60.47318852151293,6.830323,60.47849,Rv,13,,1760957340000,,0.0,1760964366000,1760964366000,1760957156000,,1760950140000,1760957166000,1760957166000,Uvær,2025-10-20
1262,46_RV13_S32,0.11091486904024019,51696.65386824019,6732583.528745706,-432340992,6d4ba699-8ec3-424b-92c4-c4e3624c252b_2,NPRA_HBT_20-10-2025.168310,2,"Rv. 13 Hardangerbrua i Ulvik/Eidfjord, Vestland","Sterk vind, fare for stengt veg.",,,uvær,uvær,uvær,Certain,,1760964356000,6.823856120609264,60.48377145782033,6.836791862242444,60.47318852151293,6.830323,60.47849,Rv,13,,1760957340000,,0.0,1760964366000,1760964366000,1760957156000,,1760950140000,1760957166000,1760957166000,Uvær,2025-10-20
1263,46_RV13_S32,0.11091486904024019,51696.65386824019,6732583.528745706,-430440448,dd3aa17e-75d7-4095-ac9e-96a063774ed9_1,NPRA_HBT_20-10-2025.168368,1,"Rv. 13 Hardangerbrua i Ulvik/Eidfjord, Vestland","Sterk vind, fare for stengt veg.",,,uvær,uvær,uvær,Certain,,1760970500000,6.823856120609264,60.48377145782033,6.836791862242444,60.47318852151293,6.830323,60.47849,Rv,13,,1760963632000,,0.0,1760970515000,1760970515000,1760963300000,,1760956432000,1760963315000,1760963315000,Uvær,2025-10-20
1264,46_RV13_S32,0.11091486904024019,51696.65386824019,6732583.528745706,-430440448,dd3aa17e-75d7-4095-ac9e-96a063774ed9_2,NPRA_HBT_20-10-2025.168368,2,"Rv. 13 Hardangerbrua i Ulvik/Eidfjord, Vestland","Sterk vind, fare for stengt veg.",,,uvær,uvær,uvær,Certain,,1760970500000,6.823856120609264,60.48377145782033,6.836791862242444,60.47318852151293,6.830323,60.47849,Rv,13,,1760963632000,,0.0,1760970515000,1760970515000,1760963300000,,1760956432000,1760963315000,1760963315000,Uvær,2025-10-20
1265,46_RV13_S32,0.11091486904024019,51696.65386824019,6732583.528745706,-428212224,96e7cec0-0585-4bb1-8c6d-7518aed1edb7_1,NPRA_HBT_20-10-2025.168436,1,"Rv. 13 Hardangerbrua i Ulvik/Eidfjord, Vestland","Sterk vind, fare for stengt veg.",,,uvær,uvær,uvær,Certain,,1760976010000,6.823856120609264,60.48377145782033,6.836791862242444,60.47318852151293,6.830323,60.47849,Rv,13,,1760969030000,,0.0,1760976034000,1760976034000,1760968810000,,1760961830000,1760968834000,1760968834000,Uvær,2025-10-20
1266,46_RV13_S32,0.11091486904024019,51696.65386824019,6732583.528745706,-428212224,96e7cec0-0585-4bb1-8c6d-7518aed1edb7_2,NPRA_HBT_20-10-2025.168436,2,"Rv. 13 Hardangerbrua i Ulvik/Eidfjord, Vestland","Sterk vind, fare for stengt veg.",,,uvær,uvær,uvær,Certain,,1760976010000,6.823856120609264,60.48377145782033,6.836791862242444,60.47318852151293,6.830323,60.47849,Rv,13,,1760969030000,,0.0,1760976034000,1760976034000,1760968810000,,1760961830000,1760968834000,1760968834000,Uvær,2025-10-20
1267,46_RV13_S32,0.11091486904024019,51696.65386824019,6732583.528745706,-427687936,a3c5aac6-35ac-47dd-a7da-7996da3a904c_1,NPRA_HBT_20-10-2025.168452,1,"Rv. 13 Hardangerbrua i Ulvik/Eidfjord, Vestland","Sterk vind, fare for stengt veg.",,,uvær,uvær,uvær,Certain,,1760977009000,6.823856120609264,60.48377145782033,6.836791862242444,60.47318852151293,6.830323,60.47849,Rv,13,,1760969930000,,0.0,1760977027000,1760977027000,1760969809000,,1760962730000,1760969827000,1760969827000,Uvær,2025-10-20
1268,46_RV13_S32,0.11091486904024019,51696.65386824019,6732583.528745706,-427687936,a3c5aac6-35ac-47dd-a7da-7996da3a904c_2,NPRA_HBT_20-10-2025.168452,2,"Rv. 13 Hardangerbrua i Ulvik/Eidfjord, Vestland","Sterk vind, fare for stengt veg.",,,uvær,uvær,uvær,Certain,,1760977009000,6.823856120609264,60.48377145782033,6.836791862242444,60.47318852151293,6.830323,60.47849,Rv,13,,1760969930000,,0.0,1760977027000,1760977027000,1760969809000,,1760962730000,1760969827000,1760969827000,Uvær,2025-10-20
1269,46_RV13_S32,0.11091486904024019,51696.65386824019,6732583.528745706,-427360256,a4b5855f-7967-46da-9d68-8e501d82709c_1,NPRA_HBT_20-10-2025.168462,1,"Rv. 13 Hardangerbrua i Ulvik/Eidfjord, Vestland","Sterk vind, fare for stengt veg.",,,uvær,uvær,uvær,Certain,,1760977665000,6.823856120609264,60.48377145782033,6.836791862242444,60.47318852151293,6.830323,60.47849,Rv,13,,1760970832000,,0.0,1760977688000,1760977688000,1760970465000,,1760963632000,1760970488000,1760970488000,Uvær,2025-10-20
1270,46_RV13_S32,0.11091486904024019,51696.65386824019,6732583.528745706,-427360256,a4b5855f-7967-46da-9d68-8e501d82709c_2,NPRA_HBT_20-10-2025.168462,2,"Rv. 13 Hardangerbrua i Ulvik/Eidfjord, Vestland","Sterk vind, fare for stengt veg.",,,uvær,uvær,uvær,Certain,,1760977665000,6.823856120609264,60.48377145782033,6.836791862242444,60.47318852151293,6.830323,60.47849,Rv,13,,1760970832000,,0.0,1760977688000,1760977688000,1760970465000,,1760963632000,1760970488000,1760970488000,Uvær,2025-10-20
1271,46_RV13_S32,0.11091486904024019,51696.65386824019,6732583.528745706,-423297024,daafc16d-4afe-4742-ba51-3b50f3f1f409_1,NPRA_HBT_20-10-2025.168586,1,"Rv. 13 Hardangerbrua i Ulvik/Eidfjord, Vestland","Sterk vind, fare for stengt veg.",,,uvær,uvær,uvær,Certain,,1760993079000,6.823856120609264,60.48377145782033,6.836791862242444,60.47318852151293,6.830323,60.47849,Rv,13,,1760986132000,,0.0,1760993104000,1760993104000,1760985879000,,1760978932000,1760985904000,1760985904000,Uvær,2025-10-20
1272,46_RV13_S32,0.11091486904024019,51696.65386824019,6732583.528745706,-423297024,daafc16d-4afe-4742-ba51-3b50f3f1f409_2,NPRA_HBT_20-10-2025.168586,2,"Rv. 13 Hardangerbrua i Ulvik/Eidfjord, Vestland","Sterk vind, fare for stengt veg.",,,uvær,uvær,uvær,Certain,,1760993079000,6.823856120609264,60.48377145782033,6.836791862242444,60.47318852151293,6.830323,60.47849,Rv,13,,1760986132000,,0.0,1760993104000,1760993104000,1760985879000,,1760978932000,1760985904000,1760985904000,Uvær,2025-10-20
1273,46_RV13_S32,0.11091486904024019,51696.65386824019,6732583.528745706,-423198720,3a751cf6-3c2f-49ef-8dfd-96532d755703_1,NPRA_HBT_20-10-2025.168589,1,"Rv. 13 Hardangerbrua i Ulvik/Eidfjord, Vestland","Sterk vind, fare for stengt veg.",,,uvær,uvær,uvær,Certain,,1760993758000,6.823856120609264,60.48377145782033,6.836791862242444,60.47318852151293,6.830323,60.47849,Rv,13,,1760987032000,,0.0,1760993765000,1760993765000,1760986558000,,1760979832000,1760986565000,1760986565000,Uvær,2025-10-20
1274,46_RV13_S32,0.11091486904024019,51696.65386824019,6732583.528745706,-423198720,3a751cf6-3c2f-49ef-8dfd-96532d755703_2,NPRA_HBT_20-10-2025.168589,2,"Rv. 13 Hardangerbrua i Ulvik/Eidfjord, Vestland","Sterk vind, fare for stengt veg.",,,uvær,uvær,uvær,Certain,,1760993758000,6.823856120609264,60.48377145782033,6.836791862242444,60.47318852151293,6.830323,60.47849,Rv,13,,1760987032000,,0.0,1760993765000,1760993765000,1760986558000,,1760979832000,1760986565000,1760986565000,Uvær,2025-10-20
1275,46_RV13_S32,0.11091486904024019,51696.65386824019,6732583.528745706,-422838272,32e70112-b687-450d-a722-f48e4496442b_1,NPRA_HBT_20-10-2025.168600,1,"Rv. 13 Hardangerbrua i Ulvik/Eidfjord, Vestland","Sterk vind, fare for stengt veg.",,,uvær,uvær,uvær,Certain,,1760995043000,6.823856120609264,60.48377145782033,6.836791862242444,60.47318852151293,6.830323,60.47849,Rv,13,,1760987929000,,0.0,1760995056000,1760995056000,1760987843000,,1760980729000,1760987856000,1760987856000,Uvær,2025-10-20
1276,46_RV13_S32,0.11091486904024019,51696.65386824019,6732583.528745706,-422838272,32e70112-b687-450d-a722-f48e4496442b_2,NPRA_HBT_20-10-2025.168600,2,"Rv. 13 Hardangerbrua i Ulvik/Eidfjord, Vestland","Sterk vind, fare for stengt veg.",,,uvær,uvær,uvær,Certain,,1760995043000,6.823856120609264,60.48377145782033,6.836791862242444,60.47318852151293,6.830323,60.47849,Rv,13,,1760987929000,,0.0,1760995056000,1760995056000,1760987843000,,1760980729000,1760987856000,1760987856000,Uvær,2025-10-20
1277,46_RV13_S32,0.11091486904024019,51696.65386824019,6732583.528745706,-421101568,4e872ead-987e-47f7-ba43-3a4d8cc22ed9_1,NPRA_HBT_20-10-2025.168653,1,"Rv. 13 Hardangerbrua i Ulvik/Eidfjord, Vestland","Sterk vind, fare for stengt veg.",,,uvær,uvær,uvær,Certain,,1761000173000,6.823856120609264,60.48377145782033,6.836791862242444,60.47318852151293,6.830323,60.47849,Rv,13,,1760993329000,,0.0,1761000183000,1761000183000,1760992973000,,1760986129000,1760992983000,1760992983000,Uvær,2025-10-20
1278,46_RV13_S32,0.11091486904024019,51696.65386824019,6732583.528745706,-421101568,4e872ead-987e-47f7-ba43-3a4d8cc22ed9_2,NPRA_HBT_20-10-2025.168653,2,"Rv. 13 Hardangerbrua i Ulvik/Eidfjord, Vestland","Sterk vind, fare for stengt veg.",,,uvær,uvær,uvær,Certain,,1761000173000,6.823856120609264,60.48377145782033,6.836791862242444,60.47318852151293,6.830323,60.47849,Rv,13,,1760993329000,,0.0,1761000183000,1761000183000,1760992973000,,1760986129000,1760992983000,1760992983000,Uvær,2025-10-20
1279,46_RV13_S32,0.11091486904024019,51696.65386824019,6732583.528745706,-2012250112,3ac6e084-fe3b-413f-a7af-9a8e4d34e3d3_1,NPRA_HBT_21-10-2025.168671,1,"Rv. 13 Hardangerbrua i Ulvik/Eidfjord, Vestland","Sterk vind, fare for stengt veg.",,,uvær,uvær,uvær,Certain,,1761004903000,6.823856120609264,60.48377145782033,6.836791862242444,60.47318852151293,6.830323,60.47849,Rv,13,,1760997832000,,0.0,1761004924000,1761004924000,1760997703000,,1760990632000,1760997724000,1760997724000,Uvær,2025-10-21
1280,46_RV13_S32,0.11091486904024019,51696.65386824019,6732583.528745706,-2012250112,3ac6e084-fe3b-413f-a7af-9a8e4d34e3d3_2,NPRA_HBT_21-10-2025.168671,2,"Rv. 13 Hardangerbrua i Ulvik/Eidfjord, Vestland","Sterk vind, fare for stengt veg.",,,uvær,uvær,uvær,Certain,,1761004903000,6.823856120609264,60.48377145782033,6.836791862242444,60.47318852151293,6.830323,60.47849,Rv,13,,1760997832000,,0.0,1761004924000,1761004924000,1760997703000,,1760990632000,1760997724000,1760997724000,Uvær,2025-10-21
1281,46_RV13_S32,0.11091486904024019,51696.65386824019,6732583.528745706,-2012119040,63840dee-723c-4552-8685-3832bd2aa3ff_1,NPRA_HBT_21-10-2025.168675,1,"Rv. 13 Hardangerbrua i Ulvik/Eidfjord, Vestland","Sterk vind, fare for stengt veg.",,,uvær,uvær,uvær,Certain,,1761005533000,6.823856120609264,60.48377145782033,6.836791862242444,60.47318852151293,6.830323,60.47849,Rv,13,,1760998730000,,0.0,1761005552000,1761005552000,1760998333000,,1760991530000,1760998352000,1760998352000,Uvær,2025-10-21
1282,46_RV13_S32,0.11091486904024019,51696.65386824019,6732583.528745706,-2012119040,63840dee-723c-4552-8685-3832bd2aa3ff_2,NPRA_HBT_21-10-2025.168675,2,"Rv. 13 Hardangerbrua i Ulvik/Eidfjord, Vestland","Sterk vind, fare for stengt veg.",,,uvær,uvær,uvær,Certain,,1761005533000,6.823856120609264,60.48377145782033,6.836791862242444,60.47318852151293,6.830323,60.47849,Rv,13,,1760998730000,,0.0,1761005552000,1761005552000,1760998333000,,1760991530000,1760998352000,1760998352000,Uvær,2025-10-21
1283,46_RV13_S32,0.11091486904024019,51696.65386824019,6732583.528745706,-2012020736,e40461a9-1fcb-4335-803d-bf9a33257397_1,NPRA_HBT_21-10-2025.168678,1,"Rv. 13 Hardangerbrua i Ulvik/Eidfjord, Vestland","Sterk vind, fare for stengt veg.",,,uvær,uvær,uvær,Certain,,1761006099000,6.823856120609264,60.48377145782033,6.836791862242444,60.47318852151293,6.830323,60.47849,Rv,13,,1760999092000,,0.0,1761006122000,1761006122000,1760998899000,,1760991892000,1760998922000,1760998922000,Uvær,2025-10-21
1284,46_RV13_S32,0.11091486904024019,51696.65386824019,6732583.528745706,-2012020736,e40461a9-1fcb-4335-803d-bf9a33257397_2,NPRA_HBT_21-10-2025.168678,2,"Rv. 13 Hardangerbrua i Ulvik/Eidfjord, Vestland","Sterk vind, fare for stengt veg.",,,uvær,uvær,uvær,Certain,,1761006099000,6.823856120609264,60.48377145782033,6.836791862242444,60.47318852151293,6.830323,60.47849,Rv,13,,1760999092000,,0.0,1761006122000,1761006122000,1760998899000,,1760991892000,1760998922000,1760998922000,Uvær,2025-10-21
1285,46_RV13_S32,0.11091486904024019,51696.65386824019,6732583.528745706,-2011955200,36462f2c-cc43-4ca8-a23b-360e4fd60d4b_1,NPRA_HBT_21-10-2025.168680,1,"Rv. 13 Hardangerbrua i Ulvik/Eidfjord, Vestland","Sterk vind, fare for stengt veg.",,,uvær,uvær,uvær,Certain,,1761007138000,6.823856120609264,60.48377145782033,6.836791862242444,60.47318852151293,6.830323,60.47849,Rv,13,,1760999990000,,0.0,1761007144000,1761007144000,1760999938000,,1760992790000,1760999944000,1760999944000,Uvær,2025-10-21
1286,46_RV13_S32,0.11091486904024019,51696.65386824019,6732583.528745706,-2011955200,36462f2c-cc43-4ca8-a23b-360e4fd60d4b_2,NPRA_HBT_21-10-2025.168680,2,"Rv. 13 Hardangerbrua i Ulvik/Eidfjord, Vestland","Sterk vind, fare for stengt veg.",,,uvær,uvær,uvær,Certain,,1761007138000,6.823856120609264,60.48377145782033,6.836791862242444,60.47318852151293,6.830323,60.47849,Rv,13,,1760999990000,,0.0,1761007144000,1761007144000,1760999938000,,1760992790000,1760999944000,1760999944000,Uvær,2025-10-21
1287,46_RV13_S32,0.11091486904024019,51696.65386824019,6732583.528745706,-2011627520,f1f4c670-3902-48e4-8027-b5f29620b94f_1,NPRA_HBT_21-10-2025.168690,1,"Rv. 13 Hardangerbrua i Ulvik/Eidfjord, Vestland","Sterk vind, fare for stengt veg.",,,uvær,uvær,uvær,Certain,,1761011743000,6.823856120609264,60.48377145782033,6.836791862242444,60.47318852151293,6.830323,60.47849,Rv,13,,1761004810000,,0.0,1761011765000,1761011765000,1761004543000,,1760997610000,1761004565000,1761004565000,Uvær,2025-10-21
1288,46_RV13_S32,0.11091486904024019,51696.65386824019,6732583.528745706,-2011627520,f1f4c670-3902-48e4-8027-b5f29620b94f_2,NPRA_HBT_21-10-2025.168690,2,"Rv. 13 Hardangerbrua i Ulvik/Eidfjord, Vestland","Sterk vind, fare for stengt veg.",,,uvær,uvær,uvær,Certain,,1761011743000,6.823856120609264,60.48377145782033,6.836791862242444,60.47318852151293,6.830323,60.47849,Rv,13,,1761004810000,,0.0,1761011765000,1761011765000,1761004543000,,1760997610000,1761004565000,1761004565000,Uvær,2025-10-21
1289,46_RV13_S32,0.11091486904024019,51696.65386824019,6732583.528745706,-2011365376,29487a42-e616-4082-b8d0-9f1abf6afe03_1,NPRA_HBT_21-10-2025.168698,1,"Rv. 13 Hardangerbrua i Ulvik/Eidfjord, Vestland","Sterk vind, fare for stengt veg.",,,uvær,uvær,uvær,Certain,,1761018254000,6.823856120609264,60.48377145782033,6.836791862242444,60.47318852151293,6.830323,60.47849,Rv,13,,1761011109000,,0.0,1761018274000,1761018274000,1761011054000,,1761003909000,1761011074000,1761011074000,Uvær,2025-10-21
1290,46_RV13_S32,0.11091486904024019,51696.65386824019,6732583.528745706,-2011365376,29487a42-e616-4082-b8d0-9f1abf6afe03_2,NPRA_HBT_21-10-2025.168698,2,"Rv. 13 Hardangerbrua i Ulvik/Eidfjord, Vestland","Sterk vind, fare for stengt veg.",,,uvær,uvær,uvær,Certain,,1761018254000,6.823856120609264,60.48377145782033,6.836791862242444,60.47318852151293,6.830323,60.47849,Rv,13,,1761011109000,,0.0,1761018274000,1761018274000,1761011054000,,1761003909000,1761011074000,1761011074000,Uvær,2025-10-21
1291,46_RV13_S32,0.11091486904024019,51696.65386824019,6732583.528745706,1003814912,4df635ae-2759-4487-a816-a2bb36b38980_1,NPRA_HBT_30-10-2025.173610,1,"Rv. 13 Hardangerbrua i Ulvik/Eidfjord, Vestland","Sterk vind, vegen er stengt.",,,uvær,uvær,uvær,Certain,,1761795427000,6.823856120609264,60.48377145782033,6.836791862242444,60.47318852151293,6.830323,60.47849,Rv,13,,1761791911000,,1.0,1761795454000,1761795454000,1761791827000,,1761788311000,1761791854000,1761791854000,Uvær,2025-10-30
1292,46_RV13_S32,0.11091486904024019,51696.65386824019,6732583.528745706,1003814912,4df635ae-2759-4487-a816-a2bb36b38980_2,NPRA_HBT_30-10-2025.173610,2,"Rv. 13 Hardangerbrua i Ulvik/Eidfjord, Vestland","Sterk vind, vegen er stengt.",,,uvær,uvær,uvær,Certain,,1761795427000,6.823856120609264,60.48377145782033,6.836791862242444,60.47318852151293,6.830323,60.47849,Rv,13,,1761791911000,,1.0,1761795454000,1761795454000,1761791827000,,1761788311000,1761791854000,1761791854000,Uvær,2025-10-30
1293,46_RV13_S32,0.11091486904024019,51696.65386824019,6732583.528745706,-563478528,a5a4e9ca-4588-4b8f-ac7e-2ae39e7f8b66_1,NPRA_HBT_31-10-2025.174356,1,"Rv. 13 Hardangerbrua i Ulvik/Eidfjord, Vestland","Sterk vind, fare for stengt veg.",,,uvær,uvær,uvær,Certain,,1761898130000,6.823856120609264,60.48377145782033,6.836791862242444,60.47318852151293,6.830323,60.47849,Rv,13,,1761894910000,,0.0,1761898145000,1761898145000,1761894530000,,1761891310000,1761894545000,1761894545000,Uvær,2025-10-31
1294,46_RV13_S32,0.11091486904024019,51696.65386824019,6732583.528745706,-563478528,a5a4e9ca-4588-4b8f-ac7e-2ae39e7f8b66_2,NPRA_HBT_31-10-2025.174356,2,"Rv. 13 Hardangerbrua i Ulvik/Eidfjord, Vestland","Sterk vind, fare for stengt veg.",,,uvær,uvær,uvær,Certain,,1761898130000,6.823856120609264,60.48377145782033,6.836791862242444,60.47318852151293,6.830323,60.47849,Rv,13,,1761894910000,,0.0,1761898145000,1761898145000,1761894530000,,1761891310000,1761894545000,1761894545000,Uvær,2025-10-31
1295,46_RV13_S32,0.11091486904024019,51696.65386824019,6732583.528745706,-562593792,be8ce324-4aee-4893-b501-fcdbf8358184_1,NPRA_HBT_31-10-2025.174383,1,"Rv. 13 Hardangerbrua i Ulvik/Eidfjord, Vestland","Sterk vind, fare for stengt veg.",,,uvær,uvær,uvær,Certain,,1761900125000,6.823856120609264,60.48377145782033,6.836791862242444,60.47318852151293,6.830323,60.47849,Rv,13,,1761896712000,,0.0,1761900154000,1761900154000,1761896525000,,1761893112000,1761896554000,1761896554000,Uvær,2025-10-31
1296,46_RV13_S32,0.11091486904024019,51696.65386824019,6732583.528745706,-562593792,be8ce324-4aee-4893-b501-fcdbf8358184_2,NPRA_HBT_31-10-2025.174383,2,"Rv. 13 Hardangerbrua i Ulvik/Eidfjord, Vestland","Sterk vind, fare for stengt veg.",,,uvær,uvær,uvær,Certain,,1761900125000,6.823856120609264,60.48377145782033,6.836791862242444,60.47318852151293,6.830323,60.47849,Rv,13,,1761896712000,,0.0,1761900154000,1761900154000,1761896525000,,1761893112000,1761896554000,1761896554000,Uvær,2025-10-31
1297,46_RV13_S32,0.11091486904024019,51696.65386824019,6732583.528745706,-560758784,712436e7-2ba1-480c-8993-76e6a2d23e6e_1,NPRA_HBT_31-10-2025.174439,1,"Rv. 13 Hardangerbrua i Ulvik/Eidfjord, Vestland","Sterk vind, fare for stengt veg.",,,uvær,uvær,uvær,Certain,,1761902836000,6.823856120609264,60.48377145782033,6.836791862242444,60.47318852151293,6.830323,60.47849,Rv,13,,1761899413000,,0.0,1761902856000,1761902856000,1761899236000,,1761895813000,1761899256000,1761899256000,Uvær,2025-10-31
1298,46_RV13_S32,0.11091486904024019,51696.65386824019,6732583.528745706,-560758784,712436e7-2ba1-480c-8993-76e6a2d23e6e_2,NPRA_HBT_31-10-2025.174439,2,"Rv. 13 Hardangerbrua i Ulvik/Eidfjord, Vestland","Sterk vind, fare for stengt veg.",,,uvær,uvær,uvær,Certain,,1761902836000,6.823856120609264,60.48377145782033,6.836791862242444,60.47318852151293,6.830323,60.47849,Rv,13,,1761899413000,,0.0,1761902856000,1761902856000,1761899236000,,1761895813000,1761899256000,1761899256000,Uvær,2025-10-31
1299,46_RV13_S32,0.11091486904024019,51696.65386824019,6732583.528745706,-558465024,8060b760-75b5-4112-bbed-5c078f0589b5_1,NPRA_HBT_31-10-2025.174509,1,"Rv. 13 Hardangerbrua i Ulvik/Eidfjord, Vestland","Sterk vind, fare for stengt veg.",,,uvær,uvær,uvær,Certain,,1761908150000,6.823856120609264,60.48377145782033,6.836791862242444,60.47318852151293,6.830323,60.47849,Rv,13,,1761904813000,,0.0,1761908164000,1761908164000,1761904550000,,1761901213000,1761904564000,1761904564000,Uvær,2025-10-31
1300,46_RV13_S32,0.11091486904024019,51696.65386824019,6732583.528745706,-558465024,8060b760-75b5-4112-bbed-5c078f0589b5_2,NPRA_HBT_31-10-2025.174509,2,"Rv. 13 Hardangerbrua i Ulvik/Eidfjord, Vestland","Sterk vind, fare for stengt veg.",,,uvær,uvær,uvær,Certain,,1761908150000,6.823856120609264,60.48377145782033,6.836791862242444,60.47318852151293,6.830323,60.47849,Rv,13,,1761904813000,,0.0,1761908164000,1761908164000,1761904550000,,1761901213000,1761904564000,1761904564000,Uvær,2025-10-31
1301,46_RV13_S32,0.11091486904024019,51696.65386824019,6732583.528745706,-547422208,8aee7662-f156-454d-acba-9a51925f8dec_1,NPRA_HBT_31-10-2025.174846,1,"Rv. 13 Hardangerbrua i Ulvik/Eidfjord, Vestland","Sterk vind, fare for stengt veg.",,,uvær,uvær,uvær,Certain,,1761937777000,6.823856120609264,60.48377145782033,6.836791862242444,60.47318852151293,6.830323,60.47849,Rv,13,,1761934509000,,0.0,1761937804000,1761937804000,1761934177000,,1761930909000,1761934204000,1761934204000,Uvær,2025-10-31
1302,46_RV13_S32,0.11091486904024019,51696.65386824019,6732583.528745706,-547422208,8aee7662-f156-454d-acba-9a51925f8dec_2,NPRA_HBT_31-10-2025.174846,2,"Rv. 13 Hardangerbrua i Ulvik/Eidfjord, Vestland","Sterk vind, fare for stengt veg.",,,uvær,uvær,uvær,Certain,,1761937777000,6.823856120609264,60.48377145782033,6.836791862242444,60.47318852151293,6.830323,60.47849,Rv,13,,1761934509000,,0.0,1761937804000,1761937804000,1761934177000,,1761930909000,1761934204000,1761934204000,Uvær,2025-10-31
1303,46_RV13_S32,0.11091486904024019,51696.65386824019,6732583.528745706,-545292288,1ace10aa-6884-4632-964f-81b72e72ed0a_1,NPRA_HBT_31-10-2025.174911,1,"Rv. 13 Hardangerbrua i Ulvik/Eidfjord, Vestland","Sterk vind, fare for stengt veg.",,,uvær,uvær,uvær,Certain,,1761954939000,6.823856120609264,60.48377145782033,6.836791862242444,60.47318852151293,6.830323,60.47849,Rv,13,,1761951612000,,0.0,1761954962000,1761954962000,1761951339000,,1761948012000,1761951362000,1761951362000,Uvær,2025-10-31
1304,46_RV13_S32,0.11091486904024019,51696.65386824019,6732583.528745706,-545292288,1ace10aa-6884-4632-964f-81b72e72ed0a_2,NPRA_HBT_31-10-2025.174911,2,"Rv. 13 Hardangerbrua i Ulvik/Eidfjord, Vestland","Sterk vind, fare for stengt veg.",,,uvær,uvær,uvær,Certain,,1761954939000,6.823856120609264,60.48377145782033,6.836791862242444,60.47318852151293,6.830323,60.47849,Rv,13,,1761951612000,,0.0,1761954962000,1761954962000,1761951339000,,1761948012000,1761951362000,1761951362000,Uvær,2025-10-31
1305,46_RV13_S32,0.11091486904024019,51696.65386824019,6732583.528745706,-297467904,d83ebeb1-a437-4387-ab4f-92ff2acb1e3b_1,NPRA_HBT_01-11-2025.174922,1,"Rv. 13 Hardangerbrua i Ulvik/Eidfjord, Vestland","Sterk vind, fare for stengt veg.",,,uvær,uvær,uvær,Certain,,1761959553000,6.823856120609264,60.48377145782033,6.836791862242444,60.47318852151293,6.830323,60.47849,Rv,13,,1761956220000,,0.0,1761959583000,1761959583000,1761955953000,,1761952620000,1761955983000,1761955983000,Uvær,2025-11-01
1306,46_RV13_S32,0.11091486904024019,51696.65386824019,6732583.528745706,-297467904,d83ebeb1-a437-4387-ab4f-92ff2acb1e3b_2,NPRA_HBT_01-11-2025.174922,2,"Rv. 13 Hardangerbrua i Ulvik/Eidfjord, Vestland","Sterk vind, fare for stengt veg.",,,uvær,uvær,uvær,Certain,,1761959553000,6.823856120609264,60.48377145782033,6.836791862242444,60.47318852151293,6.830323,60.47849,Rv,13,,1761956221000,,0.0,1761959583000,1761959583000,1761955953000,,1761952621000,1761955983000,1761955983000,Uvær,2025-11-01
1307,46_RV13_S32,0.11091486904024019,51696.65386824019,6732583.528745706,-297041920,8e7bc7ca-09b5-417a-bd28-05765dfc0853_1,NPRA_HBT_01-11-2025.174935,1,"Rv. 13 Hardangerbrua i Ulvik/Eidfjord, Vestland","Sterk vind, fare for stengt veg.",,,uvær,uvær,uvær,Certain,,1761965048000,6.823856120609264,60.48377145782033,6.836791862242444,60.47318852151293,6.830323,60.47849,Rv,13,,1761961623000,,0.0,1761965074000,1761965074000,1761961448000,,1761958023000,1761961474000,1761961474000,Uvær,2025-11-01
1308,46_RV13_S32,0.11091486904024019,51696.65386824019,6732583.528745706,-297041920,8e7bc7ca-09b5-417a-bd28-05765dfc0853_2,NPRA_HBT_01-11-2025.174935,2,"Rv. 13 Hardangerbrua i Ulvik/Eidfjord, Vestland","Sterk vind, fare for stengt veg.",,,uvær,uvær,uvær,Certain,,1761965048000,6.823856120609264,60.48377145782033,6.836791862242444,60.47318852151293,6.830323,60.47849,Rv,13,,1761961623000,,0.0,1761965074000,1761965074000,1761961448000,,1761958023000,1761961474000,1761961474000,Uvær,2025-11-01
1309,46_RV13_S32,0.11091486904024019,51696.65386824019,6732583.528745706,-296714240,21cd32a3-bd4a-4a7e-9242-a68890a6301c_1,NPRA_HBT_01-11-2025.174945,1,"Rv. 13 Hardangerbrua i Ulvik/Eidfjord, Vestland","Sterk vind, fare for stengt veg.",,,uvær,uvær,uvær,Certain,,1761969188000,6.823856120609264,60.48377145782033,6.836791862242444,60.47318852151293,6.830323,60.47849,Rv,13,,1761966123000,,0.0,1761969212000,1761969212000,1761965588000,,1761962523000,1761965612000,1761965612000,Uvær,2025-11-01
1310,46_RV13_S32,0.11091486904024019,51696.65386824019,6732583.528745706,-296714240,21cd32a3-bd4a-4a7e-9242-a68890a6301c_2,NPRA_HBT_01-11-2025.174945,2,"Rv. 13 Hardangerbrua i Ulvik/Eidfjord, Vestland","Sterk vind, fare for stengt veg.",,,uvær,uvær,uvær,Certain,,1761969188000,6.823856120609264,60.48377145782033,6.836791862242444,60.47318852151293,6.830323,60.47849,Rv,13,,1761966123000,,0.0,1761969212000,1761969212000,1761965588000,,1761962523000,1761965612000,1761965612000,Uvær,2025-11-01
1311,46_RV13_S32,0.11091486904024019,51696.65386824019,6732583.528745706,-296091648,3b7153ef-ffc2-424c-aa6f-7fa71b73967a_1,NPRA_HBT_01-11-2025.174964,1,"Rv. 13 Hardangerbrua i Ulvik/Eidfjord, Vestland","Sterk vind, fare for stengt veg.",,,uvær,uvær,uvær,Certain,,1761981351000,6.823856120609264,60.48377145782033,6.836791862242444,60.47318852151293,6.830323,60.47849,Rv,13,,1761977821000,,0.0,1761981363000,1761981363000,1761977751000,,1761974221000,1761977763000,1761977763000,Uvær,2025-11-01
1312,46_RV13_S32,0.11091486904024019,51696.65386824019,6732583.528745706,-296091648,3b7153ef-ffc2-424c-aa6f-7fa71b73967a_2,NPRA_HBT_01-11-2025.174964,2,"Rv. 13 Hardangerbrua i Ulvik/Eidfjord, Vestland","Sterk vind, fare for stengt veg.",,,uvær,uvær,uvær,Certain,,1761981351000,6.823856120609264,60.48377145782033,6.836791862242444,60.47318852151293,6.830323,60.47849,Rv,13,,1761977821000,,0.0,1761981363000,1761981363000,1761977751000,,1761974221000,1761977763000,1761977763000,Uvær,2025-11-01
1313,46_RV13_S32,0.11091486904024019,51696.65386824019,6732583.528745706,-295567360,e7332f63-c93e-4e3f-8e91-5fcce93f0126_1,NPRA_HBT_01-11-2025.174980,1,"Rv. 13 Hardangerbrua i Ulvik/Eidfjord, Vestland","Sterk vind, fare for stengt veg.",,,uvær,uvær,uvær,Certain,,1761984855000,6.823856120609264,60.48377145782033,6.836791862242444,60.47318852151293,6.830323,60.47849,Rv,13,,1761981423000,,0.0,1761984874000,1761984874000,1761981255000,,1761977823000,1761981274000,1761981274000,Uvær,2025-11-01
1314,46_RV13_S32,0.11091486904024019,51696.65386824019,6732583.528745706,-295567360,e7332f63-c93e-4e3f-8e91-5fcce93f0126_2,NPRA_HBT_01-11-2025.174980,2,"Rv. 13 Hardangerbrua i Ulvik/Eidfjord, Vestland","Sterk vind, fare for stengt veg.",,,uvær,uvær,uvær,Certain,,1761984855000,6.823856120609264,60.48377145782033,6.836791862242444,60.47318852151293,6.830323,60.47849,Rv,13,,1761981423000,,0.0,1761984874000,1761984874000,1761981255000,,1761977823000,1761981274000,1761981274000,Uvær,2025-11-01
1315,46_RV13_S32,0.11091486904024019,51696.65386824019,6732583.528745706,-295534592,a1441f22-5a9d-4ad0-87bc-a17d3308ca5b_1,NPRA_HBT_01-11-2025.174981,1,"Rv. 13 Hardangerbrua i Ulvik/Eidfjord, Vestland","Sterk vind, fare for stengt veg.",,,uvær,uvær,uvær,Certain,,1761985731000,6.823856120609264,60.48377145782033,6.836791862242444,60.47318852151293,6.830323,60.47849,Rv,13,,1761982320000,,0.0,1761985744000,1761985744000,1761982131000,,1761978720000,1761982144000,1761982144000,Uvær,2025-11-01
1316,46_RV13_S32,0.11091486904024019,51696.65386824019,6732583.528745706,-295534592,a1441f22-5a9d-4ad0-87bc-a17d3308ca5b_2,NPRA_HBT_01-11-2025.174981,2,"Rv. 13 Hardangerbrua i Ulvik/Eidfjord, Vestland","Sterk vind, fare for stengt veg.",,,uvær,uvær,uvær,Certain,,1761985731000,6.823856120609264,60.48377145782033,6.836791862242444,60.47318852151293,6.830323,60.47849,Rv,13,,1761982320000,,0.0,1761985744000,1761985744000,1761982131000,,1761978720000,1761982144000,1761982144000,Uvær,2025-11-01
1317,46_RV13_S32,0.11091486904024019,51696.65386824019,6732583.528745706,-294387712,79a42047-dc10-4e5c-99eb-6c32dd9696c5_1,NPRA_HBT_01-11-2025.175016,1,"Rv. 13 Hardangerbrua i Ulvik/Eidfjord, Vestland","Sterk vind, fare for stengt veg.",,,uvær,uvær,uvær,Certain,,1761993665000,6.823856120609264,60.48377145782033,6.836791862242444,60.47318852151293,6.830323,60.47849,Rv,13,,1761990423000,,0.0,1761993694000,1761993694000,1761990065000,,1761986823000,1761990094000,1761990094000,Uvær,2025-11-01
1318,46_RV13_S32,0.11091486904024019,51696.65386824019,6732583.528745706,-294387712,79a42047-dc10-4e5c-99eb-6c32dd9696c5_2,NPRA_HBT_01-11-2025.175016,2,"Rv. 13 Hardangerbrua i Ulvik/Eidfjord, Vestland","Sterk vind, fare for stengt veg.",,,uvær,uvær,uvær,Certain,,1761993665000,6.823856120609264,60.48377145782033,6.836791862242444,60.47318852151293,6.830323,60.47849,Rv,13,,1761990423000,,0.0,1761993694000,1761993694000,1761990065000,,1761986823000,1761990094000,1761990094000,Uvær,2025-11-01
1319,46_RV13_S32,0.11091486904024019,51696.65386824019,6732583.528745706,-293273600,fb5b32ce-df22-4ffe-bdd2-f02c6247ace0_1,NPRA_HBT_01-11-2025.175050,1,"Rv. 13 Hardangerbrua i Ulvik/Eidfjord, Vestland","Sterk vind, fare for stengt veg.",,,uvær,uvær,uvær,Certain,,1761997234000,6.823856120609264,60.48377145782033,6.836791862242444,60.47318852151293,6.830323,60.47849,Rv,13,,1761994024000,,0.0,1761997265000,1761997265000,1761993634000,,1761990424000,1761993665000,1761993665000,Uvær,2025-11-01
1320,46_RV13_S32,0.11091486904024019,51696.65386824019,6732583.528745706,-293273600,fb5b32ce-df22-4ffe-bdd2-f02c6247ace0_2,NPRA_HBT_01-11-2025.175050,2,"Rv. 13 Hardangerbrua i Ulvik/Eidfjord, Vestland","Sterk vind, fare for stengt veg.",,,uvær,uvær,uvær,Certain,,1761997234000,6.823856120609264,60.48377145782033,6.836791862242444,60.47318852151293,6.830323,60.47849,Rv,13,,1761994024000,,0.0,1761997265000,1761997265000,1761993634000,,1761990424000,1761993665000,1761993665000,Uvær,2025-11-01
1321,46_RV13_S32,0.11091486904024019,51696.65386824019,6732583.528745706,-293076992,79b09ea7-2444-4e2e-83f4-24e823f5d6ab_1,NPRA_HBT_01-11-2025.175056,1,"Rv. 13 Hardangerbrua i Ulvik/Eidfjord, Vestland","Sterk vind, fare for stengt veg.",,,uvær,uvær,uvær,Certain,,1761997864000,6.823856120609264,60.48377145782033,6.836791862242444,60.47318852151293,6.830323,60.47849,Rv,13,,1761994922000,,0.0,1761997899000,1761997899000,1761994264000,,1761991322000,1761994299000,1761994299000,Uvær,2025-11-01
1322,46_RV13_S32,0.11091486904024019,51696.65386824019,6732583.528745706,-293076992,79b09ea7-2444-4e2e-83f4-24e823f5d6ab_2,NPRA_HBT_01-11-2025.175056,2,"Rv. 13 Hardangerbrua i Ulvik/Eidfjord, Vestland","Sterk vind, fare for stengt veg.",,,uvær,uvær,uvær,Certain,,1761997864000,6.823856120609264,60.48377145782033,6.836791862242444,60.47318852151293,6.830323,60.47849,Rv,13,,1761994922000,,0.0,1761997899000,1761997899000,1761994264000,,1761991322000,1761994299000,1761994299000,Uvær,2025-11-01
1323,46_RV13_S32,0.11091486904024019,51696.65386824019,6732583.528745706,-292683776,b17dd4fb-e215-4039-9265-f251d10d0c95_1,NPRA_HBT_01-11-2025.175068,1,"Rv. 13 Hardangerbrua i Ulvik/Eidfjord, Vestland","Sterk vind, fare for stengt veg.",,,uvær,uvær,uvær,Certain,,1761999399000,6.823856120609264,60.48377145782033,6.836791862242444,60.47318852151293,6.830323,60.47849,Rv,13,,1761996721000,,0.0,1761999425000,1761999425000,1761995799000,,1761993121000,1761995825000,1761995825000,Uvær,2025-11-01
1324,46_RV13_S32,0.11091486904024019,51696.65386824019,6732583.528745706,-292683776,b17dd4fb-e215-4039-9265-f251d10d0c95_2,NPRA_HBT_01-11-2025.175068,2,"Rv. 13 Hardangerbrua i Ulvik/Eidfjord, Vestland","Sterk vind, fare for stengt veg.",,,uvær,uvær,uvær,Certain,,1761999399000,6.823856120609264,60.48377145782033,6.836791862242444,60.47318852151293,6.830323,60.47849,Rv,13,,1761996721000,,0.0,1761999425000,1761999425000,1761995799000,,1761993121000,1761995825000,1761995825000,Uvær,2025-11-01
1325,46_RV13_S32,0.11091486904024019,51696.65386824019,6732583.528745706,-292093952,43413d1f-52b9-4f1c-bbd1-e6d451d903e0_1,NPRA_HBT_01-11-2025.175086,1,"Rv. 13 Hardangerbrua i Ulvik/Eidfjord, Vestland","Sterk vind, fare for stengt veg.",,,uvær,uvær,uvær,Certain,,1762001034000,6.823856120609264,60.48377145782033,6.836791862242444,60.47318852151293,6.830323,60.47849,Rv,13,,1761997621000,,0.0,1762001043000,1762001043000,1761997434000,,1761994021000,1761997443000,1761997443000,Uvær,2025-11-01
1326,46_RV13_S32,0.11091486904024019,51696.65386824019,6732583.528745706,-292093952,43413d1f-52b9-4f1c-bbd1-e6d451d903e0_2,NPRA_HBT_01-11-2025.175086,2,"Rv. 13 Hardangerbrua i Ulvik/Eidfjord, Vestland","Sterk vind, fare for stengt veg.",,,uvær,uvær,uvær,Certain,,1762001034000,6.823856120609264,60.48377145782033,6.836791862242444,60.47318852151293,6.830323,60.47849,Rv,13,,1761997621000,,0.0,1762001043000,1762001043000,1761997434000,,1761994021000,1761997443000,1761997443000,Uvær,2025-11-01
1327,46_RV13_S32,0.11091486904024019,51696.65386824019,6732583.528745706,-291995648,bd429f3a-604b-4a07-ae18-d9602550201b_1,NPRA_HBT_01-11-2025.175089,1,"Rv. 13 Hardangerbrua i Ulvik/Eidfjord, Vestland","Sterk vind, fare for stengt veg.",,,uvær,uvær,uvær,Certain,,1762001424000,6.823856120609264,60.48377145782033,6.836791862242444,60.47318852151293,6.830323,60.47849,Rv,13,,1761998522000,,0.0,1762001433000,1762001433000,1761997824000,,1761994922000,1761997833000,1761997833000,Uvær,2025-11-01
1328,46_RV13_S32,0.11091486904024019,51696.65386824019,6732583.528745706,-291995648,bd429f3a-604b-4a07-ae18-d9602550201b_2,NPRA_HBT_01-11-2025.175089,2,"Rv. 13 Hardangerbrua i Ulvik/Eidfjord, Vestland","Sterk vind, fare for stengt veg.",,,uvær,uvær,uvær,Certain,,1762001424000,6.823856120609264,60.48377145782033,6.836791862242444,60.47318852151293,6.830323,60.47849,Rv,13,,1761998522000,,0.0,1762001433000,1762001433000,1761997824000,,1761994922000,1761997833000,1761997833000,Uvær,2025-11-01
1329,46_RV13_S32,0.11091486904024019,51696.65386824019,6732583.528745706,-290979840,dfd77f37-f639-4223-ad01-1963f3759f43_1,NPRA_HBT_01-11-2025.175120,1,"Rv. 13 Hardangerbrua i Ulvik/Eidfjord, Vestland","Sterk vind, fare for stengt veg.",,,uvær,uvær,uvær,Certain,,1762004483000,6.823856120609264,60.48377145782033,6.836791862242444,60.47318852151293,6.830323,60.47849,Rv,13,,1762001221000,,0.0,1762004495000,1762004495000,1762000883000,,1761997621000,1762000895000,1762000895000,Uvær,2025-11-01
1330,46_RV13_S32,0.11091486904024019,51696.65386824019,6732583.528745706,-290979840,dfd77f37-f639-4223-ad01-1963f3759f43_2,NPRA_HBT_01-11-2025.175120,2,"Rv. 13 Hardangerbrua i Ulvik/Eidfjord, Vestland","Sterk vind, fare for stengt veg.",,,uvær,uvær,uvær,Certain,,1762004483000,6.823856120609264,60.48377145782033,6.836791862242444,60.47318852151293,6.830323,60.47849,Rv,13,,1762001221000,,0.0,1762004495000,1762004495000,1762000883000,,1761997621000,1762000895000,1762000895000,Uvær,2025-11-01
1331,46_RV13_S32,0.11091486904024019,51696.65386824019,6732583.528745706,-289931264,e60248d5-0e92-421a-9e11-26e89f65134f_1,NPRA_HBT_01-11-2025.175152,1,"Rv. 13 Hardangerbrua i Ulvik/Eidfjord, Vestland","Sterk vind, fare for stengt veg.",,,uvær,uvær,uvær,Certain,,1762009219000,6.823856120609264,60.48377145782033,6.836791862242444,60.47318852151293,6.830323,60.47849,Rv,13,,1762005724000,,0.0,1762009235000,1762009235000,1762005619000,,1762002124000,1762005635000,1762005635000,Uvær,2025-11-01
1332,46_RV13_S32,0.11091486904024019,51696.65386824019,6732583.528745706,-289931264,e60248d5-0e92-421a-9e11-26e89f65134f_2,NPRA_HBT_01-11-2025.175152,2,"Rv. 13 Hardangerbrua i Ulvik/Eidfjord, Vestland","Sterk vind, fare for stengt veg.",,,uvær,uvær,uvær,Certain,,1762009219000,6.823856120609264,60.48377145782033,6.836791862242444,60.47318852151293,6.830323,60.47849,Rv,13,,1762005724000,,0.0,1762009235000,1762009235000,1762005619000,,1762002124000,1762005635000,1762005635000,Uvær,2025-11-01
1335,46_RV13_S36,0.34011586912383046,38272.3546316619,6770616.751977567,-1152319488,fe7482d3-3162-4577-91ad-d5453ec521f9_1,NPRA_HBT_07-11-2025.178146,1,"Rv. 13 Ulvundsøy i Voss, Vestland",Steinskred/steinsprang.,,,steinskred,steinskred,steinskred,Certain,1762503386000.0,1762488986000,,,,,6.4996343,60.801132,Rv,13,,1762485914000,,0.0,1762489168000,1762489168000,1762485386000,1762499786000.0,1762482314000,1762485568000,1762485568000,Steinsprang,2025-11-07
1340,46_RV13_S32,0.11091486904024019,51696.65386824019,6732583.528745706,-2015297536,14230892-75fe-47c1-824a-82cd281e5211_1,NPRA_HBT_13-11-2025.181122,1,"Rv. 13 Hardangerbrua i Ulvik/Eidfjord, Vestland","Sterk vind, fare for stengt veg.",,,uvær,uvær,uvær,Certain,,1762992239000,6.823856120609264,60.48377145782033,6.836791862242444,60.47318852151293,6.830323,60.47849,Rv,13,,1762988999000,,0.0,1762992244000,1762992244000,1762988639000,,1762985399000,1762988644000,1762988644000,Uvær,2025-11-13
1341,46_RV13_S32,0.11091486904024019,51696.65386824019,6732583.528745706,-2015297536,14230892-75fe-47c1-824a-82cd281e5211_2,NPRA_HBT_13-11-2025.181122,2,"Rv. 13 Hardangerbrua i Ulvik/Eidfjord, Vestland","Sterk vind, fare for stengt veg.",,,uvær,uvær,uvær,Certain,,1762992239000,6.823856120609264,60.48377145782033,6.836791862242444,60.47318852151293,6.830323,60.47849,Rv,13,,1762988999000,,0.0,1762992244000,1762992244000,1762988639000,,1762985399000,1762988644000,1762988644000,Uvær,2025-11-13
1342,46_RV13_S32,0.11091486904024019,51696.65386824019,6732583.528745706,-2015068160,6370ec69-49f6-48d3-ab27-d42711cffbc1_1,NPRA_HBT_13-11-2025.181129,1,"Rv. 13 Hardangerbrua i Ulvik/Eidfjord, Vestland","Sterk vind, fare for stengt veg.",,,uvær,uvær,uvær,Certain,,1762994788000,6.823856120609264,60.48377145782033,6.836791862242444,60.47318852151293,6.830323,60.47849,Rv,13,,1762991473000,,0.0,1762994794000,1762994794000,1762991188000,,1762987873000,1762991194000,1762991194000,Uvær,2025-11-13
1343,46_RV13_S32,0.11091486904024019,51696.65386824019,6732583.528745706,-2015068160,6370ec69-49f6-48d3-ab27-d42711cffbc1_2,NPRA_HBT_13-11-2025.181129,2,"Rv. 13 Hardangerbrua i Ulvik/Eidfjord, Vestland","Sterk vind, fare for stengt veg.",,,uvær,uvær,uvær,Certain,,1762994788000,6.823856120609264,60.48377145782033,6.836791862242444,60.47318852151293,6.830323,60.47849,Rv,13,,1762991473000,,0.0,1762994794000,1762994794000,1762991188000,,1762987873000,1762991194000,1762991194000,Uvær,2025-11-13
1344,46_RV13_S26,0.0014600937785500215,30110.135865407356,6682375.873858986,1105199104,751d34e3-ab24-4fa6-b97f-1921032d5bd8_1,NPRA_HBT_22-11-2025.189248,1,"Rv. 13 Sandvin i Ullensvang, Vestland",Isnedfall.,,,,isnedfall,isnedfall,Certain,1763840240000.0,1763833040000,,,,,6.5582557,60.008102,Rv,13,,1763829994000,,0.0,1763833182000,1763833265000,1763829440000,1763836640000.0,1763826394000,1763829582000,1763829665000,Isnedfall,2025-11-22
1346,46_RV13_S32,0.11091486904024019,51696.65386824019,6732583.528745706,282984448,794cbf4d-2e07-4458-accf-90dd3bcc0ea3_1,NPRA_HBT_28-11-2025.193468,1,"Rv. 13 Hardangerbrua i Ulvik/Eidfjord, Vestland","Sterk vind, fare for stengt veg.",,,uvær,uvær,uvær,Certain,,1764296426000,6.823856120609264,60.48377145782033,6.836791862242444,60.47318852151293,6.830323,60.47849,Rv,13,,1764293026000,,0.0,1764296447000,1764296447000,1764292826000,,1764289426000,1764292847000,1764292847000,Uvær,2025-11-28
1347,46_RV13_S32,0.11091486904024019,51696.65386824019,6732583.528745706,282984448,794cbf4d-2e07-4458-accf-90dd3bcc0ea3_2,NPRA_HBT_28-11-2025.193468,2,"Rv. 13 Hardangerbrua i Ulvik/Eidfjord, Vestland","Sterk vind, fare for stengt veg.",,,uvær,uvær,uvær,Certain,,1764296426000,6.823856120609264,60.48377145782033,6.836791862242444,60.47318852151293,6.830323,60.47849,Rv,13,,1764293026000,,0.0,1764296447000,1764296447000,1764292826000,,1764289426000,1764292847000,1764292847000,Uvær,2025-11-28
1350,46_RV13_S25,0.42267412252948855,30399.519835372805,6677089.772286115,310771712,47ca9139-2ff2-4a9e-ab62-55e80ae9cc8b_1,NPRA_HBT_28-11-2025.194316,1,"Rv. 13 Gjuvet i Ullensvang, Vestland",Steinskred/steinsprang.,,,steinskred,steinskred,steinskred,Certain,1764359596000.0,1764352396000,,,,,6.5754147,59.96148,Rv,13,,1764349221000,,0.0,1764352482000,1764352546000,1764348796000,1764355996000.0,1764345621000,1764348882000,1764348946000,Steinsprang,2025-11-28
1351,46_RV13_S38,0.06285484287303976,39592.8254031447,6788660.117725509,313556992,090ce943-01e4-41e5-8d84-aee0bbc4e55f_1,NPRA_HBT_28-11-2025.194401,1,"Rv. 13 Vikafjellet i Voss/Vik, Vestland","Uvær, fare for stengt veg.",,,uvær,uvær,uvær,Certain,1764410400000.0,1764362562000,6.540066713982508,61.00921058233126,6.485748652779133,60.901530400763754,6.480722,60.962875,Rv,13,,1764359110000,,0.0,1764362641000,1764393472000,1764358962000,1764406800000.0,1764355510000,1764359041000,1764389872000,Uvær,2025-11-28
1352,46_RV13_S38,0.06285484287303976,39592.8254031447,6788660.117725509,313556992,090ce943-01e4-41e5-8d84-aee0bbc4e55f_2,NPRA_HBT_28-11-2025.194401,2,"Rv. 13 Vikafjellet i Voss/Vik, Vestland","Uvær, fare for stengt veg.",,,uvær,uvær,uvær,Certain,1764410400000.0,1764362562000,6.540066713982508,61.00921058233126,6.485748652779133,60.901530400763754,6.480722,60.962875,Rv,13,,1764359110000,,0.0,1764362641000,1764393472000,1764358962000,1764406800000.0,1764355510000,1764359041000,1764389872000,Uvær,2025-11-28
1353,46_RV13_S26,0.5170189965201482,30810.517810162855,6686414.225590784,-1271496704,abb58603-c02a-45ed-82e5-7198c8fa5531_1,NPRA_HBT_29-11-2025.194605,1,"Rv. 13 Vasstun i Ullensvang, Vestland - rv. 13 Lausasteintunnelen i Ullensvang, Vestland",Trær/Busker.,,,,nedfalne trær,nedfalne trær,Certain,1764410400000.0,1764400909000,6.5543758931516525,60.054214247118246,6.564638471195314,60.033859019256525,6.5614734,60.04477,Rv,13,,1764398367000,,0.0,1764401076000,1764401076000,1764397309000,1764406800000.0,1764394767000,1764397476000,1764397476000,Trefall,2025-11-29
1354,46_RV13_S32,0.11091486904024019,51696.65386824019,6732583.528745706,-1271431168,c93764e3-58ed-4359-ab57-f3740048f118_1,NPRA_HBT_29-11-2025.194607,1,"Rv. 13 Hardangerbrua i Ulvik/Eidfjord, Vestland","Sterk vind, fare for stengt veg.",,,uvær,uvær,uvær,Certain,,1764401595000,6.823856120609264,60.48377145782033,6.836791862242444,60.47318852151293,6.830323,60.47849,Rv,13,,1764398367000,,0.0,1764401626000,1764401626000,1764397995000,,1764394767000,1764398026000,1764398026000,Uvær,2025-11-29
1355,46_RV13_S32,0.11091486904024019,51696.65386824019,6732583.528745706,-1271431168,c93764e3-58ed-4359-ab57-f3740048f118_2,NPRA_HBT_29-11-2025.194607,2,"Rv. 13 Hardangerbrua i Ulvik/Eidfjord, Vestland","Sterk vind, fare for stengt veg.",,,uvær,uvær,uvær,Certain,,1764401595000,6.823856120609264,60.48377145782033,6.836791862242444,60.47318852151293,6.830323,60.47849,Rv,13,,1764398367000,,0.0,1764401626000,1764401626000,1764397995000,,1764394767000,1764398026000,1764398026000,Uvær,2025-11-29
1356,46_RV13_S32,0.11091486904024019,51696.65386824019,6732583.528745706,-1271005184,2abdcc35-e8f1-4720-bf53-cd25a58a6d6f_1,NPRA_HBT_29-11-2025.194620,1,"Rv. 13 Hardangerbrua i Ulvik/Eidfjord, Vestland","Sterk vind, fare for stengt veg.",,,uvær,uvær,uvær,Certain,,1764403525000,6.823856120609264,60.48377145782033,6.836791862242444,60.47318852151293,6.830323,60.47849,Rv,13,,1764400167000,,0.0,1764403547000,1764403547000,1764399925000,,1764396567000,1764399947000,1764399947000,Uvær,2025-11-29
1357,46_RV13_S32,0.11091486904024019,51696.65386824019,6732583.528745706,-1271005184,2abdcc35-e8f1-4720-bf53-cd25a58a6d6f_2,NPRA_HBT_29-11-2025.194620,2,"Rv. 13 Hardangerbrua i Ulvik/Eidfjord, Vestland","Sterk vind, fare for stengt veg.",,,uvær,uvær,uvær,Certain,,1764403525000,6.823856120609264,60.48377145782033,6.836791862242444,60.47318852151293,6.830323,60.47849,Rv,13,,1764400167000,,0.0,1764403547000,1764403547000,1764399925000,,1764396567000,1764399947000,1764399947000,Uvær,2025-11-29
1358,46_RV13_S32,0.11091486904024019,51696.65386824019,6732583.528745706,-1269825536,4a421090-ae54-440a-b52f-0a8731805bda_1,NPRA_HBT_29-11-2025.194656,1,"Rv. 13 Hardangerbrua i Ulvik/Eidfjord, Vestland","Sterk vind, fare for stengt veg.",,,uvær,uvær,uvær,Certain,,1764406189000,6.823856120609264,60.48377145782033,6.836791862242444,60.47318852151293,6.830323,60.47849,Rv,13,,1764402867000,,0.0,1764406217000,1764406217000,1764402589000,,1764399267000,1764402617000,1764402617000,Uvær,2025-11-29
1359,46_RV13_S32,0.11091486904024019,51696.65386824019,6732583.528745706,-1269825536,4a421090-ae54-440a-b52f-0a8731805bda_2,NPRA_HBT_29-11-2025.194656,2,"Rv. 13 Hardangerbrua i Ulvik/Eidfjord, Vestland","Sterk vind, fare for stengt veg.",,,uvær,uvær,uvær,Certain,,1764406189000,6.823856120609264,60.48377145782033,6.836791862242444,60.47318852151293,6.830323,60.47849,Rv,13,,1764402867000,,0.0,1764406217000,1764406217000,1764402589000,,1764399267000,1764402617000,1764402617000,Uvær,2025-11-29
1360,46_RV13_S32,0.11091486904024019,51696.65386824019,6732583.528745706,-1269039104,86bfead5-568f-4a32-b858-0e328b929854_1,NPRA_HBT_29-11-2025.194680,1,"Rv. 13 Hardangerbrua i Ulvik/Eidfjord, Vestland","Sterk vind, fare for stengt veg.",,,uvær,uvær,uvær,Certain,,1764408169000,6.823856120609264,60.48377145782033,6.836791862242444,60.47318852151293,6.830323,60.47849,Rv,13,,1764404670000,,0.0,1764408199000,1764408199000,1764404569000,,1764401070000,1764404599000,1764404599000,Uvær,2025-11-29
1361,46_RV13_S32,0.11091486904024019,51696.65386824019,6732583.528745706,-1269039104,86bfead5-568f-4a32-b858-0e328b929854_2,NPRA_HBT_29-11-2025.194680,2,"Rv. 13 Hardangerbrua i Ulvik/Eidfjord, Vestland","Sterk vind, fare for stengt veg.",,,uvær,uvær,uvær,Certain,,1764408169000,6.823856120609264,60.48377145782033,6.836791862242444,60.47318852151293,6.830323,60.47849,Rv,13,,1764404670000,,0.0,1764408199000,1764408199000,1764404569000,,1764401070000,1764404599000,1764404599000,Uvær,2025-11-29
1362,46_RV13_S33,0.11893057844142814,46899.84089698206,6739942.712736844,1321697280,82c27283-79c5-4a76-99e5-8ddd151ea4e3_1,NPRA_HBT_03-12-2025.198351,1,"Rv. 13 Gullhammartunnelen i Voss, Vestland, i retning mot Voss","Trær/Busker, ett påvirket kjørefelt.",,,,nedfalne trær,nedfalne trær,Certain,1764793632000.0,1764786432000,,,,,6.7271996,60.538525,Rv,13,,1764783808000,,1.0,1764786495000,1764786651000,1764782832000,1764790032000.0,1764780208000,1764782895000,1764783051000,Trefall,2025-12-03
1363,46_RV13_S33,0.11893057844142814,46899.84089698206,6739942.712736844,1321697280,82c27283-79c5-4a76-99e5-8ddd151ea4e3_2,NPRA_HBT_03-12-2025.198351,2,"Rv. 13 Gullhammartunnelen i Voss, Vestland, i retning mot Voss","Trær/Busker, ett påvirket kjørefelt.",,,,nedfalne trær,nedfalne trær,Certain,1764793632000.0,1764786432000,,,,,6.7271996,60.538525,Rv,13,,1764783808000,,1.0,1764786495000,1764786651000,1764782832000,1764790032000.0,1764780208000,1764782895000,1764783051000,Trefall,2025-12-03
1364,46_RV13_S26,0.2061722530739827,30190.673481395585,6681841.202233928,-248283136,7fd1a7bf-3780-4fdf-936e-7b61ccd9b2b5_1,NPRA_HBT_04-12-2025.199015,1,"Rv. 13 Ines i Ullensvang, Vestland - rv. 13 Hyljabakken i Ullensvang, Vestland","Steinskred/steinsprang, ett påvirket kjørefelt.",,,steinskred,steinskred,steinskred,Certain,1764887451000.0,1764873051000,6.55828170483089,60.007877117634806,6.566322200881757,59.999721292927354,6.560903,60.003445,Rv,13,,1764869809000,,1.0,1764873144000,1764873144000,1764869451000,1764883851000.0,1764866209000,1764869544000,1764869544000,Steinsprang,2025-12-04
1365,46_RV13_S26,0.2061722530739827,30190.673481395585,6681841.202233928,-248283136,7fd1a7bf-3780-4fdf-936e-7b61ccd9b2b5_2,NPRA_HBT_04-12-2025.199015,2,"Rv. 13 Ines i Ullensvang, Vestland - rv. 13 Hyljabakken i Ullensvang, Vestland","Steinskred/steinsprang, ett påvirket kjørefelt.",,,steinskred,steinskred,steinskred,Certain,1764887451000.0,1764873051000,6.55828170483089,60.007877117634806,6.566322200881757,59.999721292927354,6.560903,60.003445,Rv,13,,1764869809000,,1.0,1764873144000,1764873247000,1764869451000,1764883851000.0,1764866209000,1764869544000,1764869647000,Steinsprang,2025-12-04
1366,46_RV13_S32,0.11091486904024019,51696.65386824019,6732583.528745706,888438784,426bc54d-d065-4cff-a6d3-612d8aa69424_1,NPRA_HBT_06-12-2025.199785,1,"Rv. 13 Hardangerbrua i Ulvik/Eidfjord, Vestland","Sterk vind, fare for stengt veg.",,,uvær,uvær,uvær,Certain,,1764990446000,6.823856120609264,60.48377145782033,6.836791862242444,60.47318852151293,6.830323,60.47849,Rv,13,,1764987049000,,0.0,1764990467000,1764990467000,1764986846000,,1764983449000,1764986867000,1764986867000,Uvær,2025-12-06
1367,46_RV13_S32,0.11091486904024019,51696.65386824019,6732583.528745706,888438784,426bc54d-d065-4cff-a6d3-612d8aa69424_2,NPRA_HBT_06-12-2025.199785,2,"Rv. 13 Hardangerbrua i Ulvik/Eidfjord, Vestland","Sterk vind, fare for stengt veg.",,,uvær,uvær,uvær,Certain,,1764990446000,6.823856120609264,60.48377145782033,6.836791862242444,60.47318852151293,6.830323,60.47849,Rv,13,,1764987049000,,0.0,1764990467000,1764990467000,1764986846000,,1764983449000,1764986867000,1764986867000,Uvær,2025-12-06
1368,46_RV13_S32,0.11091486904024019,51696.65386824019,6732583.528745706,888504320,d1a4b3af-5055-4505-ae1d-91e6b94c6148_1,NPRA_HBT_06-12-2025.199787,1,"Rv. 13 Hardangerbrua i Ulvik/Eidfjord, Vestland","Sterk vind, fare for stengt veg.",,,uvær,uvær,uvær,Certain,,1764991170000,6.823856120609264,60.48377145782033,6.836791862242444,60.47318852151293,6.830323,60.47849,Rv,13,,1764987947000,,0.0,1764991187000,1764991187000,1764987570000,,1764984347000,1764987587000,1764987587000,Uvær,2025-12-06
1369,46_RV13_S32,0.11091486904024019,51696.65386824019,6732583.528745706,888504320,d1a4b3af-5055-4505-ae1d-91e6b94c6148_2,NPRA_HBT_06-12-2025.199787,2,"Rv. 13 Hardangerbrua i Ulvik/Eidfjord, Vestland","Sterk vind, fare for stengt veg.",,,uvær,uvær,uvær,Certain,,1764991170000,6.823856120609264,60.48377145782033,6.836791862242444,60.47318852151293,6.830323,60.47849,Rv,13,,1764987947000,,0.0,1764991187000,1764991187000,1764987570000,,1764984347000,1764987587000,1764987587000,Uvær,2025-12-06
1370,46_RV13_S32,0.11091486904024019,51696.65386824019,6732583.528745706,888569856,f39cd2e4-5812-42d1-a46f-d26772ea5fa2_1,NPRA_HBT_06-12-2025.199789,1,"Rv. 13 Hardangerbrua i Ulvik/Eidfjord, Vestland","Sterk vind, fare for stengt veg.",,,uvær,uvær,uvær,Certain,,1764992271000,6.823856120609264,60.48377145782033,6.836791862242444,60.47318852151293,6.830323,60.47849,Rv,13,,1764988849000,,0.0,1764992296000,1764992296000,1764988671000,,1764985249000,1764988696000,1764988696000,Uvær,2025-12-06
1371,46_RV13_S32,0.11091486904024019,51696.65386824019,6732583.528745706,888569856,f39cd2e4-5812-42d1-a46f-d26772ea5fa2_2,NPRA_HBT_06-12-2025.199789,2,"Rv. 13 Hardangerbrua i Ulvik/Eidfjord, Vestland","Sterk vind, fare for stengt veg.",,,uvær,uvær,uvær,Certain,,1764992271000,6.823856120609264,60.48377145782033,6.836791862242444,60.47318852151293,6.830323,60.47849,Rv,13,,1764988849000,,0.0,1764992296000,1764992296000,1764988671000,,1764985249000,1764988696000,1764988696000,Uvær,2025-12-06
1372,46_RV13_S32,0.11091486904024019,51696.65386824019,6732583.528745706,888668160,dc8a57fd-3253-4f87-bd20-5b51ca60ed18_1,NPRA_HBT_06-12-2025.199792,1,"Rv. 13 Hardangerbrua i Ulvik/Eidfjord, Vestland","Sterk vind, fare for stengt veg.",,,uvær,uvær,uvær,Certain,,1764994081000,6.823856120609264,60.48377145782033,6.836791862242444,60.47318852151293,6.830323,60.47849,Rv,13,,1764990649000,,0.0,1764994097000,1764994097000,1764990481000,,1764987049000,1764990497000,1764990497000,Uvær,2025-12-06
1373,46_RV13_S32,0.11091486904024019,51696.65386824019,6732583.528745706,888668160,dc8a57fd-3253-4f87-bd20-5b51ca60ed18_2,NPRA_HBT_06-12-2025.199792,2,"Rv. 13 Hardangerbrua i Ulvik/Eidfjord, Vestland","Sterk vind, fare for stengt veg.",,,uvær,uvær,uvær,Certain,,1764994081000,6.823856120609264,60.48377145782033,6.836791862242444,60.47318852151293,6.830323,60.47849,Rv,13,,1764990649000,,0.0,1764994097000,1764994097000,1764990481000,,1764987049000,1764990497000,1764990497000,Uvær,2025-12-06
1374,46_RV13_S32,0.11091486904024019,51696.65386824019,6732583.528745706,477233152,31ab1c1a-9963-49c7-a7af-c2027f13a247_1,NPRA_HBT_09-12-2025.201892,1,"Rv. 13 Hardangerbrua i Ulvik/Eidfjord, Vestland","Sterk vind, fare for stengt veg.",,,uvær,uvær,uvær,Certain,,1765324530000,6.823856120609264,60.48377145782033,6.836791862242444,60.47318852151293,6.830323,60.47849,Rv,13,,1765321316000,,0.0,1765324549000,1765324549000,1765320930000,,1765317716000,1765320949000,1765320949000,Uvær,2025-12-09
1375,46_RV13_S32,0.11091486904024019,51696.65386824019,6732583.528745706,477233152,31ab1c1a-9963-49c7-a7af-c2027f13a247_2,NPRA_HBT_09-12-2025.201892,2,"Rv. 13 Hardangerbrua i Ulvik/Eidfjord, Vestland","Sterk vind, fare for stengt veg.",,,uvær,uvær,uvær,Certain,,1765324530000,6.823856120609264,60.48377145782033,6.836791862242444,60.47318852151293,6.830323,60.47849,Rv,13,,1765321316000,,0.0,1765324549000,1765324549000,1765320930000,,1765317716000,1765320949000,1765320949000,Uvær,2025-12-09
1376,46_RV13_S32,0.11091486904024019,51696.65386824019,6732583.528745706,-1114308608,92b93dcd-e644-4b97-803c-0f75f871da8d_1,NPRA_HBT_10-12-2025.201898,1,"Rv. 13 Hardangerbrua i Ulvik/Eidfjord, Vestland","Sterk vind, fare for stengt veg.",,,uvær,uvær,uvær,Certain,,1765325975000,6.823856120609264,60.48377145782033,6.836791862242444,60.47318852151293,6.830323,60.47849,Rv,13,,1765322802000,,0.0,1765325989000,1765325989000,1765322375000,,1765319202000,1765322389000,1765322389000,Uvær,2025-12-10
1377,46_RV13_S32,0.11091486904024019,51696.65386824019,6732583.528745706,-1114308608,92b93dcd-e644-4b97-803c-0f75f871da8d_2,NPRA_HBT_10-12-2025.201898,2,"Rv. 13 Hardangerbrua i Ulvik/Eidfjord, Vestland","Sterk vind, fare for stengt veg.",,,uvær,uvær,uvær,Certain,,1765325975000,6.823856120609264,60.48377145782033,6.836791862242444,60.47318852151293,6.830323,60.47849,Rv,13,,1765322802000,,0.0,1765325989000,1765325989000,1765322375000,,1765319202000,1765322389000,1765322389000,Uvær,2025-12-10
1378,46_RV13_S27,0.023255443104103393,32950.56033442874,6698285.4268453615,1624375296,bac2eb24-4cbe-4ce8-ab44-b3da3560ed4c_1,NPRA_HBT_11-12-2025.202980,1,"Rv. 13 Skarvabjørgtunnelen i Ullensvang, Vestland",Steinskred/steinsprang.,,,steinskred,steinskred,steinskred,Certain,1765448402000.0,1765441202000,,,,,6.5724006,60.152653,Rv,13,,1765438156000,,0.0,1765441258000,1765441258000,1765437602000,1765444802000.0,1765434556000,1765437658000,1765437658000,Steinsprang,2025-12-11
1379,46_RV13_S25,0.43191504582638945,30652.792894660437,6675198.944755178,1213202432,9de1c106-09a6-412e-a971-cca11f388530_1,NPRA_HBT_14-12-2025.205088,1,"Rv. 13 Espelandsfossen i Ullensvang, Vestland",Steinskred/steinsprang.,,,steinskred,steinskred,steinskred,Certain,1765702908000.0,1765688508000,,,,,6.584191,59.944973,Rv,13,,1765687060000,,0.0,1765689904000,1765689904000,1765684908000,1765699308000.0,1765683460000,1765686304000,1765686304000,Steinsprang,2025-12-14
1380,46_RV13_S27,0.3165605904271302,30782.62892447604,6690942.797600863,1216086016,0144a163-eb7b-40b7-84ae-e10c1cfcfe99_1,NPRA_HBT_14-12-2025.205176,1,"Rv. 13 Tømmervik i Ullensvang, Vestland - rv. 13 Byrkjenes i Ullensvang, Vestland",Flom.,,,flom,flom,flom,Certain,1765715891000.0,1765701491000,6.549579342335367,60.08867240602833,6.550597878389954,60.08152366211994,6.550626,60.08496,Rv,13,,1765698760000,,0.0,1765701514000,1765701514000,1765697891000,1765712291000.0,1765695160000,1765697914000,1765697914000,Flom,2025-12-14
1381,46_RV13_S38,0.06285484287303976,39592.8254031447,6788660.117725509,812810240,11323353-f7ce-4755-98e7-00283c0ba473_2,NPRA_HBT_17-12-2025.207525,2,"Rv. 13 Vikafjellet i Voss/Vik, Vestland",Uvær.|Fare for kolonne.,,,uvær,uvær,uvær,Certain,1766059200000.0,1765989753000,6.540066713982508,61.00921058233126,6.485748652779133,60.901530400763754,6.480722,60.962875,Rv,13,,1766008803000,,0.0,1766011650000,1766011693000,1765986153000,1766055600000.0,1766005203000,1766008050000,1766008093000,Uvær,2025-12-17
1382,46_RV13_S38,0.06285484287303976,39592.8254031447,6788660.117725509,812810240,79ec662c-92f7-4599-9fc9-5ef81e74f843_1,NPRA_HBT_17-12-2025.207525,1,"Rv. 13 Vikafjellet i Voss/Vik, Vestland","Uvær.|Fare for kolonne.
Glatte partier på fjellovergangen. ",,,uvær,uvær,uvær,Certain,1766059200000.0,1765989753000,6.540066713982508,61.00921058233126,6.485748652779133,60.901530400763754,6.480722,60.962875,Rv,13,,1766008803000,,0.0,1766011650000,1766011650000,1765986153000,1766055600000.0,1766005203000,1766008050000,1766008050000,Uvær,2025-12-17
1383,46_RV13_S32,0.11091486904024019,51696.65386824019,6732583.528745706,1956085760,f80ab29e-3ace-409f-a6d5-615770cd67d2_1,NPRA_HBT_19-12-2025.208495,1,"Rv. 13 Hardangerbrua i Ulvik/Eidfjord, Vestland","Sterk vind, fare for stengt veg.",,,uvær,uvær,uvær,Certain,,1766109587000,6.823856120609264,60.48377145782033,6.836791862242444,60.47318852151293,6.830323,60.47849,Rv,13,,1766106420000,,0.0,1766109617000,1766109617000,1766105987000,,1766102820000,1766106017000,1766106017000,Uvær,2025-12-19
1384,46_RV13_S32,0.11091486904024019,51696.65386824019,6732583.528745706,1956085760,f80ab29e-3ace-409f-a6d5-615770cd67d2_2,NPRA_HBT_19-12-2025.208495,2,"Rv. 13 Hardangerbrua i Ulvik/Eidfjord, Vestland","Sterk vind, fare for stengt veg.",,,uvær,uvær,uvær,Certain,,1766109587000,6.823856120609264,60.48377145782033,6.836791862242444,60.47318852151293,6.830323,60.47849,Rv,13,,1766106420000,,0.0,1766109617000,1766109617000,1766105987000,,1766102820000,1766106017000,1766106017000,Uvær,2025-12-19
1385,46_RV13_S32,0.11091486904024019,51696.65386824019,6732583.528745706,1956151296,ad574da5-2938-4ad8-aa77-ff1d14d090d4_1,NPRA_HBT_19-12-2025.208497,1,"Rv. 13 Hardangerbrua i Ulvik/Eidfjord, Vestland","Sterk vind, fare for stengt veg.",,,uvær,uvær,uvær,Certain,,1766110742000,6.823856120609264,60.48377145782033,6.836791862242444,60.47318852151293,6.830323,60.47849,Rv,13,,1766107321000,,0.0,1766110758000,1766110758000,1766107142000,,1766103721000,1766107158000,1766107158000,Uvær,2025-12-19
1386,46_RV13_S32,0.11091486904024019,51696.65386824019,6732583.528745706,1956151296,ad574da5-2938-4ad8-aa77-ff1d14d090d4_2,NPRA_HBT_19-12-2025.208497,2,"Rv. 13 Hardangerbrua i Ulvik/Eidfjord, Vestland","Sterk vind, fare for stengt veg.",,,uvær,uvær,uvær,Certain,,1766110742000,6.823856120609264,60.48377145782033,6.836791862242444,60.47318852151293,6.830323,60.47849,Rv,13,,1766107321000,,0.0,1766110758000,1766110758000,1766107142000,,1766103721000,1766107158000,1766107158000,Uvær,2025-12-19
1387,46_RV13_S32,0.11091486904024019,51696.65386824019,6732583.528745706,1956708352,b9aae7f2-17ca-4d7d-8654-9cff9b022ae9_1,NPRA_HBT_19-12-2025.208514,1,"Rv. 13 Hardangerbrua i Ulvik/Eidfjord, Vestland","Sterk vind, fare for stengt veg.",,,uvær,uvær,uvær,Certain,,1766117651000,6.823856120609264,60.48377145782033,6.836791862242444,60.47318852151293,6.830323,60.47849,Rv,13,,1766114111000,,0.0,1766117657000,1766117657000,1766114051000,,1766110511000,1766114057000,1766114057000,Uvær,2025-12-19
1388,46_RV13_S32,0.11091486904024019,51696.65386824019,6732583.528745706,1956708352,b9aae7f2-17ca-4d7d-8654-9cff9b022ae9_2,NPRA_HBT_19-12-2025.208514,2,"Rv. 13 Hardangerbrua i Ulvik/Eidfjord, Vestland","Sterk vind, fare for stengt veg.",,,uvær,uvær,uvær,Certain,,1766117651000,6.823856120609264,60.48377145782033,6.836791862242444,60.47318852151293,6.830323,60.47849,Rv,13,,1766114111000,,0.0,1766117657000,1766117657000,1766114051000,,1766110511000,1766114057000,1766114057000,Uvær,2025-12-19
1389,46_RV13_S32,0.11091486904024019,51696.65386824019,6732583.528745706,1956773888,2b73ead1-23d5-475b-81cc-c92971ed0577_1,NPRA_HBT_19-12-2025.208516,1,"Rv. 13 Hardangerbrua i Ulvik/Eidfjord, Vestland","Sterk vind, fare for stengt veg.",,,uvær,uvær,uvær,Certain,,1766118301000,6.823856120609264,60.48377145782033,6.836791862242444,60.47318852151293,6.830323,60.47849,Rv,13,,1766115008000,,0.0,1766118317000,1766118317000,1766114701000,,1766111408000,1766114717000,1766114717000,Uvær,2025-12-19
1390,46_RV13_S32,0.11091486904024019,51696.65386824019,6732583.528745706,1956773888,2b73ead1-23d5-475b-81cc-c92971ed0577_2,NPRA_HBT_19-12-2025.208516,2,"Rv. 13 Hardangerbrua i Ulvik/Eidfjord, Vestland","Sterk vind, fare for stengt veg.",,,uvær,uvær,uvær,Certain,,1766118301000,6.823856120609264,60.48377145782033,6.836791862242444,60.47318852151293,6.830323,60.47849,Rv,13,,1766115008000,,0.0,1766118317000,1766118317000,1766114701000,,1766111408000,1766114717000,1766114717000,Uvær,2025-12-19
1393,46_RV13_S30,0.10090770887561035,43194.52550137037,6722684.873294189,-1168146432,3b495a79-12d4-4b60-81fb-05343575064d_1,NPRA_HBT_21-12-2025.210303,1,"Rv. 13 Salthella i Ullensvang, Vestland - rv. 13 Vegaskilhammaren i Ullensvang, Vestland","Steinskred/steinsprang, ett påvirket kjørefelt.",,,steinskred,steinskred,steinskred,Certain,1766367388000.0,1766352988000,6.695750512093483,60.38316324805274,6.703997479996739,60.37885263850043,6.699879,60.38102,Rv,13,,1766349779000,,1.0,1766353158000,1766353316000,1766349388000,1766363788000.0,1766346179000,1766349558000,1766349716000,Steinsprang,2025-12-21
1394,46_RV13_S30,0.10090770887561035,43194.52550137037,6722684.873294189,-1168146432,3b495a79-12d4-4b60-81fb-05343575064d_2,NPRA_HBT_21-12-2025.210303,2,"Rv. 13 Salthella i Ullensvang, Vestland - rv. 13 Vegaskilhammaren i Ullensvang, Vestland","Steinskred/steinsprang, ett påvirket kjørefelt.",,,steinskred,steinskred,steinskred,Certain,1766367388000.0,1766352988000,6.695750512093483,60.38316324805274,6.703997479996739,60.37885263850043,6.699879,60.38102,Rv,13,,1766349779000,,1.0,1766353316000,1766353316000,1766349388000,1766363788000.0,1766346179000,1766349716000,1766349716000,Steinsprang,2025-12-21
