strekning_id,fylke,vegkategori,fase,vegnummer,strekning,delstrekningar,kommunar,segment_antal,lengde_m,hovudlop_lengde_m,arm_lengde_m,srid,xmin,ymin,xmax,ymax,skredepisodar,meldingar_i_behaldne_episodar,forste_positive_dato,siste_positive_dato,positive_dogn,analyse_fra,analyse_til
46_EV134_S10,46,E,V,134,10,1,4618,49,9586.307,9586.307,0.0,5973,27092.733,6668709.84,33337.82,6673204.7,14,21,2022-02-13,2026-02-26,13,2013-01-01,2026-10-03
46_EV134_S11,46,E,V,134,11,1|10,4618,40,20286.003,10427.663,9858.34,5973,33337.82,6660118.62,38245.6,6668709.84,7,10,2022-03-25,2025-12-02,7,2013-01-01,2026-10-03
46_EV134_S12,46,E,V,134,12,1,4618,61,9391.721,9391.721,0.0,5973,37845.5,6658938.6,44099.43,6661652.66,20,26,2015-02-08,2025-03-28,18,2013-01-01,2026-10-03
46_EV134_S13,46,E,V,134,13,1|10,4618,30,8781.796,7455.537,1326.259,5973,44099.43,6661180.635,47177.705,6663953.2,21,29,2015-05-01,2026-05-06,21,2013-01-01,2026-10-03
46_EV134_S14,46,E,V,134,14,1|10,4618,44,16455.645,9754.015,6701.63,5973,47177.705,6659839.77,57425.56,6663107.97,2,2,2023-04-11,2024-06-29,2,2013-01-01,2026-10-03
46_EV134_S15,46,E,V,134,15,1|10,4618,9,5560.323,5560.323,0.0,5973,55953.263,6660025.42,61086.42,6661225.32,2,2,2024-10-20,2025-03-26,2,2013-01-01,2026-10-03
46_EV134_S5,46,E,V,134,5,1,4611,130,16152.107,16152.107,0.0,5973,-12875.49,6645039.902,-2237.901,6652821.241,15,21,2017-12-23,2026-03-12,15,2013-01-01,2026-10-03
46_EV134_S6,46,E,V,134,6,1|10|20|30,4611,85,13923.567,10040.739,3882.828,5973,-2237.901,6652475.783,4061.012,6658567.422,6,12,2017-12-23,2025-03-05,6,2013-01-01,2026-10-03
46_EV134_S7,46,E,V,134,7,1|10,4611,89,20827.869,9675.881,11151.988,5973,1812.5,6655051.673,10915.5,6664907.364,11,13,2021-10-05,2026-02-24,10,2013-01-01,2026-10-03
46_EV134_S8,46,E,V,134,8,1,4611,58,10392.602,10392.602,0.0,5973,10915.5,6664825.6,19360.264,6668926.118,13,18,2023-08-17,2026-07-09,13,2013-01-01,2026-10-03
46_EV134_S9,46,E,V,134,9,1|10,4611|4618,90,15489.272,9773.758,5715.514,5973,19360.264,6668189.7,27092.733,6671771.91,6,8,2022-03-02,2026-01-18,6,2013-01-01,2026-10-03
46_EV16_S1,46,E,V,16,1,1|10|20|50|60,4601,96,3254.138,2927.596,326.542,5973,-32128.8,6733272.3,-31417.41,6734268.3,1,2,2023-04-15,2023-04-15,1,2013-01-01,2026-10-03
46_EV16_S10,46,E,V,16,10,1,4621,39,10408.456,10408.456,0.0,5973,23785.043,6750855.679,32479.8,6753484.66,15,28,2014-03-20,2025-01-26,12,2013-01-01,2026-10-03
46_EV16_S11,46,E,V,16,11,1,4621,80,9851.03,9851.03,0.0,5973,32504.2,6753486.55,36722.975,6762048.826,7,9,2022-11-11,2025-03-04,6,2013-01-01,2026-10-03
46_EV16_S12,46,E,V,16,12,1,4621,76,9632.423,9632.423,0.0,5973,36675.579,6762048.826,39349.935,6769555.687,39,57,2016-04-18,2026-04-08,37,2013-01-01,2026-10-03
46_EV16_S13,46,E,V,16,13,1,4621,65,10253.251,10253.251,0.0,5973,39349.935,6768157.757,47847.171,6770245.131,28,41,2015-12-05,2026-04-12,26,2013-01-01,2026-10-03
46_EV16_S14,46,E,V,16,14,1|50,4621,37,8525.098,6604.103,1920.995,5973,47847.171,6770242.319,50918.36,6773913.915,18,37,2016-09-05,2025-12-14,16,2013-01-01,2026-10-03
46_EV16_S15,46,E,V,16,15,1,4641,30,7861.302,7861.302,0.0,5973,50918.36,6773819.371,57613.411,6776714.108,14,37,2013-07-26,2024-04-12,13,2013-01-01,2026-10-03
46_EV16_S16,46,E,V,16,16,1,4641,11,10008.052,10008.052,0.0,5973,57613.411,6776714.108,67559.353,6777006.22,1,1,2026-06-09,2026-06-09,1,2013-01-01,2026-10-03
46_EV16_S17,46,E,V,16,17,1,4641,12,8602.133,8602.133,0.0,5973,67559.353,6773238.505,72473.2,6777750.0,3,4,2025-04-14,2025-12-02,3,2013-01-01,2026-10-03
46_EV16_S18,46,E,V,16,18,1,4641,32,8648.317,8648.317,0.0,5973,71846.755,6772691.8,77588.94,6777047.544,21,34,2022-01-24,2026-03-01,20,2013-01-01,2026-10-03
46_EV16_S19,46,E,V,16,19,1,4641,12,9962.34,9962.34,0.0,5973,77588.94,6776556.28,85642.459,6782182.042,2,2,2019-03-28,2024-02-03,2,2013-01-01,2026-10-03
46_EV16_S2,46,E,V,16,2,1,4601,45,9858.227,9858.227,0.0,5973,-29028.734,6736497.3,-24066.7,6743341.596,13,20,2015-01-05,2026-02-26,13,2013-01-01,2026-10-03
46_EV16_S20,46,E,V,16,20,1,4641|4642,2,9998.13,9998.13,0.0,5973,85642.459,6782182.042,93209.988,6788592.15,0,0,,,0,2013-01-01,2026-10-03
46_EV16_S21,46,E,V,16,21,1,4642,16,6075.236,6075.236,0.0,5973,93209.988,6788592.15,96486.1,6793157.9,0,0,,,0,2013-01-01,2026-10-03
46_EV16_S22,46,E,V,16,22,1,4642,57,11451.753,11451.753,0.0,5973,96486.1,6790369.57,106348.39,6792770.68,8,13,2015-12-13,2026-07-23,8,2013-01-01,2026-10-03
46_EV16_S23,46,E,V,16,23,1,4642,26,7470.302,7470.302,0.0,5973,106348.39,6789657.34,113002.3,6791275.8,0,0,,,0,2013-01-01,2026-10-03
46_EV16_S24,46,E,V,16,24,1,4642,37,8403.197,8403.197,0.0,5973,113002.3,6791122.48,120267.8,6792737.28,2,6,2025-07-24,2025-07-24,1,2013-01-01,2026-10-03
46_EV16_S25,46,E,V,16,25,1,4642,36,9976.217,9976.217,0.0,5973,120267.8,6791457.8,125059.54,6798098.952,1,1,2024-07-07,2024-07-07,1,2013-01-01,2026-10-03
46_EV16_S26,46,E,V,16,26,1,4642,20,7010.652,7010.652,0.0,5973,123906.47,6798098.952,128098.544,6802479.33,1,2,2023-04-23,2023-04-23,1,2013-01-01,2026-10-03
46_EV16_S3,46,E,V,16,3,1,4601,46,8084.362,8084.362,0.0,5973,-24060.3,6735734.8,-16862.7,6736467.3,7,10,2018-07-26,2026-01-04,7,2013-01-01,2026-10-03
46_EV16_S4,46,E,V,16,4,1,4601|4628,34,9873.406,9873.406,0.0,5973,-16862.7,6735318.0,-9709.7,6738585.4,11,19,2022-11-27,2026-03-02,11,2013-01-01,2026-10-03
46_EV16_S5,46,E,V,16,5,1,4628,36,8932.307,8932.307,0.0,5973,-9709.7,6737825.04,-7576.8,6745121.095,30,50,2013-04-18,2026-03-17,27,2013-01-01,2026-10-03
46_EV16_S6,46,E,V,16,6,1,4628,72,12084.01,12084.01,0.0,5973,-7995.7,6745121.095,-1275.49,6753554.31,26,58,2013-04-06,2026-04-19,21,2013-01-01,2026-10-03
46_EV16_S7,46,E,V,16,7,1,4621|4628,47,9078.578,9078.578,0.0,5973,-1275.49,6753554.31,6414.25,6756525.565,25,42,2016-07-31,2026-04-03,24,2013-01-01,2026-10-03
46_EV16_S8,46,E,V,16,8,1,4621,65,10708.496,10708.496,0.0,5973,6414.25,6756096.728,15662.2,6757177.167,74,98,2013-05-13,2026-03-31,62,2013-01-01,2026-10-03
46_EV16_S9,46,E,V,16,9,1,4621,32,9705.35,9705.35,0.0,5973,15662.2,6753399.02,23785.043,6756334.0,45,59,2015-02-21,2026-05-25,39,2013-01-01,2026-10-03
46_EV39_S44,46,E,V,39,44,1,4649,31,8744.789,8744.789,0.0,5973,45352.73,6895857.7,53468.003,6896946.15,9,11,2023-04-07,2026-03-13,8,2013-01-01,2026-10-03
46_EV39_S45,46,E,V,39,45,1,4649,30,9999.738,9999.738,0.0,5973,36368.0,6894121.1,45352.73,6895911.59,19,41,2015-11-27,2026-03-04,17,2013-01-01,2026-10-03
46_EV39_S46,46,E,V,39,46,1,4649,67,5507.362,5507.362,0.0,5973,31776.95,6895295.47,36368.0,6897453.83,6,7,2017-07-24,2025-01-14,5,2013-01-01,2026-10-03
46_EV39_S47,46,E,V,39,47,1,4649,103,6350.44,6350.44,0.0,5973,27579.69,6896039.76,31776.95,6897520.233,1,1,2013-03-26,2013-03-26,1,2013-01-01,2026-10-03
46_EV39_S48,46,E,V,39,48,1,4649,22,6514.956,6514.956,0.0,5973,28874.42,6891271.9,31744.1,6896039.76,13,19,2022-01-19,2026-03-04,12,2013-01-01,2026-10-03
46_EV39_S49,46,E,V,39,49,1,4649|4650,3,2083.053,2083.053,0.0,5973,31591.451,6889300.45,31972.3,6891271.9,0,0,,,0,2013-01-01,2026-10-03
46_EV39_S50,46,E,V,39,50,1,4650,69,13325.83,13325.83,0.0,5973,31606.2,6879280.99,38654.38,6889300.45,5,7,2023-03-23,2026-03-10,5,2013-01-01,2026-10-03
46_EV39_S51,46,E,V,39,51,1,4650,99,15935.763,15935.763,0.0,5973,38654.38,6873775.55,52022.59,6879280.99,15,21,2017-07-30,2025-11-22,15,2013-01-01,2026-10-03
46_EV39_S52,46,E,V,39,52,1,4650,60,10079.958,10079.958,0.0,5973,51581.18,6864423.466,53257.85,6873775.55,6,15,2013-11-15,2025-01-15,6,2013-01-01,2026-10-03
46_EV39_S53,46,E,V,39,53,1|50,4647,72,10010.593,10010.593,0.0,5973,48343.403,6856070.95,51779.758,6864423.466,11,15,2022-11-23,2025-11-28,9,2013-01-01,2026-10-03
46_EV39_S54,46,E,V,39,54,1|20|21|50,4647,70,10433.015,10319.146,113.869,5973,39640.848,6852915.833,48347.5,6856083.462,3,3,2022-01-13,2024-12-03,3,2013-01-01,2026-10-03
46_EV39_S55,46,E,V,39,55,1,4647,47,13202.171,13202.171,0.0,5973,27846.86,6850022.39,39640.848,6853211.18,12,20,2013-02-10,2025-06-15,10,2013-01-01,2026-10-03
46_EV39_S56,46,E,V,39,56,1,4647,62,9028.351,9028.351,0.0,5973,21122.763,6845176.58,27846.86,6850022.39,5,9,2023-02-20,2026-09-20,5,2013-01-01,2026-10-03
46_EV39_S57,46,E,V,39,57,1,4647,103,9591.116,9591.116,0.0,5973,14466.17,6844104.87,21122.763,6846838.42,10,12,2019-07-30,2026-02-25,9,2013-01-01,2026-10-03
46_EV39_S58,46,E,V,39,58,1,4647,133,13195.136,13195.136,0.0,5973,9501.8,6839856.5,14466.17,6847773.59,16,23,2020-10-28,2026-02-26,16,2013-01-01,2026-10-03
46_EV39_S59,46,E,V,39,59,1|10,4647,74,11020.309,10268.388,751.921,5973,6469.041,6832653.404,9501.8,6839856.5,5,6,2021-12-31,2023-12-17,4,2013-01-01,2026-10-03
46_EV39_S60,46,E,V,39,60,1|50,4647,22,3808.247,1835.962,1972.285,5973,7369.088,6831162.1,8261.3,6833513.164,0,0,,,0,2013-01-01,2026-10-03
46_EV39_S61,46,E,V,39,61,1,4638|4647,54,11685.325,11685.325,0.0,5973,7969.1,6820797.43,9818.93,6831162.1,22,43,2016-01-29,2026-07-26,22,2013-01-01,2026-10-03
46_EV39_S62,46,E,V,39,62,1,4638,42,9988.505,9988.505,0.0,5973,457.636,6815672.139,7985.72,6820797.43,9,14,2022-12-21,2026-03-03,9,2013-01-01,2026-10-03
46_EV39_S63,46,E,V,39,63,1,4638,49,10004.999,10004.999,0.0,5973,-6657.31,6813090.75,457.636,6816114.37,9,20,2013-04-29,2026-05-22,9,2013-01-01,2026-10-03
46_EV39_S64,46,E,V,39,64,1,4638,39,4835.145,4835.145,0.0,5973,-10468.141,6811175.86,-6657.31,6813090.75,0,0,,,0,2013-01-01,2026-10-03
46_EV39_S65,46,E,V,39,65,1,4635|4638,6,5738.925,5738.925,0.0,5973,-11624.17,6806092.03,-10468.141,6811597.277,1,1,2018-05-15,2018-05-15,1,2013-01-01,2026-10-03
46_EV39_S66,46,E,V,39,66,1,4635,42,9991.278,9991.278,0.0,5973,-13667.092,6798019.98,-11173.792,6806092.03,8,11,2022-04-05,2026-04-02,8,2013-01-01,2026-10-03
46_EV39_S67,46,E,V,39,67,1,4635,23,6612.074,6612.074,0.0,5973,-13892.49,6791769.789,-13190.67,6798019.98,2,4,2024-02-23,2026-02-07,2,2013-01-01,2026-10-03
46_EV39_S68,46,E,V,39,68,1,4634|4635,31,9559.195,9559.195,0.0,5973,-13190.67,6785511.418,-9820.789,6791769.789,8,13,2020-04-15,2026-04-12,8,2013-01-01,2026-10-03
46_EV39_S69,46,E,V,39,69,1,4631|4634,32,9984.675,9984.675,0.0,5973,-10909.7,6776801.277,-9234.7,6785511.418,13,16,2017-11-21,2026-03-15,12,2013-01-01,2026-10-03
46_EV39_S70,46,E,V,39,70,1,4631,32,9958.929,9958.929,0.0,5973,-10562.307,6767768.9,-9147.82,6776801.277,20,23,2020-08-22,2026-08-24,19,2013-01-01,2026-10-03
46_EV39_S71,46,E,V,39,71,1,4631,38,10642.837,10642.837,0.0,5973,-18737.755,6763105.707,-10562.307,6767779.197,14,19,2021-12-13,2026-02-28,14,2013-01-01,2026-10-03
46_EV39_S72,46,E,V,39,72,1,4631,43,11564.269,11564.269,0.0,5973,-24523.4,6757238.7,-18297.08,6763105.707,5,8,2022-06-02,2025-05-31,5,2013-01-01,2026-10-03
46_EV39_S73,46,E,V,39,73,1,4631,70,12018.096,12018.096,0.0,5973,-30855.103,6751870.017,-24460.4,6757669.0,4,6,2023-12-16,2026-06-03,4,2013-01-01,2026-10-03
46_EV39_S74,46,E,V,39,74,1,4601|4631,47,5528.945,5528.945,0.0,5973,-33324.499,6748305.2,-30855.103,6751870.017,0,0,,,0,2013-01-01,2026-10-03
46_EV39_S75,46,E,V,39,75,1,4601,95,10461.908,10461.908,0.0,5973,-32136.3,6743399.995,-27498.564,6748305.2,1,3,2022-04-04,2022-04-04,1,2013-01-01,2026-10-03
46_EV39_S76,46,E,V,39,76,1,4601,21,5578.065,5578.065,0.0,5973,-31396.205,6739220.74,-29288.0,6743605.5,1,1,2024-02-22,2024-02-22,1,2013-01-01,2026-10-03
46_EV39_S77,46,E,V,39,77,1,4601,39,12138.041,12138.041,0.0,5973,-32541.91,6733131.3,-30935.24,6739220.74,11,17,2022-01-09,2026-02-10,10,2013-01-01,2026-10-03
46_EV39_S78,46,E,V,39,78,1,4601,69,8417.555,8417.555,0.0,5973,-33044.197,6725065.288,-31408.3,6733131.3,1,1,2026-01-18,2026-01-18,1,2013-01-01,2026-10-03
46_EV39_S79,46,E,V,39,79,1|10|50,4601|4624,266,50586.946,31481.334,19105.612,5973,-33943.92,6711500.8,-27213.94,6726737.093,5,6,2021-12-14,2023-01-29,4,2013-01-01,2026-10-03
46_EV39_S80,46,E,V,39,80,1,4624,7,1660.015,1660.015,0.0,5973,-28687.1,6709924.1,-28426.5,6711500.8,0,0,,,0,2013-01-01,2026-10-03
46_EV39_S81,46,E,V,39,81,1|30|40,4624,40,4867.974,4322.758,545.216,5973,-30386.473,6706185.765,-28426.5,6709924.1,0,0,,,0,2013-01-01,2026-10-03
46_EV39_S82,46,E,V,39,82,1,4615|4616|4624,6,21629.264,21629.264,0.0,5973,-38398.24,6687344.77,-30386.473,6706189.942,0,0,,,0,2013-01-01,2026-10-03
46_EV39_S83,46,E,V,39,83,1|10|20,4615,75,10631.646,10590.202,41.444,5973,-38400.44,6681402.346,-31385.272,6687344.77,1,2,2025-06-01,2025-06-01,1,2013-01-01,2026-10-03
46_EV39_S84,46,E,V,39,84,1,4614|4615,74,11194.749,11194.749,0.0,5973,-31385.272,6670964.46,-29272.162,6681402.346,3,3,2021-12-30,2026-05-23,3,2013-01-01,2026-10-03
46_EV39_S85,46,E,V,39,85,1|10,4614,114,12365.471,9688.086,2677.385,5973,-35583.76,6662032.0,-30037.59,6670964.46,1,1,2025-06-26,2025-06-26,1,2013-01-01,2026-10-03
46_EV39_S86,46,E,V,39,86,1,4612|4613|4614,41,9950.226,9950.226,0.0,5973,-38275.7,6657492.384,-34976.472,6663751.852,1,2,2026-01-04,2026-01-04,1,2013-01-01,2026-10-03
46_EV39_S87,46,E,V,39,87,1,4612,43,9750.67,9750.67,0.0,5973,-36265.98,6649464.71,-34511.5,6657492.384,0,0,,,0,2013-01-01,2026-10-03
46_EV39_S88,46,E,V,39,88,1,4612,49,7977.758,7977.758,0.0,5973,-38788.293,6643873.724,-34907.93,6649464.71,0,0,,,0,2013-01-01,2026-10-03
46_EV39_S89,46,E,V,39,89,1,4612,80,10784.881,10784.881,0.0,5973,-40528.99,6634448.506,-38788.293,6643873.724,0,0,,,0,2013-01-01,2026-10-03
46_FV258_S2,46,F,V,258,2,1,4651,15,10178.193,10178.193,0.0,5973,94629.53,6891324.07,101917.571,6893615.852,1,2,2025-08-20,2025-08-20,1,2013-01-01,2026-10-03
46_FV271_S1,46,F,V,271,1,1|10,4642,55,7770.444,7308.986,461.458,5973,96568.096,6791715.42,97692.75,6797921.325,0,0,,,0,2013-01-01,2026-10-03
46_FV423_S1,46,F,V,423,1,1,4647,9,1418.548,1418.548,0.0,5973,7711.031,6840716.592,8313.784,6841277.027,0,0,,,0,2013-01-01,2026-10-03
46_FV424_S1,46,F,V,424,1,1,4640,27,7968.925,7968.925,0.0,5973,77526.81,6805831.116,82406.24,6808581.43,0,0,,,0,2013-01-01,2026-10-03
46_FV425_S1,46,F,V,425,1,1,4650,5,311.91,311.91,0.0,5973,32376.599,6887139.081,32594.84,6887257.99,0,0,,,0,2013-01-01,2026-10-03
46_FV445_S1,46,F,V,445,1,1|10,4602,94,4524.208,3830.459,693.749,5973,-28804.411,6868644.236,-27325.59,6870143.1,0,0,,,0,2013-01-01,2026-10-03
46_FV47_S2,46,F,V,47,2,1,4612,72,12814.181,12814.181,0.0,5973,-47935.6,6633586.91,-40414.545,6641676.872,1,1,2023-12-15,2023-12-15,1,2013-01-01,2026-10-03
46_FV48_S1,46,F,V,48,1,1,4617,9,360.705,360.705,0.0,5973,957.54,6691090.719,986.347,6691442.65,0,0,,,0,2013-01-01,2026-10-03
46_FV48_S2,46,F,V,48,2,1,4617,4,6060.112,6060.112,0.0,5973,-4437.1,6691442.65,970.06,6693353.443,0,0,,,0,2013-01-01,2026-10-03
46_FV48_S3,46,F,V,48,3,1,4617|4622,69,10002.526,10002.526,0.0,5973,-4906.266,6692782.7,-4039.209,6701460.136,12,18,2023-03-17,2026-06-16,11,2013-01-01,2026-10-03
46_FV48_S4,46,F,V,48,4,1,4622|4624,55,10499.283,10499.283,0.0,5973,-5919.426,6701460.136,-3466.745,6709192.267,9,16,2021-04-04,2026-03-02,9,2013-01-01,2026-10-03
46_FV48_S5,46,F,V,48,5,1,4624,51,10241.55,10241.55,0.0,5973,-11387.9,6709192.267,-5766.52,6714490.37,4,5,2023-01-28,2026-01-17,4,2013-01-01,2026-10-03
46_FV48_S6,46,F,V,48,6,1,4624,62,9740.417,9740.417,0.0,5973,-15065.95,6714347.78,-11387.9,6720936.965,0,0,,,0,2013-01-01,2026-10-03
46_FV48_S7,46,F,V,48,7,1,4623|4624,32,9255.692,9255.692,0.0,5973,-14749.984,6720936.965,-11434.53,6728550.49,5,7,2022-12-26,2026-01-18,5,2013-01-01,2026-10-03
46_FV48_S8,46,F,V,48,8,1,4623,14,4936.03,4936.03,0.0,5973,-11434.53,6728163.44,-6875.2,6729160.96,1,2,2013-04-19,2013-04-19,1,2013-01-01,2026-10-03
46_FV4942_S1,46,F,V,4942,1,1,4612,19,4928.02,4928.02,0.0,5973,-47934.21,6633101.66,-40263.522,6635152.43,0,0,,,0,2013-01-01,2026-10-03
46_FV4944_S1,46,F,V,4944,1,1,4612,61,10856.98,10856.98,0.0,5973,-40034.237,6635402.2,-34724.943,6641246.957,0,0,,,0,2013-01-01,2026-10-03
46_FV4944_S2,46,F,V,4944,2,1,4612,39,7071.922,7071.922,0.0,5973,-36201.662,6641246.957,-33786.37,6646526.702,1,1,2023-06-30,2023-06-30,1,2013-01-01,2026-10-03
46_FV4980_S1,46,F,V,4980,1,1|10,4612,117,16634.877,15569.14,1065.737,5973,-49612.821,6634694.455,-45148.53,6646378.51,4,4,2018-08-28,2026-04-02,3,2013-01-01,2026-10-03
46_FV4982_S1,46,F,V,4982,1,1,4612,15,2458.107,2458.107,0.0,5973,-40305.401,6639056.76,-38803.34,6640215.78,0,0,,,0,2013-01-01,2026-10-03
46_FV4984_S1,46,F,V,4984,1,1,4612,65,10102.527,10102.527,0.0,5973,-44373.36,6645829.99,-39665.7,6650516.92,2,4,2024-10-30,2026-04-07,2,2013-01-01,2026-10-03
46_FV4984_S2,46,F,V,4984,2,1,4612,25,5508.765,5508.765,0.0,5973,-40078.53,6643731.335,-39020.133,6648423.983,2,4,2024-03-26,2026-03-31,2,2013-01-01,2026-10-03
46_FV4988_S1,46,F,V,4988,1,1,4612,42,5315.137,5315.137,0.0,5973,-36965.64,6649386.68,-35741.79,6653100.06,1,2,2025-11-22,2025-11-22,1,2013-01-01,2026-10-03
46_FV4990_S1,46,F,V,4990,1,1|10|20,4612,64,7496.114,6291.37,1204.744,5973,-35133.5,6654092.37,-32201.79,6658253.1,0,0,,,0,2013-01-01,2026-10-03
46_FV4992_S1,46,F,V,4992,1,1,4613,23,2482.465,2482.465,0.0,5973,-53063.13,6646404.74,-51374.18,6647874.73,0,0,,,0,2013-01-01,2026-10-03
46_FV4994_S1,46,F,V,4994,1,1,4613,20,1665.61,1665.61,0.0,5973,-52829.23,6647294.87,-51386.27,6647894.39,0,0,,,0,2013-01-01,2026-10-03
46_FV4996_S1,46,F,V,4996,1,1,4613,49,8519.153,8519.153,0.0,5973,-46925.615,6661445.4,-42730.8,6663849.727,2,3,2014-08-13,2026-05-04,2,2013-01-01,2026-10-03
46_FV4998_S1,46,F,V,4998,1,1|10,4613,98,8901.347,8011.001,890.346,5973,-53582.672,6666840.33,-50255.7,6669606.47,0,0,,,0,2013-01-01,2026-10-03
46_FV49_S1,46,F,V,49,1,1,4618,50,3277.498,3277.498,0.0,5973,29513.0,6688953.85,30271.34,6691830.388,0,0,,,0,2013-01-01,2026-10-03
46_FV49_S10,46,F,V,49,10,1,4622|4623,64,10255.729,10255.729,0.0,5973,-4397.671,6728700.4,2787.9,6730342.19,20,28,2019-08-11,2026-03-03,16,2013-01-01,2026-10-03
46_FV49_S11,46,F,V,49,11,1,4623,71,9958.997,9958.997,0.0,5973,-11316.909,6728741.34,-4397.671,6732455.1,11,14,2016-08-29,2025-02-05,11,2013-01-01,2026-10-03
46_FV49_S12,46,F,V,49,12,1,4601|4623,46,6979.092,6979.092,0.0,5973,-14974.98,6731419.871,-11284.56,6735411.172,14,18,2021-02-28,2026-02-22,14,2013-01-01,2026-10-03
46_FV49_S2,46,F,V,49,2,1,4617|4618,18,12526.913,12526.913,0.0,5973,18967.097,6691846.2,29506.4,6697962.78,5,8,2023-09-03,2026-01-23,4,2013-01-01,2026-10-03
46_FV49_S3,46,F,V,49,3,1,4617,20,5839.051,5839.051,0.0,5973,16669.5,6697635.59,18967.097,6700959.228,47,71,2016-04-15,2026-08-09,46,2013-01-01,2026-10-03
46_FV49_S4,46,F,V,49,4,1,4617|4618,19,11953.642,11953.642,0.0,5973,13940.95,6700957.338,18315.79,6711457.22,7,8,2013-04-15,2026-07-16,7,2013-01-01,2026-10-03
46_FV49_S5,46,F,V,49,5,1,4618,30,5472.099,5472.099,0.0,5973,14059.3,6711479.541,17112.13,6714233.095,7,7,2016-09-06,2026-09-22,7,2013-01-01,2026-10-03
46_FV49_S6,46,F,V,49,6,1,4618|4622,2,5235.899,5235.899,0.0,5973,13042.086,6714233.095,17043.487,6717597.704,0,0,,,0,2013-01-01,2026-10-03
46_FV49_S7,46,F,V,49,7,1,4622,80,9491.704,9491.704,0.0,5973,12345.66,6717597.704,16113.02,6722947.3,1,1,2025-11-28,2025-11-28,1,2013-01-01,2026-10-03
46_FV49_S8,46,F,V,49,8,1,4622,107,9105.959,9105.959,0.0,5973,7643.92,6722947.3,14021.0,6725773.58,5,8,2023-03-22,2026-01-28,4,2013-01-01,2026-10-03
46_FV49_S9,46,F,V,49,9,1,4622,66,9124.414,9124.414,0.0,5973,2787.9,6725216.32,7643.92,6729326.9,80,115,2013-09-15,2026-04-30,68,2013-01-01,2026-10-03
46_FV5000_S1,46,F,V,5000,1,1,4613,62,3839.646,3839.646,0.0,5973,-42265.78,6656411.52,-41040.22,6658031.12,1,1,2026-06-12,2026-06-12,1,2013-01-01,2026-10-03
46_FV5002_S1,46,F,V,5002,1,1,4613,56,3846.058,3846.058,0.0,5973,-52393.77,6669518.717,-49863.91,6670409.62,0,0,,,0,2013-01-01,2026-10-03
46_FV5004_S1,46,F,V,5004,1,1,4613,35,1998.218,1998.218,0.0,5973,-50076.102,6669633.07,-49374.81,6671308.052,1,1,2024-03-13,2024-03-13,1,2013-01-01,2026-10-03
46_FV5004_S2,46,F,V,5004,2,1,4613,42,9040.194,9040.194,0.0,5973,-52887.06,6671308.052,-50076.102,6678594.945,0,0,,,0,2013-01-01,2026-10-03
46_FV5004_S3,46,F,V,5004,3,1,4613,35,4407.241,4407.241,0.0,5973,-53161.78,6678594.945,-52463.94,6681704.9,0,0,,,0,2013-01-01,2026-10-03
46_FV5006_S1,46,F,V,5006,1,1,4613,45,9314.477,9314.477,0.0,5973,-49554.2,6670995.764,-44547.427,6677894.37,0,0,,,0,2013-01-01,2026-10-03
46_FV500_S1,46,F,V,500,1,1,4617,51,9663.565,9663.565,0.0,5973,10381.957,6695406.085,18967.097,6697662.092,19,30,2013-04-15,2026-07-25,17,2013-01-01,2026-10-03
46_FV500_S2,46,F,V,500,2,1,4617,49,10009.972,10009.972,0.0,5973,1890.89,6692311.138,10381.957,6695629.802,11,21,2013-08-16,2026-05-25,11,2013-01-01,2026-10-03
46_FV500_S3,46,F,V,500,3,1,4617,85,10074.594,10074.594,0.0,5973,-1866.224,6684177.773,1890.89,6692311.138,2,2,2024-05-14,2026-01-19,2,2013-01-01,2026-10-03
46_FV500_S4,46,F,V,500,4,1,4617,127,10382.246,10382.246,0.0,5973,-6948.742,6679898.45,-479.406,6684177.773,0,0,,,0,2013-01-01,2026-10-03
46_FV500_S5,46,F,V,500,5,1,4617,111,9495.907,9495.907,0.0,5973,-14425.066,6677710.115,-6948.742,6680565.72,1,1,2022-07-06,2022-07-06,1,2013-01-01,2026-10-03
46_FV500_S6,46,F,V,500,6,1,4617,69,9878.518,9878.518,0.0,5973,-17561.008,6669443.7,-14425.066,6677775.747,3,3,2023-12-11,2026-01-16,3,2013-01-01,2026-10-03
46_FV500_S7,46,F,V,500,7,1,4617,65,9577.062,9577.062,0.0,5973,-20979.7,6664432.1,-17561.008,6670073.502,0,0,,,0,2013-01-01,2026-10-03
46_FV500_S8,46,F,V,500,8,1,4617,53,4887.022,4887.022,0.0,5973,-23302.733,6664388.13,-20979.7,6667607.3,0,0,,,0,2013-01-01,2026-10-03
46_FV500_S9,46,F,V,500,9,1,4614|4617,3,14370.284,14370.284,0.0,5973,-34581.41,6661758.4,-22802.9,6668176.6,0,0,,,0,2013-01-01,2026-10-03
46_FV5010_S1,46,F,V,5010,1,1,4613,25,3081.428,3081.428,0.0,5973,-46122.47,6672488.36,-45083.78,6674474.97,0,0,,,0,2013-01-01,2026-10-03
46_FV5012_S1,46,F,V,5012,1,1,4613,63,6802.972,6802.972,0.0,5973,-50493.5,6665719.86,-47259.72,6669262.2,3,4,2022-09-01,2026-04-07,3,2013-01-01,2026-10-03
46_FV5014_S1,46,F,V,5014,1,1,4611,68,13080.548,13080.548,0.0,5973,-17621.052,6648281.542,-8967.157,6650842.3,1,1,2021-02-24,2021-02-24,1,2013-01-01,2026-10-03
46_FV5014_S2,46,F,V,5014,2,1,4611,119,14066.416,14066.416,0.0,5973,-17620.66,6650842.3,-8732.492,6656748.218,1,1,2021-07-29,2021-07-29,1,2013-01-01,2026-10-03
46_FV5016_S1,46,F,V,5016,1,1,4611,34,3992.133,3992.133,0.0,5973,-8967.157,6649151.315,-6011.125,6649890.264,0,0,,,0,2013-01-01,2026-10-03
46_FV5018_S1,46,F,V,5018,1,1|10,4611,57,8833.112,6953.842,1879.27,5973,-7757.24,6646829.38,-2349.98,6649017.077,0,0,,,0,2013-01-01,2026-10-03
46_FV5020_S1,46,F,V,5020,1,1,4611,29,4216.709,4216.709,0.0,5973,-8236.944,6646452.956,-5220.586,6648125.998,0,0,,,0,2013-01-01,2026-10-03
46_FV5022_S1,46,F,V,5022,1,1,4611,26,2974.273,2974.273,0.0,5973,1562.379,6653938.54,3943.165,6654460.715,1,2,2023-12-17,2023-12-17,1,2013-01-01,2026-10-03
46_FV5024_S1,46,F,V,5024,1,1,4617,49,10001.238,10001.238,0.0,5973,-2200.86,6671323.38,-1033.704,6680485.626,0,0,,,0,2013-01-01,2026-10-03
46_FV5024_S2,46,F,V,5024,2,1,4617,6,3749.301,3749.301,0.0,5973,-2446.964,6670081.5,-1230.73,6671323.38,0,0,,,0,2013-01-01,2026-10-03
46_FV5024_S3,46,F,V,5024,3,1|10|20|30,4611|4617,41,21069.709,9410.628,11659.081,5973,-9582.085,6656603.23,-2150.9,6670081.5,4,6,2018-04-11,2025-03-05,4,2013-01-01,2026-10-03
46_FV5024_S4,46,F,V,5024,4,1,4617,36,9979.54,9979.54,0.0,5973,-6519.341,6658522.72,-559.974,6663164.254,6,8,2021-11-19,2026-08-10,6,2013-01-01,2026-10-03
46_FV5024_S5,46,F,V,5024,5,1,4617,21,4413.017,4413.017,0.0,5973,-559.974,6658930.94,1570.911,6661767.91,15,29,2018-06-28,2026-02-27,14,2013-01-01,2026-10-03
46_FV5026_S1,46,F,V,5026,1,1,4617,15,963.984,963.984,0.0,5973,-19221.5,6669153.237,-18388.15,6669402.8,0,0,,,0,2013-01-01,2026-10-03
46_FV5028_S1,46,F,V,5028,1,1,4617,104,8211.91,8211.91,0.0,5973,-19592.552,6669332.941,-15652.66,6672809.354,0,0,,,0,2013-01-01,2026-10-03
46_FV5030_S1,46,F,V,5030,1,1,4617,26,1732.575,1732.575,0.0,5973,-858.101,6683938.362,-305.906,6684882.98,0,0,,,0,2013-01-01,2026-10-03
46_FV5032_S1,46,F,V,5032,1,1,4617,23,6861.221,6861.221,0.0,5973,13828.299,6698034.55,17890.506,6701692.28,16,24,2013-03-05,2026-08-09,13,2013-01-01,2026-10-03
46_FV5034_S1,46,F,V,5034,1,1|10,4617,36,3171.834,1971.824,1200.01,5973,-1703.873,6680734.27,3.998,6681706.854,0,0,,,0,2013-01-01,2026-10-03
46_FV5036_S1,46,F,V,5036,1,1,4617,23,1789.678,1789.678,0.0,5973,-342.39,6683960.587,194.9,6685143.363,0,0,,,0,2013-01-01,2026-10-03
46_FV5038_S1,46,F,V,5038,1,1,4617,49,7155.594,7155.594,0.0,5973,-9860.42,6674076.4,-5062.8,6678788.92,1,2,2025-03-05,2025-03-05,1,2013-01-01,2026-10-03
46_FV5040_S1,46,F,V,5040,1,1,4617,34,3893.412,3893.412,0.0,5973,-2729.92,6676822.589,-1956.942,6680409.731,0,0,,,0,2013-01-01,2026-10-03
46_FV5042_S1,46,F,V,5042,1,1|10,4614|4616,4,6078.732,3667.291,2411.441,5973,-29294.2,6674264.454,-26976.167,6676832.8,0,0,,,0,2013-01-01,2026-10-03
46_FV5042_S2,46,F,V,5042,2,1|10|20,4614,47,8689.637,5928.768,2760.869,5973,-27422.06,6670124.43,-24898.48,6674264.454,0,0,,,0,2013-01-01,2026-10-03
46_FV5044_S1,46,F,V,5044,1,1,4614,24,1631.279,1631.279,0.0,5973,-32138.308,6667201.92,-30734.585,6667718.01,0,0,,,0,2013-01-01,2026-10-03
46_FV5046_S1,46,F,V,5046,1,1,4614,36,2980.461,2980.461,0.0,5973,-33635.71,6662612.004,-32768.33,6664414.709,0,0,,,0,2013-01-01,2026-10-03
46_FV5048_S1,46,F,V,5048,1,1,4617,37,6035.939,6035.939,0.0,5973,-19101.835,6663080.5,-15125.0,6664781.023,0,0,,,0,2013-01-01,2026-10-03
46_FV5050_S1,46,F,V,5050,1,1|10,4614,120,8104.318,6787.523,1316.795,5973,-32212.3,6665405.31,-29903.63,6670662.36,0,0,,,0,2013-01-01,2026-10-03
46_FV5052_S1,46,F,V,5052,1,1,4617,45,8808.265,8808.265,0.0,5973,-19649.2,6658132.9,-17790.928,6664155.418,1,1,2026-01-19,2026-01-19,1,2013-01-01,2026-10-03
46_FV5054_S1,46,F,V,5054,1,1,4617,19,1785.831,1785.831,0.0,5973,-19009.159,6664170.471,-18027.899,6665053.727,0,0,,,0,2013-01-01,2026-10-03
46_FV5056_S1,46,F,V,5056,1,1,4614,25,1291.847,1291.847,0.0,5973,-32633.91,6663738.88,-32444.76,6664949.4,0,0,,,0,2013-01-01,2026-10-03
46_FV5060_S1,46,F,V,5060,1,1,4614,75,6317.153,6317.153,0.0,5973,-37978.28,6665891.17,-33108.1,6667006.334,1,1,2026-02-28,2026-02-28,1,2013-01-01,2026-10-03
46_FV5062_S1,46,F,V,5062,1,1,4614,21,1026.209,1026.209,0.0,5973,-31705.91,6665908.73,-31168.59,6666430.0,0,0,,,0,2013-01-01,2026-10-03
46_FV5064_S1,46,F,V,5064,1,1,4614,28,2022.565,2022.565,0.0,5973,-39595.0,6665567.13,-38220.59,6666158.91,0,0,,,0,2013-01-01,2026-10-03
46_FV5066_S1,46,F,V,5066,1,1,4614,10,2382.242,2382.242,0.0,5973,-40738.77,6667142.2,-39173.3,6667825.175,1,2,2024-12-04,2024-12-04,1,2013-01-01,2026-10-03
46_FV5068_S1,46,F,V,5068,1,1,4614|4615,39,4474.935,4474.935,0.0,5973,-41417.2,6669477.1,-39066.63,6672018.1,0,0,,,0,2013-01-01,2026-10-03
46_FV5070_S1,46,F,V,5070,1,1,4615,91,9104.064,9104.064,0.0,5973,-41444.71,6675564.85,-39201.359,6681978.66,0,0,,,0,2013-01-01,2026-10-03
46_FV5072_S1,46,F,V,5072,1,1|10,4615,28,3820.849,2822.584,998.265,5973,-40165.993,6685945.75,-38915.97,6687741.88,0,0,,,0,2013-01-01,2026-10-03
46_FV5074_S1,46,F,V,5074,1,1,4616,6,748.074,748.074,0.0,5973,-17718.17,6696287.66,-17073.18,6696562.55,0,0,,,0,2013-01-01,2026-10-03
46_FV5076_S1,46,F,V,5076,1,1|10,4616,28,7732.793,6727.955,1004.838,5973,-19565.1,6689379.243,-17037.86,6695043.46,3,5,2022-12-26,2025-10-03,3,2013-01-01,2026-10-03
46_FV5076_S2,46,F,V,5076,2,1,4616,67,8912.02,8912.02,0.0,5973,-22463.2,6682574.23,-17741.617,6689379.243,0,0,,,0,2013-01-01,2026-10-03
46_FV5076_S3,46,F,V,5076,3,1|10,4616,57,10278.913,7070.119,3208.794,5973,-26774.97,6677274.38,-21813.15,6682574.23,1,1,2023-04-08,2023-04-08,1,2013-01-01,2026-10-03
46_FV5078_S1,46,F,V,5078,1,1,4616,42,12970.48,12970.48,0.0,5973,-28570.06,6682617.49,-22390.96,6690433.7,5,6,2014-02-26,2026-02-25,5,2013-01-01,2026-10-03
46_FV5080_S1,46,F,V,5080,1,1|10,4616,24,4440.557,3417.116,1023.441,5973,-25532.857,6693791.65,-23853.85,6696002.46,1,1,2026-10-01,2026-10-01,1,2013-01-01,2026-10-03
46_FV5082_S1,46,F,V,5082,1,1,4616,28,8264.11,8264.11,0.0,5973,-28825.71,6682897.9,-25855.57,6686021.18,3,5,2023-02-20,2024-11-24,3,2013-01-01,2026-10-03
46_FV5084_S1,46,F,V,5084,1,1,4616,36,6408.483,6408.483,0.0,5973,-30892.853,6683156.2,-29135.4,6687318.25,4,7,2024-08-10,2026-09-08,4,2013-01-01,2026-10-03
46_FV5086_S1,46,F,V,5086,1,1,4616,33,7240.069,7240.069,0.0,5973,-34428.849,6687668.76,-29175.4,6688760.34,0,0,,,0,2013-01-01,2026-10-03
46_FV5086_S2,46,F,V,5086,2,1,4616,26,5344.907,5344.907,0.0,5973,-35992.36,6688032.825,-34422.15,6691944.6,1,2,2025-06-18,2025-06-18,1,2013-01-01,2026-10-03
46_FV5086_S3,46,F,V,5086,3,1,4616,26,6368.86,6368.86,0.0,5973,-35841.41,6691944.6,-31722.831,6694180.297,0,0,,,0,2013-01-01,2026-10-03
46_FV5086_S4,46,F,V,5086,4,1|10,4616,37,7645.773,7468.123,177.65,5973,-35548.48,6694180.297,-31593.9,6697170.76,0,0,,,0,2013-01-01,2026-10-03
46_FV5088_S1,46,F,V,5088,1,1,4616,25,1454.644,1454.644,0.0,5973,-27671.9,6694336.03,-26680.94,6695100.7,0,0,,,0,2013-01-01,2026-10-03
46_FV5090_S1,46,F,V,5090,1,1|10,4618,50,4443.535,3983.517,460.018,5973,30784.15,6673207.0,31577.23,6676255.8,1,2,2023-04-16,2023-04-16,1,2013-01-01,2026-10-03
46_FV5092_S1,46,F,V,5092,1,1,4618,18,3079.695,3079.695,0.0,5973,36597.18,6707060.69,37324.63,6709863.57,0,0,,,0,2013-01-01,2026-10-03
46_FV5094_S1,46,F,V,5094,1,1,4618,29,3192.191,3192.191,0.0,5973,40147.56,6716836.8,40843.05,6719819.9,0,0,,,0,2013-01-01,2026-10-03
46_FV5096_S1,46,F,V,5096,1,1,4619,52,9209.846,9209.846,0.0,5973,64570.699,6729654.0,71936.2,6732937.44,11,17,2015-02-10,2026-01-21,11,2013-01-01,2026-10-03
46_FV5098_S1,46,F,V,5098,1,1,4618,51,9795.511,9795.511,0.0,5973,17105.29,6713523.77,24564.33,6714926.37,3,5,2024-01-22,2025-03-05,3,2013-01-01,2026-10-03
46_FV5099_S1,46,F,V,5099,1,1,4618,57,10087.93,10087.93,0.0,5973,8288.66,6707238.52,14282.11,6711465.54,3,6,2023-12-11,2026-07-29,3,2013-01-01,2026-10-03
46_FV5099_S2,46,F,V,5099,2,1,4618,49,10894.433,10894.433,0.0,5973,6764.35,6698900.9,9729.83,6707238.52,0,0,,,0,2013-01-01,2026-10-03
46_FV50_S5,46,F,V,50,5,1,4641,19,9922.439,9922.439,0.0,5973,95597.276,6755348.914,96458.985,6764378.894,0,0,,,0,2013-01-01,2026-10-03
46_FV50_S6,46,F,V,50,6,1,4641,19,9998.104,9998.104,0.0,5973,87265.224,6764378.894,95729.979,6767346.2,6,10,2020-05-24,2024-03-01,6,2013-01-01,2026-10-03
46_FV50_S7,46,F,V,50,7,1,4641,18,10011.961,10011.961,0.0,5973,82660.328,6767069.2,87265.224,6771694.604,8,11,2016-08-21,2026-05-26,8,2013-01-01,2026-10-03
46_FV50_S8,46,F,V,50,8,1,4641,13,4571.649,4571.649,0.0,5973,82562.625,6771562.5,83810.398,6773134.177,11,12,2021-12-15,2026-02-12,11,2013-01-01,2026-10-03
46_FV50_S9,46,F,V,50,9,1|10,4641,49,9051.37,7892.97,1158.4,5973,78033.011,6772815.652,84762.962,6776539.848,14,17,2013-09-16,2026-03-27,13,2013-01-01,2026-10-03
46_FV5102_S1,46,F,V,5102,1,1,4618,25,2438.666,2438.666,0.0,5973,44407.72,6720411.74,45336.93,6721941.43,0,0,,,0,2013-01-01,2026-10-03
46_FV5104_S1,46,F,V,5104,1,1,4618,20,3618.745,3618.745,0.0,5973,33255.0,6709126.29,34418.35,6709912.72,0,0,,,0,2013-01-01,2026-10-03
46_FV5108_S1,46,F,V,5108,1,1,4624,119,11851.725,11851.725,0.0,5973,-21606.58,6704757.55,-16615.79,6710386.83,2,3,2017-11-09,2024-10-31,2,2013-01-01,2026-10-03
46_FV5110_S1,46,F,V,5110,1,1,4624,28,4411.659,4411.659,0.0,5973,-6679.0,6712209.57,-4248.253,6713680.54,0,0,,,0,2013-01-01,2026-10-03
46_FV5110_S2,46,F,V,5110,2,1,4624,36,8669.458,8669.458,0.0,5973,-4248.253,6712299.18,-72.4,6718043.88,10,14,2014-03-20,2024-10-31,8,2013-01-01,2026-10-03
46_FV5112_S1,46,F,V,5112,1,1,4624,56,8719.496,8719.496,0.0,5973,-19466.736,6714963.072,-14750.491,6720931.997,1,1,2023-11-01,2023-11-01,1,2013-01-01,2026-10-03
46_FV5114_S1,46,F,V,5114,1,1|10,4617,45,4504.469,3615.385,889.084,5973,-1132.036,6695378.14,618.46,6696623.563,0,0,,,0,2013-01-01,2026-10-03
46_FV5114_S2,46,F,V,5114,2,1,4617,3,6001.394,6001.394,0.0,5973,-2043.042,6691442.65,970.06,6695416.801,0,0,,,0,2013-01-01,2026-10-03
46_FV5114_S3,46,F,V,5114,3,1,4617,1,4188.682,4188.682,0.0,5973,-4437.1,6693032.8,-1132.036,6695416.801,0,0,,,0,2013-01-01,2026-10-03
46_FV5116_S1,46,F,V,5116,1,1,4622,19,3515.323,3515.323,0.0,5973,4462.34,6715473.86,5334.07,6718187.65,6,9,2023-07-17,2026-07-30,6,2013-01-01,2026-10-03
46_FV5118_S1,46,F,V,5118,1,1,4622,19,2701.779,2701.779,0.0,5973,8220.04,6724734.5,10327.41,6725673.29,0,0,,,0,2013-01-01,2026-10-03
46_FV5120_S1,46,F,V,5120,1,1,4622,62,5671.988,5671.988,0.0,5973,12595.98,6725781.16,15910.8,6727267.58,0,0,,,0,2013-01-01,2026-10-03
46_FV5122_S1,46,F,V,5122,1,1,4622,36,7518.503,7518.503,0.0,5973,15718.254,6727077.8,19228.85,6730026.7,11,20,2013-03-05,2026-01-22,11,2013-01-01,2026-10-03
46_FV5124_S1,46,F,V,5124,1,1,4622,15,911.001,911.001,0.0,5973,19806.37,6727466.93,20020.33,6728208.36,1,1,2023-01-29,2023-01-29,1,2013-01-01,2026-10-03
46_FV5126_S1,46,F,V,5126,1,1,4623,14,3515.062,3515.062,0.0,5973,-3860.8,6730039.8,-3421.5,6732848.69,1,1,2025-01-15,2025-01-15,1,2013-01-01,2026-10-03
46_FV5128_S1,46,F,V,5128,1,1,4623,23,3506.61,3506.61,0.0,5973,-6254.1,6728824.81,-5666.38,6731945.23,2,3,2018-08-01,2023-02-20,2,2013-01-01,2026-10-03
46_FV5128_S2,46,F,V,5128,2,1,4623,45,10754.304,10754.304,0.0,5973,-6249.58,6731945.23,330.45,6737655.21,3,4,2013-10-29,2022-03-13,3,2013-01-01,2026-10-03
46_FV5130_S1,46,F,V,5130,1,1,4623,24,4557.64,4557.64,0.0,5973,-14729.1,6725275.0,-12168.82,6728279.0,0,0,,,0,2013-01-01,2026-10-03
46_FV5132_S1,46,F,V,5132,1,1|10,4623,79,6482.595,6460.595,22.0,5973,-9567.544,6728575.07,-7619.7,6732121.5,1,2,2025-07-23,2025-07-23,1,2013-01-01,2026-10-03
46_FV5136_S1,46,F,V,5136,1,1,4625,38,5447.35,5447.35,0.0,5973,-47033.41,6689336.3,-44785.3,6692674.835,0,0,,,0,2013-01-01,2026-10-03
46_FV5138_S1,46,F,V,5138,1,1|10,4625,113,10602.465,9042.866,1559.599,5973,-52221.0,6691327.73,-45372.8,6694056.6,0,0,,,0,2013-01-01,2026-10-03
46_FV5142_S1,46,F,V,5142,1,1,4625,14,692.822,692.822,0.0,5973,-45481.78,6703866.3,-44830.8,6703957.8,0,0,,,0,2013-01-01,2026-10-03
46_FV5142_S2,46,F,V,5142,2,1,4625,52,6366.533,6366.533,0.0,5973,-48793.7,6703924.155,-45493.631,6707458.1,0,0,,,0,2013-01-01,2026-10-03
46_FV5144_S1,46,F,V,5144,1,1,4625,42,9549.973,9549.973,0.0,5973,-43667.09,6693775.9,-41199.59,6700438.5,2,3,2023-12-15,2025-04-11,2,2013-01-01,2026-10-03
46_FV5146_S1,46,F,V,5146,1,1|10,4625,52,8732.873,8444.04,288.833,5973,-45080.59,6695410.9,-43242.3,6700630.6,0,0,,,0,2013-01-01,2026-10-03
46_FV5148_S1,46,F,V,5148,1,1,4625,38,4122.787,4122.787,0.0,5973,-51308.93,6706270.3,-48793.7,6707552.6,0,0,,,0,2013-01-01,2026-10-03
46_FV5150_S1,46,F,V,5150,1,1,4624,93,7041.43,7041.43,0.0,5973,-33984.59,6705457.8,-28954.9,6709001.432,0,0,,,0,2013-01-01,2026-10-03
46_FV5152_S1,46,F,V,5152,1,1,4624,29,2107.025,2107.025,0.0,5973,-30795.59,6708808.68,-30117.56,6710586.7,0,0,,,0,2013-01-01,2026-10-03
46_FV5154_S1,46,F,V,5154,1,1|10,4624,117,12055.513,9757.177,2298.336,5973,-35418.91,6707876.193,-28511.7,6712560.919,1,1,2023-06-21,2023-06-21,1,2013-01-01,2026-10-03
46_FV5156_S1,46,F,V,5156,1,1,4624,36,5493.85,5493.85,0.0,5973,-31345.58,6711997.692,-29358.155,6715400.81,0,0,,,0,2013-01-01,2026-10-03
46_FV5156_S2,46,F,V,5156,2,1,4624,13,1036.847,1036.847,0.0,5973,-30269.13,6714044.26,-29454.49,6714392.45,0,0,,,0,2013-01-01,2026-10-03
46_FV5156_S3,46,F,V,5156,3,1,4624,19,1420.007,1420.007,0.0,5973,-31410.11,6713486.217,-30263.658,6714252.756,0,0,,,0,2013-01-01,2026-10-03
46_FV5158_S1,46,F,V,5158,1,1,4601,45,6279.788,6279.788,0.0,5973,-32894.5,6715611.8,-31902.0,6719858.96,4,13,2014-12-30,2026-02-26,4,2013-01-01,2026-10-03
46_FV5158_S2,46,F,V,5158,2,1,4624,76,7220.12,7220.12,0.0,5973,-33997.3,6711626.33,-31345.58,6715611.8,2,2,2020-04-24,2024-02-29,2,2013-01-01,2026-10-03
46_FV5160_S1,46,F,V,5160,1,1,4601,79,10147.005,10147.005,0.0,5973,-28188.1,6719486.4,-21447.9,6726092.8,1,1,2025-11-15,2025-11-15,1,2013-01-01,2026-10-03
46_FV5162_S1,46,F,V,5162,1,1,4601,65,9632.882,9632.882,0.0,5973,-28772.9,6720661.0,-23035.7,6726933.1,2,4,2023-06-17,2023-07-17,2,2013-01-01,2026-10-03
46_FV5164_S1,46,F,V,5164,1,1,4601,44,4650.669,4650.669,0.0,5973,-32644.59,6719637.7,-29848.7,6722185.693,0,0,,,0,2013-01-01,2026-10-03
46_FV5166_S1,46,F,V,5166,1,1,4601,51,3337.12,3337.12,0.0,5973,-33546.09,6719788.0,-32216.7,6721451.4,0,0,,,0,2013-01-01,2026-10-03
46_FV5168_S1,46,F,V,5168,1,1,4601,33,2517.91,2517.91,0.0,5973,-35288.77,6719999.71,-33597.93,6721265.31,0,0,,,0,2013-01-01,2026-10-03
46_FV5170_S1,46,F,V,5170,1,1,4601,50,2726.724,2726.724,0.0,5973,-35917.2,6723391.834,-35409.27,6725677.1,0,0,,,0,2013-01-01,2026-10-03
46_FV5172_S1,46,F,V,5172,1,1,4601,78,5074.144,5074.144,0.0,5973,-37656.09,6722433.8,-33596.156,6723355.75,1,2,2025-10-07,2025-10-07,1,2013-01-01,2026-10-03
46_FV5174_S1,46,F,V,5174,1,1,4601,50,2157.539,2157.539,0.0,5973,-37221.5,6723458.2,-36482.816,6725149.7,1,1,2021-12-30,2021-12-30,1,2013-01-01,2026-10-03
46_FV5176_S1,46,F,V,5176,1,1,4601,30,2140.718,2140.718,0.0,5973,-37839.087,6718902.924,-37458.943,6720615.7,0,0,,,0,2013-01-01,2026-10-03
46_FV5178_S1,46,F,V,5178,1,1,4601,29,1830.581,1830.581,0.0,5973,-39526.564,6721820.285,-37853.35,6722185.71,0,0,,,0,2013-01-01,2026-10-03
46_FV5180_S1,46,F,V,5180,1,1,4601,18,1385.354,1385.354,0.0,5973,-38700.52,6722620.81,-38530.41,6723932.9,0,0,,,0,2013-01-01,2026-10-03
46_FV5182_S1,46,F,V,5182,1,1,4601,64,4404.273,4404.273,0.0,5973,-39782.87,6722405.72,-37675.8,6724772.083,0,0,,,0,2013-01-01,2026-10-03
46_FV5184_S1,46,F,V,5184,1,1,4601,46,2969.698,2969.698,0.0,5973,-38803.63,6725832.85,-36394.2,6726900.298,2,5,2024-06-27,2026-03-09,2,2013-01-01,2026-10-03
46_FV5186_S1,46,F,V,5186,1,1,4601,105,6000.02,6000.02,0.0,5973,-36306.629,6723755.6,-33164.41,6726009.7,0,0,,,0,2013-01-01,2026-10-03
46_FV5188_S1,46,F,V,5188,1,1|10|20,4601,56,2466.165,1591.208,874.957,5973,-34268.0,6724258.452,-33286.0,6724957.6,0,0,,,0,2013-01-01,2026-10-03
46_FV5190_S1,46,F,V,5190,1,1|10,4601,66,3002.29,2888.127,114.163,5973,-32549.015,6723092.57,-31536.828,6725281.964,0,0,,,0,2013-01-01,2026-10-03
46_FV5192_S1,46,F,V,5192,1,1,4601,22,1172.13,1172.13,0.0,5973,-31064.7,6725329.603,-30391.2,6725870.5,1,2,2026-08-09,2026-08-09,1,2013-01-01,2026-10-03
46_FV5192_S2,46,F,V,5192,2,1,4601,57,5630.942,5630.942,0.0,5973,-30305.288,6723727.9,-26721.8,6725194.862,1,2,2026-01-16,2026-01-16,1,2013-01-01,2026-10-03
46_FV5194_S1,46,F,V,5194,1,1,4601,76,2644.168,2644.168,0.0,5973,-31305.032,6724559.277,-30256.09,6726175.5,0,0,,,0,2013-01-01,2026-10-03
46_FV5196_S1,46,F,V,5196,1,1,4601,26,1266.948,1266.948,0.0,5973,-31564.91,6725531.1,-30583.2,6726183.5,0,0,,,0,2013-01-01,2026-10-03
46_FV5198_S1,46,F,V,5198,1,1|10,4601,102,6533.977,6237.221,296.756,5973,-30659.7,6726194.6,-28911.6,6728818.7,0,0,,,0,2013-01-01,2026-10-03
46_FV5200_S1,46,F,V,5200,1,1,4601,42,1394.61,1394.61,0.0,5973,-32002.91,6727982.531,-31745.91,6729177.1,0,0,,,0,2013-01-01,2026-10-03
46_FV5202_S1,46,F,V,5202,1,1,4601,24,908.677,908.677,0.0,5973,-37872.8,6731373.4,-37483.7,6732135.6,0,0,,,0,2013-01-01,2026-10-03
46_FV5206_S1,46,F,V,5206,1,1,4601,23,775.131,775.131,0.0,5973,-35526.337,6733962.227,-34925.333,6734246.2,0,0,,,0,2013-01-01,2026-10-03
46_FV5208_S1,46,F,V,5208,1,1,4601,51,2808.775,2808.775,0.0,5973,-37440.91,6732615.0,-36842.41,6735097.2,0,0,,,0,2013-01-01,2026-10-03
46_FV520_S7,46,F,V,520,7,1,4618,3,4045.312,4045.312,0.0,5973,32579.7,6652427.3,35722.845,6653940.016,6,8,2014-09-26,2025-08-06,6,2013-01-01,2026-10-03
46_FV520_S8,46,F,V,520,8,1,4618,10,7779.143,7779.143,0.0,5973,35722.845,6653940.016,38600.81,6659528.13,11,15,2017-05-19,2026-05-18,11,2013-01-01,2026-10-03
46_FV5210_S1,46,F,V,5210,1,1,4601,67,4232.331,4232.331,0.0,5973,-38845.356,6732628.2,-37544.2,6734473.9,0,0,,,0,2013-01-01,2026-10-03
46_FV5212_S1,46,F,V,5212,1,1|10,4601,40,2078.065,2078.065,0.0,5973,-40454.91,6732925.1,-39305.7,6733683.764,0,0,,,0,2013-01-01,2026-10-03
46_FV5212_S2,46,F,V,5212,2,1,4601,6,94.469,94.469,0.0,5973,-39459.26,6732938.23,-39425.91,6733018.7,0,0,,,0,2013-01-01,2026-10-03
46_FV5214_S1,46,F,V,5214,1,1,4601,27,1833.46,1833.46,0.0,5973,-38030.41,6730419.5,-37686.3,6731640.6,0,0,,,0,2013-01-01,2026-10-03
46_FV5216_S1,46,F,V,5216,1,1,4601,40,2277.352,2277.352,0.0,5973,-38407.41,6731612.2,-37319.91,6732988.8,0,0,,,0,2013-01-01,2026-10-03
46_FV5216_S1000,46,F,V,5216,1000,1,4601,3,76.821,76.821,0.0,5973,-38382.3,6732938.8,-38321.2,6732980.0,0,0,,,0,2013-01-01,2026-10-03
46_FV5216_S2,46,F,V,5216,2,1|10|20,4601,149,9686.511,7822.362,1864.149,5973,-40666.3,6728749.1,-38442.41,6733499.06,2,2,2022-01-16,2022-02-14,2,2013-01-01,2026-10-03
46_FV5218_S1,46,F,V,5218,1,1,4601|4626,5,8101.332,8101.332,0.0,5973,-43938.738,6716955.068,-38827.09,6719928.8,0,0,,,0,2013-01-01,2026-10-03
46_FV5218_S2,46,F,V,5218,2,1|10,4626,97,9221.289,7490.491,1730.798,5973,-47612.458,6716837.98,-43893.12,6722349.35,3,5,2022-11-06,2025-08-14,3,2013-01-01,2026-10-03
46_FV5220_S1,46,F,V,5220,1,1,4626,21,1230.192,1230.192,0.0,5973,-47533.13,6713062.45,-47228.1,6714126.2,0,0,,,0,2013-01-01,2026-10-03
46_FV5221_S1,46,F,V,5221,1,1,4626,18,2242.239,2242.239,0.0,5973,-48240.51,6712525.1,-47389.55,6714229.79,0,0,,,0,2013-01-01,2026-10-03
46_FV5222_S1,46,F,V,5222,1,1,4626,59,6193.91,6193.91,0.0,5973,-50910.5,6712020.86,-48476.68,6716007.51,1,1,2023-09-03,2023-09-03,1,2013-01-01,2026-10-03
46_FV5222_S2,46,F,V,5222,2,1,4626,14,567.86,567.86,0.0,5973,-48579.8,6715309.151,-48132.288,6715501.07,0,0,,,0,2013-01-01,2026-10-03
46_FV5224_S1,46,F,V,5224,1,1|10,4626,81,6123.869,5813.727,310.142,5973,-50682.571,6715868.02,-48676.75,6720198.21,0,0,,,0,2013-01-01,2026-10-03
46_FV5226_S1,46,F,V,5226,1,1,4626,61,5911.318,5911.318,0.0,5973,-53296.0,6719839.84,-49854.65,6722788.7,2,2,2020-04-30,2023-10-11,2,2013-01-01,2026-10-03
46_FV5228_S1,46,F,V,5228,1,1,4626,22,2872.799,2872.799,0.0,5973,-49878.879,6722986.6,-48052.91,6724585.9,1,2,2026-01-14,2026-01-14,1,2013-01-01,2026-10-03
46_FV5230_S1,46,F,V,5230,1,1,4626,34,3858.613,3858.613,0.0,5973,-46793.11,6723375.14,-45349.478,6725656.9,4,5,2022-12-19,2025-01-13,4,2013-01-01,2026-10-03
46_FV5232_S1,46,F,V,5232,1,1,4626,27,3263.475,3263.475,0.0,5973,-49509.85,6726671.76,-48616.97,6729460.08,2,4,2024-08-20,2026-01-17,2,2013-01-01,2026-10-03
46_FV5234_S1,46,F,V,5234,1,1,4626,75,6650.58,6650.58,0.0,5973,-44913.09,6725274.95,-43578.99,6731212.6,3,5,2024-08-31,2026-01-12,3,2013-01-01,2026-10-03
46_FV5236_S1,46,F,V,5236,1,1,4601|4626,61,7108.933,7108.933,0.0,5973,-42384.26,6725190.1,-39915.88,6730345.92,3,5,2022-12-16,2026-01-09,3,2013-01-01,2026-10-03
46_FV5238_S1,46,F,V,5238,1,1,4626,12,1001.403,1001.403,0.0,5973,-51541.59,6731624.4,-50820.767,6732196.656,0,0,,,0,2013-01-01,2026-10-03
46_FV5238_S2,46,F,V,5238,2,1,4626,27,3059.783,3059.783,0.0,5973,-52859.09,6731624.4,-51540.42,6733727.5,0,0,,,0,2013-01-01,2026-10-03
46_FV5238_S3,46,F,V,5238,3,1|10,4626,42,5452.838,4692.954,759.884,5973,-53038.41,6728277.52,-51472.38,6731624.4,0,0,,,0,2013-01-01,2026-10-03
46_FV5239_S1,46,F,V,5239,1,1,4626,15,968.355,968.355,0.0,5973,-41702.8,6733251.27,-41238.31,6733727.0,0,0,,,0,2013-01-01,2026-10-03
46_FV5240_S1,46,F,V,5240,1,1|10|20|30,4626,160,9053.985,7709.06,1344.925,5973,-43955.34,6731427.41,-41802.15,6735540.32,0,0,,,0,2013-01-01,2026-10-03
46_FV5242_S1,46,F,V,5242,1,1,4626,47,4216.91,4216.91,0.0,5973,-50531.984,6729327.88,-46579.8,6729678.27,0,0,,,0,2013-01-01,2026-10-03
46_FV5242_S2,46,F,V,5242,2,1,4626,90,9506.396,9506.396,0.0,5973,-51092.77,6729647.545,-49713.534,6738404.099,4,4,2022-04-11,2022-08-25,4,2013-01-01,2026-10-03
46_FV5244_S1,46,F,V,5244,1,1,4626,81,4625.11,4625.11,0.0,5973,-51014.0,6738330.33,-49518.5,6742274.3,0,0,,,0,2013-01-01,2026-10-03
46_FV5246_S1,46,F,V,5246,1,1,4627,126,5643.849,5643.849,0.0,5973,-41348.08,6737067.06,-38693.877,6739520.4,1,1,2026-04-07,2026-04-07,1,2013-01-01,2026-10-03
46_FV5248_S1,46,F,V,5248,1,1,4627,38,2066.011,2066.011,0.0,5973,-40124.93,6735694.0,-39635.46,6737186.19,1,1,2022-11-15,2022-11-15,1,2013-01-01,2026-10-03
46_FV5252_S1,46,F,V,5252,1,1,4627,22,1365.539,1365.539,0.0,5973,-36128.23,6737460.34,-35737.91,6738626.97,0,0,,,0,2013-01-01,2026-10-03
46_FV5254_S1,46,F,V,5254,1,1,4627,62,2795.233,2795.233,0.0,5973,-38428.19,6737201.1,-36920.3,6738819.5,1,2,2025-06-28,2025-06-28,1,2013-01-01,2026-10-03
46_FV5256_S1,46,F,V,5256,1,1,4627,41,3033.579,3033.579,0.0,5973,-39036.027,6740650.632,-36462.295,6741410.59,0,0,,,0,2013-01-01,2026-10-03
46_FV5258_S1,46,F,V,5258,1,1,4627,19,1680.85,1680.85,0.0,5973,-40040.68,6739675.219,-38738.223,6740207.37,2,2,2023-12-15,2024-02-23,2,2013-01-01,2026-10-03
46_FV525_S1,46,F,V,525,1,1,4631,105,9681.905,9681.905,0.0,5973,-43247.062,6762055.498,-39259.541,6764646.673,2,2,2024-04-06,2026-03-02,2,2013-01-01,2026-10-03
46_FV5262_S1,46,F,V,5262,1,1,4627,52,3942.422,3942.422,0.0,5973,-44258.828,6744352.626,-40595.59,6744818.73,0,0,,,0,2013-01-01,2026-10-03
46_FV5264_S1,46,F,V,5264,1,1,4627,43,3724.565,3724.565,0.0,5973,-44406.95,6748330.99,-43073.38,6751359.88,0,0,,,0,2013-01-01,2026-10-03
46_FV5266_S1,46,F,V,5266,1,1,4627,78,6969.747,6969.747,0.0,5973,-47022.964,6748275.29,-43162.17,6752804.127,2,2,2023-10-10,2026-01-22,2,2013-01-01,2026-10-03
46_FV5266_S2,46,F,V,5266,2,1,4627,44,5040.127,5040.127,0.0,5973,-49308.46,6752804.127,-47022.964,6756974.49,1,1,2023-08-13,2023-08-13,1,2013-01-01,2026-10-03
46_FV5268_S1,46,F,V,5268,1,1,4626,29,2882.523,2882.523,0.0,5973,-49391.44,6738288.022,-48995.118,6740992.679,0,0,,,0,2013-01-01,2026-10-03
46_FV5276_S1,46,F,V,5276,1,1,4626,27,3806.414,3806.414,0.0,5973,-57154.244,6756832.03,-54335.09,6757979.72,0,0,,,0,2013-01-01,2026-10-03
46_FV5278_S1,46,F,V,5278,1,1,4626,69,7971.169,7971.169,0.0,5973,-56512.09,6762485.0,-55498.3,6768530.1,0,0,,,0,2013-01-01,2026-10-03
46_FV5280_S1,46,F,V,5280,1,1|10,4626,24,3518.401,3260.388,258.013,5973,-56305.59,6760183.469,-55246.654,6762022.16,0,0,,,0,2013-01-01,2026-10-03
46_FV5280_S2,46,F,V,5280,2,1,4626,10,832.667,832.667,0.0,5973,-55219.04,6760632.73,-54614.02,6760909.26,0,0,,,0,2013-01-01,2026-10-03
46_FV5284_S1,46,F,V,5284,1,1,4626,9,628.025,628.025,0.0,5973,-56495.88,6765678.58,-56185.09,6766098.9,0,0,,,0,2013-01-01,2026-10-03
46_FV5286_S1,46,F,V,5286,1,1|10,4626,62,3760.155,3419.343,340.812,5973,-43027.02,6729330.41,-41611.18,6731469.83,0,0,,,0,2013-01-01,2026-10-03
46_FV5288_S1,46,F,V,5288,1,1,4626,18,3196.97,3196.97,0.0,5973,-53130.2,6743987.9,-51082.41,6745246.73,0,0,,,0,2013-01-01,2026-10-03
46_FV5290_S1,46,F,V,5290,1,1,4601,23,1981.222,1981.222,0.0,5973,-25592.8,6729137.6,-23891.0,6729599.0,1,1,2020-03-08,2020-03-08,1,2013-01-01,2026-10-03
46_FV5292_S1,46,F,V,5292,1,1,4601,26,2606.402,2606.402,0.0,5973,-24571.9,6729580.5,-23761.2,6731853.1,0,0,,,0,2013-01-01,2026-10-03
46_FV5294_S1,46,F,V,5294,1,1,4601,105,8372.246,8372.246,0.0,5973,-25869.3,6731242.3,-23728.64,6736303.7,0,0,,,0,2013-01-01,2026-10-03
46_FV5296_S1,46,F,V,5296,1,1,4601,37,2991.953,2991.953,0.0,5973,-25406.2,6738871.488,-24198.3,6741029.112,1,1,2015-01-10,2015-01-10,1,2013-01-01,2026-10-03
46_FV5298_S1,46,F,V,5298,1,1,4601,30,1724.738,1724.738,0.0,5973,-32192.7,6742347.6,-31354.443,6743231.4,0,0,,,0,2013-01-01,2026-10-03
46_FV5300_S1,46,F,V,5300,1,1|50,4601,110,7915.174,6116.736,1798.438,5973,-33671.5,6742991.807,-30508.365,6748343.0,12,18,2013-01-03,2025-11-12,11,2013-01-01,2026-10-03
46_FV5302_S1,46,F,V,5302,1,1|10,4601,93,4851.933,3737.634,1114.299,5973,-33643.8,6741298.684,-31272.09,6743330.42,0,0,,,0,2013-01-01,2026-10-03
46_FV5304_S1,46,F,V,5304,1,1|10,4601,100,5780.035,4207.222,1572.813,5973,-30132.304,6741440.784,-28242.8,6743318.6,2,2,2025-01-14,2026-01-19,2,2013-01-01,2026-10-03
46_FV5305_S1,46,F,V,5305,1,1,4601,24,2253.828,2253.828,0.0,5973,-29013.809,6743372.513,-27930.175,6744267.638,0,0,,,0,2013-01-01,2026-10-03
46_FV5306_S1,46,F,V,5306,1,1,4601,116,6769.554,6769.554,0.0,5973,-34179.699,6742139.0,-30734.8,6745346.11,2,2,2020-08-30,2026-08-11,2,2013-01-01,2026-10-03
46_FV5308_S1,46,F,V,5308,1,1,4631,103,9776.694,9776.694,0.0,5973,-41443.59,6748991.43,-34536.39,6752694.063,1,1,2019-01-02,2019-01-02,1,2013-01-01,2026-10-03
46_FV5310_S1,46,F,V,5310,1,1,4631,63,10161.366,10161.366,0.0,5973,-39056.383,6749982.824,-33835.293,6757358.943,0,0,,,0,2013-01-01,2026-10-03
46_FV5312_S1,46,F,V,5312,1,1,4631,17,3311.109,3311.109,0.0,5973,-37368.8,6751809.1,-35815.59,6753146.29,0,0,,,0,2013-01-01,2026-10-03
46_FV5314_S1,46,F,V,5314,1,1,4631,20,1374.345,1374.345,0.0,5973,-38828.07,6750907.43,-38355.3,6752111.321,0,0,,,0,2013-01-01,2026-10-03
46_FV5316_S1,46,F,V,5316,1,1|10,4631,39,3687.341,2373.358,1313.983,5973,-45806.053,6754107.181,-43871.7,6755422.607,0,0,,,0,2013-01-01,2026-10-03
46_FV5318_S1,46,F,V,5318,1,1,4631,46,10208.758,10208.758,0.0,5973,-48171.949,6756037.46,-42412.738,6760320.843,1,1,2024-01-12,2024-01-12,1,2013-01-01,2026-10-03
46_FV5320_S1,46,F,V,5320,1,1,4631,9,768.821,768.821,0.0,5973,-36661.074,6749609.522,-36553.97,6750346.159,0,0,,,0,2013-01-01,2026-10-03
46_FV5322_S1,46,F,V,5322,1,1,4601,44,1332.495,1332.495,0.0,5973,-30846.2,6729039.547,-30677.21,6730222.7,0,0,,,0,2013-01-01,2026-10-03
46_FV5324_S1,46,F,V,5324,1,1,4601,26,1190.638,1190.638,0.0,5973,-31126.889,6730096.346,-30183.387,6730710.301,0,0,,,0,2013-01-01,2026-10-03
46_FV5325_S1,46,F,V,5325,1,1|10,4601,14,427.897,383.254,44.643,5973,-31094.76,6731840.82,-30787.41,6732009.8,0,0,,,0,2013-01-01,2026-10-03
46_FV5328_S1,46,F,V,5328,1,1,4601,60,3078.16,3078.16,0.0,5973,-31685.7,6730152.0,-31253.48,6731651.33,0,0,,,0,2013-01-01,2026-10-03
46_FV5328_S2,46,F,V,5328,2,1,4601,13,265.442,265.442,0.0,5973,-31452.0,6731667.98,-31353.22,6731854.3,0,0,,,0,2013-01-01,2026-10-03
46_FV5328_S3,46,F,V,5328,3,1,4601,10,333.109,333.109,0.0,5973,-31376.534,6731776.45,-31065.88,6731859.213,0,0,,,0,2013-01-01,2026-10-03
46_FV5332_S1,46,F,V,5332,1,1|10,4601,51,1421.83,1014.016,407.814,5973,-31834.8,6732787.2,-31614.55,6733768.2,0,0,,,0,2013-01-01,2026-10-03
46_FV5334_S1,46,F,V,5334,1,1,4601,21,341.24,341.24,0.0,5973,-32294.5,6734090.7,-32082.7,6734363.7,0,0,,,0,2013-01-01,2026-10-03
46_FV5336_S1,46,F,V,5336,1,1|10,4626,62,4284.243,3071.614,1212.629,5973,-46161.09,6730686.2,-44850.8,6732935.7,1,2,2014-02-21,2014-02-21,1,2013-01-01,2026-10-03
46_FV5338_S1,46,F,V,5338,1,1,4601,35,722.235,722.235,0.0,5973,-31649.833,6733569.361,-31430.281,6734011.154,0,0,,,0,2013-01-01,2026-10-03
46_FV5342_S1,46,F,V,5342,1,1,4601,64,1909.562,1909.562,0.0,5973,-31962.8,6734636.01,-31697.5,6736180.6,0,0,,,0,2013-01-01,2026-10-03
46_FV5346_S1,46,F,V,5346,1,1|10,4601,21,1521.578,1422.407,99.171,5973,-30147.2,6747611.3,-29497.9,6748796.183,0,0,,,0,2013-01-01,2026-10-03
46_FV5347_S1,46,F,V,5347,1,1|10|40|50,4601,68,1538.156,930.933,607.223,5973,-32572.09,6734229.4,-31900.91,6734657.12,0,0,,,0,2013-01-01,2026-10-03
46_FV5348_S1,46,F,V,5348,1,1,4601,71,2296.542,2296.542,0.0,5973,-32940.393,6734407.2,-32127.8,6735282.6,1,1,2025-02-07,2025-02-07,1,2013-01-01,2026-10-03
46_FV5350_S1,46,F,V,5350,1,1,4601,20,414.586,414.586,0.0,5973,-32395.6,6734028.5,-32128.8,6734297.9,0,0,,,0,2013-01-01,2026-10-03
46_FV5350_S2,46,F,V,5350,2,1,4601,7,139.029,139.029,0.0,5973,-32515.8,6734249.69,-32395.6,6734306.203,0,0,,,0,2013-01-01,2026-10-03
46_FV5352_S1,46,F,V,5352,1,1,4601,31,1233.756,1233.756,0.0,5973,-32505.0,6733059.659,-31676.121,6733664.4,0,0,,,0,2013-01-01,2026-10-03
46_FV5354_S1,46,F,V,5354,1,1,4601,46,4255.193,4255.193,0.0,5973,-23202.2,6736047.8,-20994.6,6739158.0,2,4,2016-08-09,2025-02-22,2,2013-01-01,2026-10-03
46_FV5354_S2,46,F,V,5354,2,1,4601,65,3832.891,3832.891,0.0,5973,-24049.1,6736265.2,-23202.2,6739208.5,0,0,,,0,2013-01-01,2026-10-03
46_FV5356_S1,46,F,V,5356,1,1,4601,49,3771.744,3771.744,0.0,5973,-23856.3,6733252.6,-23464.483,6736939.27,0,0,,,0,2013-01-01,2026-10-03
46_FV5358_S1,46,F,V,5358,1,1|10,4601,66,3281.81,2894.247,387.563,5973,-34048.09,6731127.693,-33214.277,6733601.68,0,0,,,0,2013-01-01,2026-10-03
46_FV5360_S1,46,F,V,5360,1,1,4601,31,1778.116,1778.116,0.0,5973,-34700.59,6730489.6,-34048.09,6731373.4,0,0,,,0,2013-01-01,2026-10-03
46_FV5362_S1,46,F,V,5362,1,1|10|20|30|50,4601,64,2503.257,1539.715,963.542,5973,-36366.0,6728373.8,-35531.035,6729620.9,0,0,,,0,2013-01-01,2026-10-03
46_FV5362_S2,46,F,V,5362,2,1|10,4601,40,1786.899,1340.733,446.166,5973,-35795.7,6729233.3,-35031.91,6730314.171,0,0,,,0,2013-01-01,2026-10-03
46_FV5364_S1,46,F,V,5364,1,1,4601,42,2100.18,2100.18,0.0,5973,-34365.371,6729149.6,-33825.09,6730637.0,0,0,,,0,2013-01-01,2026-10-03
46_FV5366_S1,46,F,V,5366,1,1,4601,27,2665.49,2665.49,0.0,5973,-34193.09,6728813.3,-33567.09,6731120.278,0,0,,,0,2013-01-01,2026-10-03
46_FV5368_S1,46,F,V,5368,1,1,4601,87,4893.48,4893.48,0.0,5973,-35070.96,6727211.8,-34038.09,6729768.6,0,0,,,0,2013-01-01,2026-10-03
46_FV5370_S1,46,F,V,5370,1,1,4601,31,2226.491,2226.491,0.0,5973,-33611.2,6730237.4,-33160.59,6732089.3,0,0,,,0,2013-01-01,2026-10-03
46_FV5372_S1,46,F,V,5372,1,1,4601,40,2283.728,2283.728,0.0,5973,-34289.3,6727529.4,-32566.91,6728620.4,0,0,,,0,2013-01-01,2026-10-03
46_FV5374_S1,46,F,V,5374,1,1,4620,48,9250.371,9250.371,0.0,5973,57630.23,6740710.52,64409.81,6743588.98,15,34,2013-11-02,2026-06-10,14,2013-01-01,2026-10-03
46_FV5376_S1,46,F,V,5376,1,1,4620,30,4261.117,4261.117,0.0,5973,57886.78,6739277.1,59632.21,6741966.59,1,2,2022-03-01,2022-03-01,1,2013-01-01,2026-10-03
46_FV5378_S1,46,F,V,5378,1,1,4620|4621,25,6572.035,6572.035,0.0,5973,47030.843,6731120.247,52175.12,6733683.51,5,5,2023-12-18,2025-01-16,5,2013-01-01,2026-10-03
46_FV5380_S1,46,F,V,5380,1,1,4621,30,9740.052,9740.052,0.0,5973,47049.184,6742119.054,53934.24,6745595.96,0,0,,,0,2013-01-01,2026-10-03
46_FV5380_S2,46,F,V,5380,2,1,4620,47,9775.266,9775.266,0.0,5973,53934.24,6741532.88,57662.41,6745391.27,5,5,2016-03-16,2026-09-29,5,2013-01-01,2026-10-03
46_FV5381_S1,46,F,V,5381,1,1,4620,19,3430.949,3430.949,0.0,5973,57635.85,6741992.6,59106.47,6743094.2,0,0,,,0,2013-01-01,2026-10-03
46_FV5382_S1,46,F,V,5382,1,1,4621,16,1278.922,1278.922,0.0,5973,45069.481,6743142.43,45536.53,6744009.21,0,0,,,0,2013-01-01,2026-10-03
46_FV5384_S1,46,F,V,5384,1,1,4621,27,4876.162,4876.162,0.0,5973,37557.894,6748311.498,40182.595,6749632.309,0,0,,,0,2013-01-01,2026-10-03
46_FV5386_S1,46,F,V,5386,1,1|10,4621,60,7559.064,6168.25,1390.814,5973,34003.238,6752558.213,38208.526,6755471.539,1,2,2025-03-05,2025-03-05,1,2013-01-01,2026-10-03
46_FV5386_S2,46,F,V,5386,2,1,4621,33,9981.958,9981.958,0.0,5973,38182.939,6755471.539,46660.378,6756789.028,6,8,2013-10-07,2024-04-11,6,2013-01-01,2026-10-03
46_FV5386_S3,46,F,V,5386,3,1|10,4621,48,10722.076,9855.824,866.252,5973,46660.378,6753891.959,53255.573,6755796.835,3,4,2022-03-03,2024-04-07,3,2013-01-01,2026-10-03
46_FV5386_S4,46,F,V,5386,4,1|10,4621,44,9565.423,9137.938,427.485,5973,53255.573,6754754.704,60595.753,6757314.08,1,2,2024-11-26,2024-11-26,1,2013-01-01,2026-10-03
46_FV5388_S1,46,F,V,5388,1,1,4621,37,6335.287,6335.287,0.0,5973,35757.666,6753273.318,38184.24,6756398.201,0,0,,,0,2013-01-01,2026-10-03
46_FV5390_S1,46,F,V,5390,1,1|10,4621,81,13230.881,10906.08,2324.801,5973,32697.27,6754773.44,37110.2,6762006.34,1,2,2024-01-22,2024-01-22,1,2013-01-01,2026-10-03
46_FV5392_S1,46,F,V,5392,1,1,4621,95,15202.519,15202.519,0.0,5973,31807.598,6739209.245,33335.703,6752049.483,4,5,2022-02-15,2024-01-22,3,2013-01-01,2026-10-03
46_FV5394_S1,46,F,V,5394,1,1|10,4621,118,12642.836,12572.33,70.506,5973,23665.5,6749555.352,31971.79,6753245.9,3,5,2019-12-29,2026-03-12,3,2013-01-01,2026-10-03
46_FV5396_S1,46,F,V,5396,1,1|10,4621,53,7604.08,7197.762,406.318,5973,20937.399,6752044.432,26351.9,6755320.427,3,4,2019-10-28,2025-01-18,3,2013-01-01,2026-10-03
46_FV5398_S1,46,F,V,5398,1,1,4628,26,9842.623,9842.623,0.0,5973,19491.9,6773005.1,26276.46,6776290.25,13,20,2013-04-17,2025-09-24,13,2013-01-01,2026-10-03
46_FV53_S2,46,F,V,53,2,1,4643,62,10056.62,10056.62,0.0,5973,123134.624,6812355.211,132729.26,6813751.559,0,0,,,0,2013-01-01,2026-10-03
46_FV53_S3,46,F,V,53,3,1,4643,30,9957.481,9957.481,0.0,5973,116511.924,6813652.489,123134.624,6818214.829,20,32,2022-03-21,2025-08-04,20,2013-01-01,2026-10-03
46_FV53_S4,46,F,V,53,4,1,4643,45,4843.139,4843.139,0.0,5973,114668.852,6817917.393,117377.064,6818552.242,18,25,2016-05-09,2026-08-05,18,2013-01-01,2026-10-03
46_FV53_S5,46,F,V,53,5,1,4643,32,9136.795,9136.795,0.0,5973,110382.242,6811697.587,114668.852,6817917.393,27,36,2021-12-16,2026-02-06,27,2013-01-01,2026-10-03
46_FV53_S6,46,F,V,53,6,1,4643,41,9638.828,9638.828,0.0,5973,104296.667,6806925.844,110382.242,6811697.587,83,105,2016-05-10,2026-07-31,77,2013-01-01,2026-10-03
46_FV53_S7,46,F,V,53,7,1,4642|4643,22,10006.517,10006.517,0.0,5973,95795.048,6805797.587,104296.667,6807257.944,22,27,2015-01-26,2026-09-23,21,2013-01-01,2026-10-03
46_FV53_S8,46,F,V,53,8,1,4642,16,4690.187,4690.187,0.0,5973,92115.711,6803314.55,95795.048,6805797.587,6,8,2022-01-14,2025-06-16,6,2013-01-01,2026-10-03
46_FV5400_S1,46,F,V,5400,1,1,4621,58,12354.988,12354.988,0.0,5973,18271.308,6746692.383,23823.2,6753455.936,14,19,2015-02-18,2026-08-16,13,2013-01-01,2026-10-03
46_FV5400_S2,46,F,V,5400,2,1,4621,31,11578.707,11578.707,0.0,5973,11307.221,6742385.73,18434.371,6746692.383,9,13,2014-10-28,2025-02-22,8,2013-01-01,2026-10-03
46_FV5400_S3,46,F,V,5400,3,1,4628,39,9930.877,9930.877,0.0,5973,5143.353,6744195.058,11307.221,6749129.292,10,17,2022-03-03,2026-05-05,10,2013-01-01,2026-10-03
46_FV5400_S4,46,F,V,5400,4,1,4628,24,6965.461,6965.461,0.0,5973,584.63,6749077.82,5143.353,6750825.51,12,17,2015-01-25,2024-03-02,11,2013-01-01,2026-10-03
46_FV5400_S5,46,F,V,5400,5,1,4628,30,4388.389,4388.389,0.0,5973,-1883.577,6750651.86,584.63,6752232.03,6,9,2017-12-08,2026-05-09,6,2013-01-01,2026-10-03
46_FV5402_S1,46,F,V,5402,1,1|10|30,4621,76,6993.755,3402.135,3591.62,5973,31164.315,6752124.8,32652.47,6755490.326,0,0,,,0,2013-01-01,2026-10-03
46_FV5404_S1,46,F,V,5404,1,1,4621,31,5878.749,5878.749,0.0,5973,41187.6,6767880.117,46128.89,6769839.49,0,0,,,0,2013-01-01,2026-10-03
46_FV5406_S1,46,F,V,5406,1,1,4628,5,911.598,911.598,0.0,5973,-5301.998,6762041.529,-4761.26,6762619.78,1,7,2020-02-15,2020-02-15,1,2013-01-01,2026-10-03
46_FV5408_S1,46,F,V,5408,1,1,4628,26,1053.796,1053.796,0.0,5973,-8180.55,6740281.03,-7600.7,6740665.42,0,0,,,0,2013-01-01,2026-10-03
46_FV540_S1,46,F,V,540,1,1,4601,82,6083.03,6083.03,0.0,5973,-36153.907,6728241.381,-32739.91,6733187.8,5,9,2022-12-13,2026-02-02,5,2013-01-01,2026-10-03
46_FV5410_S1,46,F,V,5410,1,1,4621,15,2399.419,2399.419,0.0,5973,13952.968,6756379.527,15116.949,6757635.45,7,11,2021-12-15,2026-03-17,7,2013-01-01,2026-10-03
46_FV5410_S2,46,F,V,5410,2,1,4621,28,9763.245,9763.245,0.0,5973,13913.672,6757635.45,17555.925,6765440.18,13,25,2013-11-15,2026-02-27,13,2013-01-01,2026-10-03
46_FV5410_S3,46,F,V,5410,3,1,4621|4628,17,6546.184,6546.184,0.0,5973,17485.202,6765437.212,18273.936,6769540.8,4,5,2015-04-27,2026-02-23,4,2013-01-01,2026-10-03
46_FV5410_S4,46,F,V,5410,4,1,4628,15,4653.535,4653.535,0.0,5973,18218.13,6769540.8,19762.28,6773082.8,3,3,2014-02-23,2022-03-25,3,2013-01-01,2026-10-03
46_FV5410_S5,46,F,V,5410,5,1,4628,17,10638.232,10638.232,0.0,5973,12375.6,6770544.62,19491.9,6773252.78,8,17,2015-01-23,2026-02-26,8,2013-01-01,2026-10-03
46_FV5410_S6,46,F,V,5410,6,1,4628,17,8920.168,8920.168,0.0,5973,6058.627,6771584.95,12375.6,6774098.704,2,4,2017-12-07,2022-02-13,2,2013-01-01,2026-10-03
46_FV5410_S7,46,F,V,5410,7,1,4628,15,6247.425,6247.425,0.0,5973,2243.351,6772732.02,6058.627,6774699.23,5,10,2022-01-14,2026-02-25,5,2013-01-01,2026-10-03
46_FV5412_S1,46,F,V,5412,1,1,4629,68,12723.178,12723.178,0.0,5973,2147.05,6777124.35,11148.332,6781011.668,5,7,2014-02-04,2026-03-08,5,2013-01-01,2026-10-03
46_FV5412_S2,46,F,V,5412,2,1,4629,37,9341.994,9341.994,0.0,5973,10797.09,6781011.668,11921.362,6789737.141,9,16,2013-01-30,2026-02-26,9,2013-01-01,2026-10-03
46_FV5416_S1,46,F,V,5416,1,1,4630,34,3630.563,3630.563,0.0,5973,-21608.683,6739380.807,-18745.543,6739660.41,0,0,,,0,2013-01-01,2026-10-03
46_FV5418_S1,46,F,V,5418,1,1|10,4630,78,14995.677,14954.031,41.646,5973,-21535.811,6736837.53,-11096.685,6741181.89,39,57,2015-08-21,2026-03-15,38,2013-01-01,2026-10-03
46_FV5418_S2,46,F,V,5418,2,1,4630,45,10522.268,10522.268,0.0,5973,-13844.04,6740990.815,-10459.914,6748499.68,0,0,,,0,2013-01-01,2026-10-03
46_FV541_S1,46,F,V,541,1,1|20|30|40|70,4612,110,11128.034,8117.881,3010.153,5973,-45277.346,6639637.45,-43463.36,6646521.874,0,0,,,0,2013-01-01,2026-10-03
46_FV541_S2,46,F,V,541,2,1,4612|4613,2,5550.591,5550.591,0.0,5973,-49709.41,6646521.874,-45277.346,6649056.609,0,0,,,0,2013-01-01,2026-10-03
46_FV541_S3,46,F,V,541,3,1,4613,79,9990.713,9990.713,0.0,5973,-52449.89,6647760.24,-49709.41,6655380.63,1,1,2023-05-22,2023-05-22,1,2013-01-01,2026-10-03
46_FV541_S4,46,F,V,541,4,1|10|20|30|40|50,4613,138,17724.5,11765.179,5959.321,5973,-52271.11,6655380.63,-46912.5,6663860.8,3,3,2018-12-16,2024-01-21,3,2013-01-01,2026-10-03
46_FV541_S5,46,F,V,541,5,1,4613,31,5482.118,5482.118,0.0,5973,-47259.72,6663860.8,-45829.01,6667959.67,3,4,2023-07-01,2024-12-01,3,2013-01-01,2026-10-03
46_FV5420_S1,46,F,V,5420,1,1,4630,24,2635.223,2635.223,0.0,5973,-22894.364,6739643.025,-21599.759,6741620.545,9,13,2022-07-02,2026-09-07,9,2013-01-01,2026-10-03
46_FV5422_S1,46,F,V,5422,1,1|10,4630,133,12736.515,9699.569,3036.946,5973,-21470.837,6741014.365,-17914.753,6747857.0,1,1,2019-06-01,2019-06-01,1,2013-01-01,2026-10-03
46_FV5425_S1,46,F,V,5425,1,1,4630,73,12298.67,12298.67,0.0,5973,-28475.77,6745902.4,-24413.349,6751188.57,5,7,2023-12-07,2025-07-18,5,2013-01-01,2026-10-03
46_FV5426_S1,46,F,V,5426,1,1,4630,47,7378.008,7378.008,0.0,5973,-25594.082,6746366.656,-23887.167,6751323.969,0,0,,,0,2013-01-01,2026-10-03
46_FV5428_S1,46,F,V,5428,1,1,4630,64,10758.119,10758.119,0.0,5973,-24729.627,6746038.503,-21181.432,6751738.8,3,4,2016-07-03,2026-08-10,3,2013-01-01,2026-10-03
46_FV542_S1,46,F,V,542,1,1|20|30,4613|4614,153,16940.724,10029.12,6911.604,5973,-43039.07,6657069.91,-38194.3,6667173.384,1,1,2023-10-04,2023-10-04,1,2013-01-01,2026-10-03
46_FV542_S2,46,F,V,542,2,1|20|30|70|99,4613,162,15344.113,9773.574,5570.539,5973,-50235.2,6667173.384,-42712.526,6671051.669,1,1,2025-05-04,2025-05-04,1,2013-01-01,2026-10-03
46_FV5430_S1,46,F,V,5430,1,1,4630,20,953.781,953.781,0.0,5973,-20461.3,6747272.7,-19656.2,6747676.508,2,2,2015-01-30,2025-11-07,2,2013-01-01,2026-10-03
46_FV5430_S2,46,F,V,5430,2,1,4630,69,10875.116,10875.116,0.0,5973,-19656.2,6747267.352,-16558.12,6754514.3,4,4,2015-01-30,2026-05-26,4,2013-01-01,2026-10-03
46_FV5432_S1,46,F,V,5432,1,1,4630,13,1634.847,1634.847,0.0,5973,-18478.983,6755229.37,-17453.461,6756415.666,0,0,,,0,2013-01-01,2026-10-03
46_FV5434_S1,46,F,V,5434,1,1,4634,2,73.088,73.088,0.0,5973,-26366.01,6779586.7,-26295.0,6779595.544,0,0,,,0,2013-01-01,2026-10-03
46_FV5434_S2,46,F,V,5434,2,1,4634,29,7120.032,7120.032,0.0,5973,-26295.0,6779297.91,-21757.625,6781439.556,1,1,2018-08-17,2018-08-17,1,2013-01-01,2026-10-03
46_FV5436_S1,46,F,V,5436,1,1,4634,27,8654.255,8654.255,0.0,5973,-28270.1,6783790.6,-25285.843,6789744.779,0,0,,,0,2013-01-01,2026-10-03
46_FV5436_S2,46,F,V,5436,2,1,4634,14,3549.778,3549.778,0.0,5973,-25285.843,6789744.779,-23224.249,6792168.296,1,1,2023-01-29,2023-01-29,1,2013-01-01,2026-10-03
46_FV5436_S3,46,F,V,5436,3,1,4635,22,10005.374,10005.374,0.0,5973,-23224.249,6792168.296,-16403.864,6797159.954,2,2,2014-12-29,2018-01-23,2,2013-01-01,2026-10-03
46_FV5436_S4,46,F,V,5436,4,1,4635,3,5039.442,5039.442,0.0,5973,-16449.073,6797159.954,-15907.975,6800526.84,0,0,,,0,2013-01-01,2026-10-03
46_FV5436_S5,46,F,V,5436,5,1,4635,12,2454.463,2454.463,0.0,5973,-16030.86,6800526.84,-14466.347,6802218.347,0,0,,,0,2013-01-01,2026-10-03
46_FV5438_S1,46,F,V,5438,1,1,4634,60,9499.225,9499.225,0.0,5973,-31076.681,6785235.939,-27246.107,6790048.9,3,4,2022-01-30,2023-01-29,3,2013-01-01,2026-10-03
46_FV543_S2,46,F,V,543,2,1,4617,1,7358.0,7358.0,0.0,5973,-23634.4,6653599.589,-19649.2,6658132.9,0,0,,,0,2013-01-01,2026-10-03
46_FV543_S3,46,F,V,543,3,1,4617,1,2643.682,2643.682,0.0,5973,-21340.1,6657742.5,-19649.2,6658883.206,0,0,,,0,2013-01-01,2026-10-03
46_FV543_S4,46,F,V,543,4,1,4617,1,1092.364,1092.364,0.0,5973,-22071.4,6658190.221,-21242.798,6658883.206,0,0,,,0,2013-01-01,2026-10-03
46_FV5442_S1,46,F,V,5442,1,1,4634,21,7863.391,7863.391,0.0,5973,-10181.06,6785747.994,-6697.207,6789408.848,6,18,2019-05-24,2025-10-04,6,2013-01-01,2026-10-03
46_FV5442_S2,46,F,V,5442,2,1|10,4634,25,7334.147,7287.117,47.03,5973,-6697.207,6789408.848,-2584.353,6793948.828,2,4,2017-07-24,2022-07-04,2,2013-01-01,2026-10-03
46_FV5442_S3,46,F,V,5442,3,1,4638,14,10078.801,10078.801,0.0,5973,-2584.353,6793948.828,2979.14,6799785.81,7,9,2017-07-24,2024-05-13,6,2013-01-01,2026-10-03
46_FV5442_S4,46,F,V,5442,4,1,4638,30,8931.433,8931.433,0.0,5973,2951.28,6799655.94,4990.0,6805270.939,4,6,2022-05-23,2024-05-18,4,2013-01-01,2026-10-03
46_FV5442_S5,46,F,V,5442,5,1,4638,40,10080.798,10080.798,0.0,5973,4854.25,6805270.939,10825.64,6811333.67,7,7,2017-06-25,2025-01-13,7,2013-01-01,2026-10-03
46_FV5442_S6,46,F,V,5442,6,1,4638,18,10090.438,10090.438,0.0,5973,10825.64,6807673.44,18889.591,6811381.04,4,5,2016-12-31,2026-09-07,4,2013-01-01,2026-10-03
46_FV5442_S7,46,F,V,5442,7,1,4638,13,5440.873,5440.873,0.0,5973,18889.591,6807488.96,23181.4,6808345.63,7,11,2013-04-15,2026-08-06,7,2013-01-01,2026-10-03
46_FV5444_S1,46,F,V,5444,1,1,4634,15,522.766,522.766,0.0,5973,-10197.9,6785435.54,-9830.382,6785661.7,0,0,,,0,2013-01-01,2026-10-03
46_FV5446_S1,46,F,V,5446,1,1,4634,25,6467.627,6467.627,0.0,5973,-14243.89,6783416.89,-9730.03,6785508.016,15,26,2013-01-04,2023-02-11,14,2013-01-01,2026-10-03
46_FV5448_S1,46,F,V,5448,1,1,4631,21,3513.05,3513.05,0.0,5973,-28423.03,6760413.7,-25926.426,6761028.382,0,0,,,0,2013-01-01,2026-10-03
46_FV544_S1,46,F,V,544,1,1|10,4614,71,2512.382,1617.604,894.778,5973,-33120.87,6664742.968,-32153.2,6666450.956,0,0,,,0,2013-01-01,2026-10-03
46_FV5450_S1,46,F,V,5450,1,1,4631,16,4233.756,4233.756,0.0,5973,-29832.2,6758933.67,-28413.17,6760966.8,1,1,2023-12-16,2023-12-16,1,2013-01-01,2026-10-03
46_FV5450_S2,46,F,V,5450,2,1,4631,40,8444.902,8444.902,0.0,5973,-32425.34,6760966.8,-28462.0,6767290.54,2,4,2024-11-16,2026-06-02,2,2013-01-01,2026-10-03
46_FV5452_S1,46,F,V,5452,1,1,4631,85,8897.64,8897.64,0.0,5973,-27358.499,6753100.625,-26149.056,6760418.902,3,5,2016-09-30,2024-04-11,3,2013-01-01,2026-10-03
46_FV5454_S1,46,F,V,5454,1,1|10,4631,19,1142.664,1082.2,60.464,5973,-31915.46,6751122.84,-31511.16,6751717.971,0,0,,,0,2013-01-01,2026-10-03
46_FV5456_S1,46,F,V,5456,1,1,4631,73,7916.093,7916.093,0.0,5973,-24476.76,6756629.8,-19728.68,6759010.4,1,2,2025-07-14,2025-07-14,1,2013-01-01,2026-10-03
46_FV5458_S1,46,F,V,5458,1,1,4631,98,11755.273,11755.273,0.0,5973,-23620.0,6759024.9,-19983.8,6767189.61,6,7,2023-05-28,2026-01-26,6,2013-01-01,2026-10-03
46_FV545_S1,46,F,V,545,1,1,4614,108,11228.703,11228.703,0.0,5973,-39181.07,6663791.264,-35077.577,6670947.755,1,2,2025-01-17,2025-01-17,1,2013-01-01,2026-10-03
46_FV545_S2,46,F,V,545,2,1,4614|4615,107,14570.855,14570.855,0.0,5973,-40120.27,6670947.755,-38794.48,6683506.094,5,8,2013-04-06,2026-02-08,5,2013-01-01,2026-10-03
46_FV545_S3,46,F,V,545,3,1,4615,21,4108.064,4108.064,0.0,5973,-39033.78,6683506.094,-37968.76,6686886.2,0,0,,,0,2013-01-01,2026-10-03
46_FV5460_S1,46,F,V,5460,1,1|10,4631,39,8546.987,7926.779,620.208,5973,-25166.94,6757522.4,-22608.6,6764279.39,1,2,2024-01-31,2024-01-31,1,2013-01-01,2026-10-03
46_FV5462_S1,46,F,V,5462,1,1,4631,33,4104.571,4104.571,0.0,5973,-32380.2,6771613.915,-29004.733,6772280.273,0,0,,,0,2013-01-01,2026-10-03
46_FV5464_S1,46,F,V,5464,1,1,4631,43,3813.599,3813.599,0.0,5973,-25928.758,6757611.3,-24517.2,6760794.91,1,2,2026-07-25,2026-07-25,1,2013-01-01,2026-10-03
46_FV5464_S2,46,F,V,5464,2,1,4631,61,9226.346,9226.346,0.0,5973,-27005.8,6760794.91,-25928.758,6768488.242,5,8,2023-01-24,2026-04-17,5,2013-01-01,2026-10-03
46_FV5464_S3,46,F,V,5464,3,1|10,4631,28,5055.518,5001.932,53.586,5973,-29374.599,6768488.242,-26839.043,6772080.8,0,0,,,0,2013-01-01,2026-10-03
46_FV5466_S1,46,F,V,5466,1,1,4631,40,3745.042,3745.042,0.0,5973,-34892.881,6771615.638,-32370.766,6773444.667,0,0,,,0,2013-01-01,2026-10-03
46_FV5468_S1,46,F,V,5468,1,1,4631,36,6030.482,6030.482,0.0,5973,-31017.99,6768358.169,-26850.473,6771642.188,0,0,,,0,2013-01-01,2026-10-03
46_FV546_S1,46,F,V,546,1,1,4601,141,9824.073,9824.073,0.0,5973,-36635.7,6715959.734,-32916.23,6723412.0,2,2,2015-08-27,2024-07-27,2,2013-01-01,2026-10-03
46_FV546_S2,46,F,V,546,2,1,4601|4625,5,13206.483,13206.483,0.0,5973,-43210.695,6705529.778,-36335.59,6715959.734,0,0,,,0,2013-01-01,2026-10-03
46_FV546_S3,46,F,V,546,3,1|10|40,4625,147,12635.09,8767.345,3867.745,5973,-45496.044,6699672.673,-40061.09,6705529.778,2,2,2026-01-15,2026-02-11,2,2013-01-01,2026-10-03
46_FV546_S4,46,F,V,546,4,1|10|20,4615|4625,67,17992.594,10724.229,7268.365,5973,-42911.616,6687333.115,-38160.5,6699672.673,0,0,,,0,2013-01-01,2026-10-03
46_FV546_S5,46,F,V,546,5,1,4625,31,4240.666,4240.666,0.0,5973,-45372.8,6692674.835,-42911.616,6693864.7,0,0,,,0,2013-01-01,2026-10-03
46_FV5470_S1,46,F,V,5470,1,1,4631,42,3919.254,3919.254,0.0,5973,-35165.113,6773444.667,-33580.98,6776135.753,0,0,,,0,2013-01-01,2026-10-03
46_FV5472_S1,46,F,V,5472,1,1,4631,48,4207.582,4207.582,0.0,5973,-32738.91,6759545.15,-31022.08,6762974.5,2,3,2022-02-14,2023-12-17,2,2013-01-01,2026-10-03
46_FV5474_S1,46,F,V,5474,1,1,4631,56,6312.821,6312.821,0.0,5973,-34115.95,6758151.45,-30481.15,6762160.47,1,1,2017-12-06,2017-12-06,1,2013-01-01,2026-10-03
46_FV5476_S1,46,F,V,5476,1,1,4631,84,8776.635,8776.635,0.0,5973,-34551.04,6754765.077,-33534.47,6762146.582,1,1,2023-07-23,2023-07-23,1,2013-01-01,2026-10-03
46_FV5476_S2,46,F,V,5476,2,1,4631,78,9366.476,9366.476,0.0,5973,-38860.55,6762146.582,-34120.727,6766709.23,0,0,,,0,2013-01-01,2026-10-03
46_FV5476_S3,46,F,V,5476,3,1|10,4631,43,5558.745,5285.498,273.247,5973,-38692.08,6765806.62,-35762.78,6769418.27,0,0,,,0,2013-01-01,2026-10-03
46_FV5478_S1,46,F,V,5478,1,1,4631,16,1650.445,1650.445,0.0,5973,-36622.486,6757216.252,-36362.592,6758810.854,0,0,,,0,2013-01-01,2026-10-03
46_FV5480_S1,46,F,V,5480,1,1,4631,59,5666.167,5666.167,0.0,5973,-38697.7,6758810.854,-35848.103,6762436.309,0,0,,,0,2013-01-01,2026-10-03
46_FV5482_S1,46,F,V,5482,1,1,4631,14,1525.559,1525.559,0.0,5973,-38114.059,6761027.047,-37793.331,6762357.39,0,0,,,0,2013-01-01,2026-10-03
46_FV5484_S1,46,F,V,5484,1,1|10,4631,188,16226.935,10366.278,5860.657,5973,-49161.2,6764242.399,-43078.884,6776732.4,0,0,,,0,2013-01-01,2026-10-03
46_FV5484_S2,46,F,V,5484,2,1,4631,37,4613.934,4613.934,0.0,5973,-48063.475,6771174.61,-44199.368,6772239.743,0,0,,,0,2013-01-01,2026-10-03
46_FV5486_S1,46,F,V,5486,1,1,4631,42,4888.153,4888.153,0.0,5973,-47108.674,6763904.644,-43218.643,6764715.56,0,0,,,0,2013-01-01,2026-10-03
46_FV5486_S2,46,F,V,5486,2,1,4631,26,989.983,989.983,0.0,5973,-43913.8,6763567.8,-43247.062,6764152.144,0,0,,,0,2013-01-01,2026-10-03
46_FV5488_S1,46,F,V,5488,1,1,4631,49,5419.244,5419.244,0.0,5973,-43781.635,6765262.731,-41943.755,6768907.103,0,0,,,0,2013-01-01,2026-10-03
46_FV548_S1,46,F,V,548,1,1,4611,22,10352.009,10352.009,0.0,5973,-7025.52,6653332.385,648.104,6657286.92,10,15,2021-12-30,2026-02-25,10,2013-01-01,2026-10-03
46_FV548_S2,46,F,V,548,2,1|10,4611|4617,32,8676.105,8676.105,0.0,5973,-9582.085,6656483.625,-7025.52,6662347.883,4,4,2023-08-27,2026-02-07,4,2013-01-01,2026-10-03
46_FV548_S3,46,F,V,548,3,1,4617,60,9641.265,9641.265,0.0,5973,-14601.952,6661276.316,-9582.085,6667042.405,0,0,,,0,2013-01-01,2026-10-03
46_FV548_S4,46,F,V,548,4,1,4617,42,4356.251,4356.251,0.0,5973,-17388.9,6667042.405,-14601.952,6669443.7,0,0,,,0,2013-01-01,2026-10-03
46_FV5490_S1,46,F,V,5490,1,1,4631,26,3728.449,3728.449,0.0,5973,-46129.7,6767089.9,-43778.41,6768523.271,0,0,,,0,2013-01-01,2026-10-03
46_FV5492_S1,46,F,V,5492,1,1,4631,20,2451.324,2451.324,0.0,5973,-42693.72,6769710.78,-42157.192,6771710.934,0,0,,,0,2013-01-01,2026-10-03
46_FV5494_S1,46,F,V,5494,1,1|10,4631,49,4549.05,3867.858,681.192,5973,-50586.3,6770314.004,-48187.704,6773130.0,0,0,,,0,2013-01-01,2026-10-03
46_FV5496_S1,46,F,V,5496,1,1,4631,50,7590.473,7590.473,0.0,5973,-38469.589,6773113.25,-35139.83,6777715.783,0,0,,,0,2013-01-01,2026-10-03
46_FV5498_S1,46,F,V,5498,1,1,4631,14,2367.33,2367.33,0.0,5973,-40320.019,6776633.374,-38469.589,6777141.84,0,0,,,0,2013-01-01,2026-10-03
46_FV549_S1,46,F,V,549,1,1,4614,8,250.742,250.742,0.0,5973,-29420.766,6676709.0,-29292.9,6676852.277,0,0,,,0,2013-01-01,2026-10-03
46_FV549_S2,46,F,V,549,2,1,4614|4616,2,2220.068,2220.068,0.0,5973,-29301.72,6676522.5,-27203.9,6676849.026,0,0,,,0,2013-01-01,2026-10-03
46_FV549_S3,46,F,V,549,3,1,4616,41,10615.686,10615.686,0.0,5973,-28929.822,6676832.8,-26774.97,6684743.53,0,0,,,0,2013-01-01,2026-10-03
46_FV549_S4,46,F,V,549,4,1,4616,60,9666.75,9666.75,0.0,5973,-29208.7,6684743.53,-27331.55,6693228.77,1,1,2025-08-05,2025-08-05,1,2013-01-01,2026-10-03
46_FV549_S5,46,F,V,549,5,1|10|20,4616|4624,91,23121.212,10263.819,12857.393,5973,-30374.824,6693228.77,-20156.91,6706185.765,0,0,,,0,2013-01-01,2026-10-03
46_FV549_S6,46,F,V,549,6,1,4616|4617|4624,49,9251.704,9251.704,0.0,5973,-20156.91,6691827.33,-15053.294,6696295.43,5,7,2023-05-11,2026-02-22,5,2013-01-01,2026-10-03
46_FV549_S7,46,F,V,549,7,1,4617|4624,32,9382.129,9382.129,0.0,5973,-15053.294,6691688.046,-12706.78,6698795.851,0,0,,,0,2013-01-01,2026-10-03
46_FV549_S8,46,F,V,549,8,1,4624,59,9597.466,9597.466,0.0,5973,-13920.65,6698795.851,-11738.77,6704970.51,1,1,2023-12-15,2023-12-15,1,2013-01-01,2026-10-03
46_FV549_S9,46,F,V,549,9,1|10,4624,64,12329.482,11871.862,457.62,5973,-13659.68,6704970.51,-5919.426,6709345.03,3,4,2021-10-27,2025-05-03,3,2013-01-01,2026-10-03
46_FV5500_S1,46,F,V,5500,1,1,4632,22,3150.952,3150.952,0.0,5973,-44731.7,6778316.24,-42875.04,6780670.1,0,0,,,0,2013-01-01,2026-10-03
46_FV5502_S1,46,F,V,5502,1,1,4632,25,2657.758,2657.758,0.0,5973,-46809.73,6778393.08,-45972.75,6780067.16,0,0,,,0,2013-01-01,2026-10-03
46_FV5504_S1,46,F,V,5504,1,1,4632,10,540.284,540.284,0.0,5973,-46531.35,6780984.63,-46149.58,6781228.48,0,0,,,0,2013-01-01,2026-10-03
46_FV5506_S1,46,F,V,5506,1,1,4632,32,2186.304,2186.304,0.0,5973,-49605.97,6778487.58,-47965.68,6779003.59,0,0,,,0,2013-01-01,2026-10-03
46_FV5508_S1,46,F,V,5508,1,1,4632,21,2318.428,2318.428,0.0,5973,-50205.07,6781320.8,-49805.59,6783265.08,0,0,,,0,2013-01-01,2026-10-03
46_FV550_S1,46,F,V,550,1,1,4618,58,12722.03,12722.03,0.0,5973,29521.4,6691856.4,32795.75,6703438.23,39,64,2013-01-31,2026-03-23,33,2013-01-01,2026-10-03
46_FV550_S2,46,F,V,550,2,1,4618,83,12811.056,12811.056,0.0,5973,32795.75,6703438.23,36944.191,6714748.339,19,32,2015-02-26,2026-03-02,18,2013-01-01,2026-10-03
46_FV550_S3,46,F,V,550,3,1,4618,39,10295.054,10295.054,0.0,5973,36944.191,6714748.339,40270.218,6723652.209,5,9,2013-10-06,2026-03-03,5,2013-01-01,2026-10-03
46_FV550_S4,46,F,V,550,4,1|10|20|30|40|50,4618|4621,46,19318.023,5795.241,13522.782,5973,39477.9,6722003.0,44181.8,6733369.8,4,13,2018-04-23,2022-07-03,3,2013-01-01,2026-10-03
46_FV550_S5,46,F,V,550,5,1,4618,52,9992.141,9992.141,0.0,5973,32678.31,6725721.45,39593.44,6729659.44,0,0,,,0,2013-01-01,2026-10-03
46_FV550_S6,46,F,V,550,6,1,4618,81,12583.518,12583.518,0.0,5973,24921.728,6720783.72,32678.31,6725721.45,5,9,2013-04-05,2026-07-29,5,2013-01-01,2026-10-03
46_FV550_S7,46,F,V,550,7,1,4618,71,13560.077,13560.077,0.0,5973,16583.22,6714232.111,24978.91,6720932.389,5,6,2013-04-05,2025-07-17,5,2013-01-01,2026-10-03
46_FV5510_S1,46,F,V,5510,1,1|10|20|30|40|50,4633,99,6598.757,3.791,6594.966,5973,-59098.04,6779361.01,-57641.45,6782846.41,0,0,,,0,2013-01-01,2026-10-03
46_FV5512_S1,46,F,V,5512,1,1|10,4632,18,3036.477,2994.973,41.504,5973,-53142.08,6782261.41,-51922.58,6784704.849,0,0,,,0,2013-01-01,2026-10-03
46_FV552_S1,46,F,V,552,1,1|60,4624,103,6534.816,6431.501,103.315,5973,-28347.4,6709792.8,-23283.3,6712256.8,6,10,2021-06-11,2025-05-12,6,2013-01-01,2026-10-03
46_FV552_S2,46,F,V,552,2,1,4624,2,3457.686,3457.686,0.0,5973,-23283.3,6711478.9,-20175.9,6712412.5,0,0,,,0,2013-01-01,2026-10-03
46_FV552_S3,46,F,V,552,3,1,4624,30,3059.14,3059.14,0.0,5973,-20240.2,6710385.09,-18172.66,6711478.9,1,1,2022-01-19,2022-01-19,1,2013-01-01,2026-10-03
46_FV552_S4,46,F,V,552,4,1,4624,44,10543.644,10543.644,0.0,5973,-18172.66,6711066.27,-10912.36,6714309.287,6,9,2017-09-22,2026-03-13,6,2013-01-01,2026-10-03
46_FV556_S1,46,F,V,556,1,1|10|140,4601,131,8015.014,7441.777,573.237,5973,-36448.328,6725046.727,-31983.3,6729533.3,6,9,2023-06-13,2026-05-13,6,2013-01-01,2026-10-03
46_FV557_S1,46,F,V,557,1,1,4601,58,17378.858,17378.858,0.0,5973,-36978.0,6723370.2,-36053.69,6732555.1,1,1,2024-01-13,2024-01-13,1,2013-01-01,2026-10-03
46_FV5582_S1,46,F,V,5582,1,1|10,4635,25,12821.714,8937.073,3884.641,5973,-40538.6,6787532.4,-37689.05,6792793.5,1,1,2018-04-05,2018-04-05,1,2013-01-01,2026-10-03
46_FV5582_S2,46,F,V,5582,2,1,4635,11,6209.633,6209.633,0.0,5973,-43114.59,6790643.25,-40488.379,6794379.36,0,0,,,0,2013-01-01,2026-10-03
46_FV5582_S3,46,F,V,5582,3,1|10,4635,54,10081.906,7522.544,2559.362,5973,-49837.131,6793981.39,-42899.82,6795944.21,0,0,,,0,2013-01-01,2026-10-03
46_FV5583_S1,46,F,V,5583,1,1|10,4635,19,6507.859,6211.091,296.768,5973,-37794.66,6802299.961,-36016.15,6806430.658,0,0,,,0,2013-01-01,2026-10-03
46_FV5583_S2,46,F,V,5583,2,20,4635,1,750.547,0.0,750.547,5973,-38515.211,6803673.303,-37794.66,6803883.355,0,0,,,0,2013-01-01,2026-10-03
46_FV5584_S1,46,F,V,5584,1,1,4635,22,10028.648,10028.648,0.0,5973,-24625.54,6799444.336,-18627.158,6804006.048,0,0,,,0,2013-01-01,2026-10-03
46_FV5584_S2,46,F,V,5584,2,1,4635,24,6498.744,6498.744,0.0,5973,-30004.448,6798099.915,-24625.54,6799444.336,0,0,,,0,2013-01-01,2026-10-03
46_FV5586_S1,46,F,V,5586,1,1,4635,25,6934.762,6934.762,0.0,5973,-11173.936,6806026.682,-5769.025,6808317.383,3,4,2015-03-02,2024-02-16,3,2013-01-01,2026-10-03
46_FV5586_S2,46,F,V,5586,2,1|10,4638,48,16342.153,10046.376,6295.777,5973,-5769.025,6805157.296,1676.2,6810111.11,6,10,2016-01-29,2026-06-28,6,2013-01-01,2026-10-03
46_FV5586_S3,46,F,V,5586,3,1|10,4638,20,10273.863,10038.904,234.959,5973,1676.2,6807940.668,6637.5,6811601.89,8,23,2018-11-02,2025-10-10,8,2013-01-01,2026-10-03
46_FV5586_S4,46,F,V,5586,4,1,4638,19,3367.941,3367.941,0.0,5973,4639.75,6805269.623,6123.756,6807940.668,1,2,2025-04-19,2025-04-19,1,2013-01-01,2026-10-03
46_FV558_S1,46,F,V,558,1,1,4601,162,9713.16,9713.16,0.0,5973,-38574.469,6729394.888,-32812.919,6734524.3,4,4,2024-06-10,2025-01-14,4,2013-01-01,2026-10-03
46_FV5591_S1,46,F,V,5591,1,1,4636,20,6696.15,6696.15,0.0,5973,-56943.719,6807590.06,-52880.47,6808715.94,0,0,,,0,2013-01-01,2026-10-03
46_FV5591_S2,46,F,V,5591,2,1|10|20,4636,27,14522.038,12077.929,2444.109,5973,-56602.72,6807916.751,-52491.59,6817280.23,0,0,,,0,2013-01-01,2026-10-03
46_FV5592_S1,46,F,V,5592,1,1|10,4636,18,10625.559,10338.569,286.99,5973,-41770.24,6819618.495,-40717.83,6828603.32,0,0,,,0,2013-01-01,2026-10-03
46_FV5596_S1,46,F,V,5596,1,1,4638,20,5369.682,5369.682,0.0,5973,-12049.319,6816311.469,-8281.58,6817962.45,0,0,,,0,2013-01-01,2026-10-03
46_FV5597_S1,46,F,V,5597,1,1,4638,32,12755.467,12755.467,0.0,5973,-452.17,6819872.0,7272.428,6823433.76,7,12,2018-04-04,2026-03-15,7,2013-01-01,2026-10-03
46_FV5597_S2,46,F,V,5597,2,1,4646,36,10026.443,10026.443,0.0,5973,-5598.939,6823433.76,-452.17,6826314.14,6,13,2013-02-17,2025-03-04,6,2013-01-01,2026-10-03
46_FV5597_S3,46,F,V,5597,3,1|10,4646,70,12111.596,10035.178,2076.418,5973,-12523.04,6825849.57,-5598.939,6828346.34,5,6,2017-11-04,2026-03-05,5,2013-01-01,2026-10-03
46_FV5597_S4,46,F,V,5597,4,1,4646,10,3806.529,3806.529,0.0,5973,-14084.05,6826443.262,-12523.04,6828745.12,0,0,,,0,2013-01-01,2026-10-03
46_FV559_S1,46,F,V,559,1,1,4621,60,2673.636,2673.636,0.0,5973,30382.278,6752034.2,32591.192,6752909.244,0,0,,,0,2013-01-01,2026-10-03
46_FV559_S2,46,F,V,559,2,1,4621,45,1787.356,1787.356,0.0,5973,31671.1,6752047.04,33281.47,6752619.75,0,0,,,0,2013-01-01,2026-10-03
46_FV55_S10,46,F,V,55,10,1,4644,55,10024.467,10024.467,0.0,5973,83864.391,6822996.141,89359.402,6829503.663,26,34,2022-01-29,2025-12-07,22,2013-01-01,2026-10-03
46_FV55_S11,46,F,V,55,11,1,4640|4644,52,9914.408,9914.408,0.0,5973,79871.451,6816976.375,84526.699,6822996.141,51,67,2013-04-26,2026-07-26,40,2013-01-01,2026-10-03
46_FV55_S12,46,F,V,55,12,1,4640,26,4960.956,4960.956,0.0,5973,77336.07,6814103.6,79871.451,6817088.52,2,3,2023-06-27,2025-01-25,2,2013-01-01,2026-10-03
46_FV55_S13,46,F,V,55,13,1,4640,1,3.0,3.0,0.0,5973,47423.6,6816265.6,47426.1,6816266.6,0,0,,,0,2013-01-01,2026-10-03
46_FV55_S14,46,F,V,55,14,1,4640,33,8409.264,8409.264,0.0,5973,43420.37,6815817.7,47423.6,6818145.58,14,26,2014-12-18,2026-09-09,14,2013-01-01,2026-10-03
46_FV55_S15,46,F,V,55,15,1|10,4640,78,10480.036,10025.973,454.063,5973,44128.73,6807484.04,46230.754,6815817.7,1,1,2024-02-23,2024-02-23,1,2013-01-01,2026-10-03
46_FV55_S16,46,F,V,55,16,1,4640,35,8248.107,8248.107,0.0,5973,37177.678,6805546.66,44128.73,6807493.65,15,21,2021-02-24,2026-09-10,14,2013-01-01,2026-10-03
46_FV55_S17,46,F,V,55,17,1,4638|4640,35,10019.843,10019.843,0.0,5973,29812.477,6805759.42,37177.678,6810648.201,12,17,2022-12-22,2026-03-04,11,2013-01-01,2026-10-03
46_FV55_S18,46,F,V,55,18,1,4638,23,10830.009,10830.009,0.0,5973,25664.903,6810648.201,29812.477,6818038.285,13,20,2014-12-18,2026-09-21,12,2013-01-01,2026-10-03
46_FV55_S19,46,F,V,55,19,1,4638,38,9944.053,9944.053,0.0,5973,19007.607,6817088.211,25664.903,6820566.71,15,25,2022-08-24,2026-02-26,14,2013-01-01,2026-10-03
46_FV55_S20,46,F,V,55,20,1,4638,62,9898.137,9898.137,0.0,5973,10057.708,6814892.4,19007.607,6817088.211,25,36,2013-02-27,2026-02-08,23,2013-01-01,2026-10-03
46_FV55_S21,46,F,V,55,21,1,4638,59,9652.691,9652.691,0.0,5973,7358.41,6814971.39,10057.708,6820744.405,24,31,2013-05-06,2026-05-23,23,2013-01-01,2026-10-03
46_FV55_S5,46,F,V,55,5,1,4644,9,9989.542,9989.542,0.0,5973,118611.293,6840926.036,125779.242,6845074.361,0,0,,,0,2013-01-01,2026-10-03
46_FV55_S6,46,F,V,55,6,1,4644,28,10753.511,10753.511,0.0,5973,112740.27,6839558.69,118611.293,6840926.036,0,0,,,0,2013-01-01,2026-10-03
46_FV55_S7,46,F,V,55,7,1,4644,38,9236.532,9236.532,0.0,5973,106513.64,6838741.32,112842.814,6840562.42,8,12,2019-08-14,2026-08-05,8,2013-01-01,2026-10-03
46_FV55_S8,46,F,V,55,8,1,4644,35,10011.446,10011.446,0.0,5973,99034.713,6835461.73,106513.64,6840347.8,18,24,2016-08-05,2026-08-28,18,2013-01-01,2026-10-03
46_FV55_S9,46,F,V,55,9,1,4644,103,18184.509,18184.509,0.0,5973,88554.27,6829278.06,99034.713,6835698.37,42,57,2015-03-08,2026-08-21,39,2013-01-01,2026-10-03
46_FV5600_S1,46,F,V,5600,1,1,4639,26,7843.996,7843.996,0.0,5973,40998.466,6801766.02,46764.723,6803653.403,3,5,2020-04-30,2023-09-05,2,2013-01-01,2026-10-03
46_FV5600_S2,46,F,V,5600,2,1,4639,11,8529.0,8529.0,0.0,5973,36156.07,6795775.776,40998.466,6801887.2,48,92,2013-01-02,2026-09-16,45,2013-01-01,2026-10-03
46_FV5600_S3,46,F,V,5600,3,1,4639,54,9997.226,9997.226,0.0,5973,33058.11,6793842.67,36921.72,6796009.6,15,25,2014-02-23,2025-07-23,15,2013-01-01,2026-10-03
46_FV5601_S1,46,F,V,5601,1,1,4639,64,8251.751,8251.751,0.0,5973,46710.639,6795819.3,50382.3,6801613.943,1,2,2024-02-03,2024-02-03,1,2013-01-01,2026-10-03
46_FV5601_S2,46,F,V,5601,2,1,4639,22,3557.998,3557.998,0.0,5973,45744.91,6795518.079,48068.36,6797871.0,0,0,,,0,2013-01-01,2026-10-03
46_FV5602_S1,46,F,V,5602,1,1|10,4639,33,11032.599,7682.453,3350.146,5973,51097.801,6804902.37,56841.38,6811071.29,21,31,2017-12-23,2026-03-13,21,2013-01-01,2026-10-03
46_FV5602_S2,46,F,V,5602,2,1|10,4639,45,14051.157,10066.158,3984.999,5973,56480.89,6802803.77,63175.96,6807441.9,5,6,2021-12-15,2025-01-15,4,2013-01-01,2026-10-03
46_FV5602_S3,46,F,V,5602,3,1|10|20,4639,48,10910.002,7203.002,3707.0,5973,62607.5,6795419.0,65840.668,6802803.77,21,46,2018-09-15,2026-07-05,21,2013-01-01,2026-10-03
46_FV5603_S1,46,F,V,5603,1,1|10,4639,44,10343.998,9578.998,765.0,5973,64337.11,6793768.96,68400.25,6797670.73,0,0,,,0,2013-01-01,2026-10-03
46_FV5606_S1,46,F,V,5606,1,1,4640,11,5462.725,5462.725,0.0,5973,48570.96,6820241.14,49157.67,6825200.706,23,60,2013-01-04,2026-03-13,23,2013-01-01,2026-10-03
46_FV5609_S1,46,F,V,5609,1,1,4640,34,2597.578,2597.578,0.0,5973,62162.914,6810044.3,63261.3,6811303.972,0,0,,,0,2013-01-01,2026-10-03
46_FV560_S1,46,F,V,560,1,1,4626,95,10413.586,10413.586,0.0,5973,-48156.8,6722607.499,-46005.092,6731718.43,3,4,2023-11-02,2026-02-27,3,2013-01-01,2026-10-03
46_FV560_S2,46,F,V,560,2,1,4626,117,11853.042,11853.042,0.0,5973,-48899.49,6713133.14,-45805.69,6722607.499,8,10,2022-04-12,2026-02-21,8,2013-01-01,2026-10-03
46_FV560_S3,46,F,V,560,3,1,4626,67,5472.81,5472.81,0.0,5973,-45805.69,6713221.59,-43949.57,6716837.98,0,0,,,0,2013-01-01,2026-10-03
46_FV5610_S1,46,F,V,5610,1,1,4640,7,821.987,821.987,0.0,5973,59791.94,6811408.4,60522.36,6811533.37,0,0,,,0,2013-01-01,2026-10-03
46_FV5611_S1,46,F,V,5611,1,1,4640,7,1813.837,1813.837,0.0,5973,57401.32,6811133.53,58597.92,6811556.9,0,0,,,0,2013-01-01,2026-10-03
46_FV5613_S1,46,F,V,5613,1,1,4640,73,9971.975,9971.975,0.0,5973,72125.93,6814079.59,76386.29,6820936.257,0,0,,,0,2013-01-01,2026-10-03
46_FV5613_S2,46,F,V,5613,2,1,4640,60,8862.288,8862.288,0.0,5973,68330.5,6820936.257,72561.2,6827453.375,0,0,,,0,2013-01-01,2026-10-03
46_FV5614_S1,46,F,V,5614,1,1,4640,24,3605.932,3605.932,0.0,5973,72981.72,6814000.87,75647.6,6815432.8,0,0,,,0,2013-01-01,2026-10-03
46_FV5616_S1,46,F,V,5616,1,1,4640,17,10008.686,10008.686,0.0,5973,72419.088,6809026.105,80302.45,6811011.735,9,15,2017-05-31,2026-07-09,9,2013-01-01,2026-10-03
46_FV5616_S2,46,F,V,5616,2,1,4640,7,5432.693,5432.693,0.0,5973,68788.34,6805834.82,72419.088,6809026.105,7,9,2017-12-23,2026-05-10,7,2013-01-01,2026-10-03
46_FV5617_S1,46,F,V,5617,1,1,4640,33,6346.974,6346.974,0.0,5973,58775.55,6832583.1,61367.9,6837711.3,2,3,2013-10-07,2023-12-16,2,2013-01-01,2026-10-03
46_FV561_S1,46,F,V,561,1,1,4626,90,8563.869,8563.869,0.0,5973,-49565.0,6731742.33,-46049.86,6738592.5,2,2,2024-11-26,2025-01-14,2,2013-01-01,2026-10-03
46_FV561_S2,46,F,V,561,2,1,4626,10,4112.864,4112.864,0.0,5973,-50526.5,6738592.5,-49389.41,6742219.4,0,0,,,0,2013-01-01,2026-10-03
46_FV561_S3,46,F,V,561,3,1,4626,74,10488.557,10488.557,0.0,5973,-52789.102,6742219.4,-50526.5,6751445.526,0,0,,,0,2013-01-01,2026-10-03
46_FV561_S4,46,F,V,561,4,1,4626,89,10528.973,10528.973,0.0,5973,-55258.661,6751445.526,-52789.102,6760157.73,0,0,,,0,2013-01-01,2026-10-03
46_FV561_S5,46,F,V,561,5,1|30,4626,32,5930.739,2477.089,3453.65,5973,-56067.81,6760153.467,-54477.16,6763947.91,0,0,,,0,2013-01-01,2026-10-03
46_FV5623_S1,46,F,V,5623,1,1,4641,15,4700.158,4700.158,0.0,5973,57644.946,6776739.505,59842.465,6780673.19,48,113,2013-04-23,2026-05-05,45,2013-01-01,2026-10-03
46_FV5624_S1,46,F,V,5624,1,1,4641,12,816.806,816.806,0.0,5973,71791.539,6773032.637,72270.3,6773403.028,0,0,,,0,2013-01-01,2026-10-03
46_FV5625_S1,46,F,V,5625,1,1,4641,33,6295.554,6295.554,0.0,5973,76962.16,6777692.38,77684.596,6782690.019,38,63,2015-12-05,2026-09-20,38,2013-01-01,2026-10-03
46_FV5626_S1,46,F,V,5626,1,1,4641,23,6284.203,6284.203,0.0,5973,69788.113,6777614.065,72662.06,6782933.809,10,17,2014-10-29,2026-07-25,9,2013-01-01,2026-10-03
46_FV5627_S1,46,F,V,5627,1,1,4641,36,2809.317,2809.317,0.0,5973,76873.971,6776575.46,78036.44,6778453.077,1,2,2024-02-03,2024-02-03,1,2013-01-01,2026-10-03
46_FV5627_S2,46,F,V,5627,2,1,4641,23,10172.214,10172.214,0.0,5973,77435.541,6777598.012,80527.03,6779604.129,8,11,2022-09-20,2026-09-21,8,2013-01-01,2026-10-03
46_FV5627_S3,46,F,V,5627,3,1,4641,10,9842.475,9842.475,0.0,5973,80527.03,6778082.629,86767.74,6781046.76,0,0,,,0,2013-01-01,2026-10-03
46_FV5627_S4,46,F,V,5627,4,1,4641,10,11134.92,11134.92,0.0,5973,85177.72,6781046.76,86961.591,6790799.446,0,0,,,0,2013-01-01,2026-10-03
46_FV5627_S5,46,F,V,5627,5,1,4641|4642,19,12132.124,12132.124,0.0,5973,85180.489,6790799.446,92158.96,6797850.12,4,6,2021-06-10,2026-07-11,4,2013-01-01,2026-10-03
46_FV5627_S6,46,F,V,5627,6,1,4642,10,2662.123,2662.123,0.0,5973,92158.96,6797406.75,94286.23,6798095.18,2,3,2022-01-13,2023-08-08,2,2013-01-01,2026-10-03
46_FV5629_S1,46,F,V,5629,1,1,4642,19,3462.858,3462.858,0.0,5973,112654.51,6790599.21,114946.68,6792928.45,0,0,,,0,2013-01-01,2026-10-03
46_FV562_S1,46,F,V,562,1,1|10|80,4601|4627,165,13685.427,11232.078,2453.349,5973,-40342.0,6732980.05,-37773.91,6743150.848,8,9,2021-12-01,2026-09-29,8,2013-01-01,2026-10-03
46_FV562_S2,46,F,V,562,2,1|10|20,4627,138,15821.314,7233.901,8587.413,5973,-46038.54,6741393.76,-40342.0,6748330.99,3,4,2024-04-12,2024-12-11,3,2013-01-01,2026-10-03
46_FV5630_S1,46,F,V,5630,1,1,4642,50,7289.817,7289.817,0.0,5973,96769.73,6789416.67,102951.43,6792252.8,0,0,,,0,2013-01-01,2026-10-03
46_FV5631_S1,46,F,V,5631,1,1,4643,49,7025.305,7025.305,0.0,5973,115503.23,6818389.8,119638.672,6822252.417,10,13,2022-11-11,2025-12-31,10,2013-01-01,2026-10-03
46_FV5632_S1,46,F,V,5632,1,1,4643,15,5360.314,5360.314,0.0,5973,113434.162,6818786.919,114479.177,6821919.114,2,2,2020-09-15,2023-05-09,2,2013-01-01,2026-10-03
46_FV5633_S1,46,F,V,5633,1,1,4643,63,6522.471,6522.471,0.0,5973,106258.32,6810929.569,109349.746,6814211.354,6,9,2013-03-06,2026-05-23,6,2013-01-01,2026-10-03
46_FV5637_S1,46,F,V,5637,1,1,4644,22,10001.073,10001.073,0.0,5973,100153.98,6833395.242,106761.443,6839693.467,26,40,2016-12-30,2026-09-20,25,2013-01-01,2026-10-03
46_FV5637_S2,46,F,V,5637,2,1,4644,42,12239.352,12239.352,0.0,5973,93773.16,6824812.618,100176.16,6833395.242,10,13,2017-10-14,2026-08-03,10,2013-01-01,2026-10-03
46_FV5637_S3,46,F,V,5637,3,1|10,4644,16,9390.198,8340.712,1049.486,5973,88807.4,6819353.25,93922.02,6824812.618,11,15,2017-10-14,2025-11-30,9,2013-01-01,2026-10-03
46_FV5638_S1,46,F,V,5638,1,1,4644,24,6359.094,6359.094,0.0,5973,111312.11,6839768.957,114376.891,6844823.14,1,1,2017-10-02,2017-10-02,1,2013-01-01,2026-10-03
46_FV5639_S1,46,F,V,5639,1,1,4644,26,5721.587,5721.587,0.0,5973,106524.95,6839900.14,107667.4,6844884.21,2,4,2024-10-31,2024-11-01,2,2013-01-01,2026-10-03
46_FV563_S1,46,F,V,563,1,1|20|50,4627,221,10393.957,10231.286,162.671,5973,-37989.98,6736359.74,-35891.12,6744749.718,5,6,2013-02-27,2024-08-30,5,2013-01-01,2026-10-03
46_FV563_S2,46,F,V,563,2,1,4627,80,6455.467,6455.467,0.0,5973,-40405.2,6744749.718,-36559.4,6747597.83,2,2,2025-01-04,2026-06-11,2,2013-01-01,2026-10-03
46_FV5640_S1,46,F,V,5640,1,1,4644,27,3878.529,3878.529,0.0,5973,86389.33,6825777.86,88144.74,6828498.18,0,0,,,0,2013-01-01,2026-10-03
46_FV5641_S1,46,F,V,5641,1,1,4644,57,9996.403,9996.403,0.0,5973,78180.367,6822326.68,84420.818,6825921.255,10,17,2013-03-27,2026-09-08,10,2013-01-01,2026-10-03
46_FV5641_S2,46,F,V,5641,2,1,4644,17,10085.806,10085.806,0.0,5973,77730.469,6825921.255,79017.713,6834022.812,23,35,2014-11-05,2026-05-24,22,2013-01-01,2026-10-03
46_FV5641_S3,46,F,V,5641,3,1,4644,42,9996.368,9996.368,0.0,5973,76477.785,6834022.812,79590.98,6842278.152,21,30,2013-05-06,2026-03-17,20,2013-01-01,2026-10-03
46_FV5641_S4,46,F,V,5641,4,1,4644,29,4066.413,4066.413,0.0,5973,74181.719,6842278.152,76477.785,6845322.95,7,14,2013-04-15,2024-02-20,6,2013-01-01,2026-10-03
46_FV5642_S1,46,F,V,5642,1,1,4644,11,3177.817,3177.817,0.0,5973,83547.92,6820585.92,85401.4,6821461.87,0,0,,,0,2013-01-01,2026-10-03
46_FV564_S1,46,F,V,564,1,1|10|90,4631,103,10790.963,10442.797,348.166,5973,-41429.493,6748626.35,-33255.347,6752194.454,3,5,2023-09-24,2023-12-16,2,2013-01-01,2026-10-03
46_FV564_S2,46,F,V,564,2,1,4631,42,5383.359,5383.359,0.0,5973,-44058.518,6752194.454,-41429.493,6756037.46,2,2,2025-01-13,2026-01-20,2,2013-01-01,2026-10-03
46_FV5650_S1,46,F,V,5650,1,1,4637,44,8408.964,8408.964,0.0,5973,-27268.67,6818993.33,-20673.227,6820800.15,2,5,2023-10-03,2023-12-14,2,2013-01-01,2026-10-03
46_FV5651_S1,46,F,V,5651,1,1|10,4637,7,4088.801,4088.801,0.0,5973,-22897.46,6814373.6,-21546.4,6817071.27,0,0,,,0,2013-01-01,2026-10-03
46_FV5653_S1,46,F,V,5653,1,1,4638,30,9814.104,9814.104,0.0,5973,-13700.2,6811699.99,-10747.087,6817715.17,10,15,2015-10-24,2025-09-13,10,2013-01-01,2026-10-03
46_FV5653_S2,46,F,V,5653,2,1,4637|4638,24,3641.124,3641.124,0.0,5973,-16582.38,6817715.17,-13700.2,6818653.88,3,4,2022-12-21,2024-10-27,3,2013-01-01,2026-10-03
46_FV5654_S1,46,F,V,5654,1,1,4637,16,3331.032,3331.032,0.0,5973,-18406.69,6818906.0,-16105.6,6820275.18,0,0,,,0,2013-01-01,2026-10-03
46_FV5655_S1,46,F,V,5655,1,1,4637,61,10037.372,10037.372,0.0,5973,-29715.36,6827134.87,-24770.34,6831539.627,0,0,,,0,2013-01-01,2026-10-03
46_FV5655_S2,46,F,V,5655,2,1,4637,25,6572.093,6572.093,0.0,5973,-34199.5,6830231.56,-29395.25,6831817.63,0,0,,,0,2013-01-01,2026-10-03
46_FV5655_S3,46,F,V,5655,3,1|10|20|30|40,4645|4646,72,44289.316,10031.437,34257.879,5973,-48028.59,6831265.71,-28456.183,6842456.5,0,0,,,0,2013-01-01,2026-10-03
46_FV5655_S4,46,F,V,5655,4,1,4646,24,4183.958,4183.958,0.0,5973,-28456.183,6834973.05,-25050.92,6836147.12,0,0,,,0,2013-01-01,2026-10-03
46_FV5658_S1,46,F,V,5658,1,1,4645,18,1909.008,1909.008,0.0,5973,-27831.02,6840201.09,-27224.28,6841884.97,0,0,,,0,2013-01-01,2026-10-03
46_FV5658_S2,46,F,V,5658,2,1,4645,51,6134.394,6134.394,0.0,5973,-27224.28,6839465.67,-23338.63,6842271.66,0,0,,,0,2013-01-01,2026-10-03
46_FV5659_S1,46,F,V,5659,1,1,4645,51,8631.679,8631.679,0.0,5973,-31364.68,6841877.38,-28608.3,6847829.9,1,1,2023-12-13,2023-12-13,1,2013-01-01,2026-10-03
46_FV565_S1,46,F,V,565,1,1,4631,93,10009.144,10009.144,0.0,5973,-36804.2,6753051.084,-32194.211,6760994.016,4,5,2022-04-05,2026-02-27,4,2013-01-01,2026-10-03
46_FV565_S2,46,F,V,565,2,1|10|20,4631,147,22059.5,13706.398,8353.102,5973,-44176.36,6760994.016,-36804.2,6771197.882,2,2,2014-10-28,2026-03-02,2,2013-01-01,2026-10-03
46_FV565_S3,46,F,V,565,3,1,4631|4632,32,6504.013,6504.013,0.0,5973,-46168.79,6771197.15,-44194.737,6777152.05,0,0,,,0,2013-01-01,2026-10-03
46_FV565_S4,46,F,V,565,4,1,4632,38,3268.381,3268.381,0.0,5973,-47989.9,6777152.05,-45958.11,6779117.083,0,0,,,0,2013-01-01,2026-10-03
46_FV565_S5,46,F,V,565,5,1,4632,89,10619.081,10619.081,0.0,5973,-47890.832,6779117.083,-43832.0,6783091.26,0,0,,,0,2013-01-01,2026-10-03
46_FV565_S6,46,F,V,565,6,1,4632,14,1427.056,1427.056,0.0,5973,-43832.0,6782123.68,-42582.43,6782626.95,0,0,,,0,2013-01-01,2026-10-03
46_FV5660_S1,46,F,V,5660,1,1|10,4645,80,12888.629,12450.361,438.268,5973,-39370.21,6839805.32,-32585.7,6844337.98,1,1,2025-01-10,2025-01-10,1,2013-01-01,2026-10-03
46_FV5660_S2,46,F,V,5660,2,1,4645,20,6679.648,6679.648,0.0,5973,-33831.67,6842459.305,-31957.21,6846243.0,2,2,2023-09-10,2026-01-15,2,2013-01-01,2026-10-03
46_FV5661_S1,46,F,V,5661,1,1,4645,45,12727.632,12727.632,0.0,5973,-33388.34,6848963.62,-23343.66,6850884.75,0,0,,,0,2013-01-01,2026-10-03
46_FV5662_S1,46,F,V,5662,1,1,4645,3,20204.745,20204.745,0.0,5973,-48028.59,6838590.8,-29756.8,6841730.18,0,0,,,0,2013-01-01,2026-10-03
46_FV5662_S2,46,F,V,5662,2,1,4645,5,277.458,277.458,0.0,5973,-48300.0,6839850.26,-48028.59,6839890.34,0,0,,,0,2013-01-01,2026-10-03
46_FV5663_S1,46,F,V,5663,1,1|10|20|30,4645,61,9205.056,8307.257,897.799,5973,-54962.8,6838705.1,-49763.9,6840804.98,0,0,,,0,2013-01-01,2026-10-03
46_FV5664_S1,46,F,V,5664,1,1|10|20,4645,27,2010.736,1610.582,400.154,5973,-54587.25,6838263.15,-54037.3,6839179.62,0,0,,,0,2013-01-01,2026-10-03
46_FV5665_S1,46,F,V,5665,1,1|10,4645,29,5946.017,5753.087,192.93,5973,-15371.34,6849428.96,-13394.27,6852374.79,0,0,,,0,2013-01-01,2026-10-03
46_FV566_S1,46,F,V,566,1,1,4601|4630,58,11042.807,11042.807,0.0,5973,-21940.01,6735934.2,-18611.067,6745455.54,18,22,2023-06-03,2026-03-12,16,2013-01-01,2026-10-03
46_FV5670_S1,46,F,V,5670,1,1,4646,18,4286.465,4286.465,0.0,5973,-22881.0,6839914.2,-19244.27,6840776.29,8,11,2021-12-14,2026-06-20,8,2013-01-01,2026-10-03
46_FV5671_S1,46,F,V,5671,1,1,4646,29,8084.323,8084.323,0.0,5973,-11734.12,6834649.87,-6882.67,6838064.74,1,1,2021-12-13,2021-12-13,1,2013-01-01,2026-10-03
46_FV5672_S1,46,F,V,5672,1,1,4646,6,2908.517,2908.517,0.0,5973,-14104.23,6828780.04,-11394.77,6829150.76,0,0,,,0,2013-01-01,2026-10-03
46_FV5673_S1,46,F,V,5673,1,1,4647,31,4260.996,4260.996,0.0,5973,22352.253,6832454.196,25896.619,6834330.551,7,9,2023-01-11,2026-03-12,6,2013-01-01,2026-10-03
46_FV5674_S1,46,F,V,5674,1,1,4647,10,2876.538,2876.538,0.0,5973,15956.7,6832602.137,18194.292,6833715.211,0,0,,,0,2013-01-01,2026-10-03
46_FV5675_S1,46,F,V,5675,1,1,4647,35,7302.438,7302.438,0.0,5973,11697.9,6832223.67,16196.56,6834968.87,1,1,2018-10-13,2018-10-13,1,2013-01-01,2026-10-03
46_FV5676_S1,46,F,V,5676,1,1,4647,24,6545.98,6545.98,0.0,5973,3147.037,6838456.505,6604.174,6840770.805,16,21,2021-12-13,2026-02-27,15,2013-01-01,2026-10-03
46_FV5678_S1,46,F,V,5678,1,1,4647,37,5040.628,5040.628,0.0,5973,-1921.63,6840280.0,1685.786,6841392.674,1,2,2025-03-05,2025-03-05,1,2013-01-01,2026-10-03
46_FV5678_S2,46,F,V,5678,2,1,4647,46,7185.92,7185.92,0.0,5973,-8482.891,6841270.67,-1921.63,6842504.158,1,2,2024-12-15,2024-12-15,1,2013-01-01,2026-10-03
46_FV567_S1,46,F,V,567,1,1,4601,26,2039.098,2039.098,0.0,5973,-27502.166,6744378.974,-26257.3,6745128.0,0,0,,,0,2013-01-01,2026-10-03
46_FV567_S2,46,F,V,567,2,1,4601|4630,2,2279.685,2279.685,0.0,5973,-26257.3,6744523.8,-24525.732,6745930.525,0,0,,,0,2013-01-01,2026-10-03
46_FV567_S3,46,F,V,567,3,1,4630,104,10352.985,10352.985,0.0,5973,-24525.732,6745480.34,-20409.05,6750334.311,4,5,2015-04-02,2025-04-12,4,2013-01-01,2026-10-03
46_FV567_S4,46,F,V,567,4,1|10|20,4630,106,11069.801,10784.007,285.794,5973,-21878.25,6750334.311,-17893.252,6756082.293,10,15,2021-12-19,2026-05-30,10,2013-01-01,2026-10-03
46_FV567_S5,46,F,V,567,5,1,4630,64,6819.772,6819.772,0.0,5973,-17893.252,6754505.702,-13986.6,6757425.059,0,0,,,0,2013-01-01,2026-10-03
46_FV5682_S1,46,F,V,5682,1,1,4647,50,7017.201,7017.201,0.0,5973,13664.637,6840694.671,17218.903,6844439.197,0,0,,,0,2013-01-01,2026-10-03
46_FV5683_S1,46,F,V,5683,1,1,4647,64,13865.119,13865.119,0.0,5973,32595.664,6838249.392,44594.526,6840254.268,6,8,2022-02-26,2026-08-10,6,2013-01-01,2026-10-03
46_FV5684_S1,46,F,V,5684,1,1,4647,45,6825.749,5.085,6820.664,5973,15518.396,6847895.9,20876.77,6850799.07,1,1,2025-03-05,2025-03-05,1,2013-01-01,2026-10-03
46_FV5685_S1,46,F,V,5685,1,1,4647,22,7063.066,7063.066,0.0,5973,6570.49,6849402.762,10895.652,6852793.065,5,6,2023-05-01,2026-05-26,5,2013-01-01,2026-10-03
46_FV5688_S1,46,F,V,5688,1,1,4647,47,5701.141,5701.141,0.0,5973,34694.35,6853118.55,36734.058,6855166.774,0,0,,,0,2013-01-01,2026-10-03
46_FV5689_S1,46,F,V,5689,1,1,4647,68,13843.071,13843.071,0.0,5973,51586.131,6857429.1,63045.258,6860263.92,0,0,,,0,2013-01-01,2026-10-03
46_FV568_S1,46,F,V,568,1,1,4632,33,6839.351,6839.351,0.0,5973,-52149.245,6779102.44,-47934.8,6782453.43,0,0,,,0,2013-01-01,2026-10-03
46_FV568_S2,46,F,V,568,2,1,4632|4633,5,7974.819,7974.819,0.0,5973,-58903.73,6782063.0,-52149.245,6783336.0,0,0,,,0,2013-01-01,2026-10-03
46_FV568_S3,46,F,V,568,3,1,4633,1,39.629,39.629,0.0,5973,-58528.76,6782423.5,-58527.3,6782462.65,0,0,,,0,2013-01-01,2026-10-03
46_FV5690_S1,46,F,V,5690,1,1,4647,47,10022.316,10022.316,0.0,5973,27832.321,6849745.499,36951.458,6851528.027,4,7,2016-12-08,2020-11-18,4,2013-01-01,2026-10-03
46_FV5690_S2,46,F,V,5690,2,1,4647,45,10014.107,10014.107,0.0,5973,36951.458,6850650.496,45733.94,6853848.39,1,2,2026-08-09,2026-08-09,1,2013-01-01,2026-10-03
46_FV5690_S3,46,F,V,5690,3,1,4647,20,2635.893,2635.893,0.0,5973,45733.94,6853553.64,47683.668,6854363.14,1,2,2025-03-05,2025-03-05,1,2013-01-01,2026-10-03
46_FV5691_S1,46,F,V,5691,1,1,4647,34,5206.198,5206.198,0.0,5973,7686.77,6855760.333,11471.3,6858441.8,3,3,2023-12-17,2025-01-19,3,2013-01-01,2026-10-03
46_FV5691_S2,46,F,V,5691,2,1,4647,50,10030.64,10030.64,0.0,5973,11471.3,6858441.8,19074.014,6861254.394,3,5,2024-08-10,2026-02-02,3,2013-01-01,2026-10-03
46_FV5691_S3,46,F,V,5691,3,1,4647,29,5982.79,5982.79,0.0,5973,19074.014,6860406.806,23210.986,6862541.014,2,3,2023-09-05,2023-09-05,1,2013-01-01,2026-10-03
46_FV5692_S1,46,F,V,5692,1,1,4647,29,4540.824,4540.824,0.0,5973,9341.237,6855180.822,12608.103,6857091.107,0,0,,,0,2013-01-01,2026-10-03
46_FV5693_S1,46,F,V,5693,1,1,4647,21,3975.866,3975.866,0.0,5973,9548.035,6856918.596,11696.248,6858859.534,0,0,,,0,2013-01-01,2026-10-03
46_FV5694_S1,46,F,V,5694,1,1,4647,34,5342.185,5342.185,0.0,5973,10434.9,6857973.679,11519.255,6861638.253,0,0,,,0,2013-01-01,2026-10-03
46_FV5696_S1,46,F,V,5696,1,1,4602,37,11534.084,11534.084,0.0,5973,-8315.036,6859100.498,-3361.98,6864100.085,4,5,2013-04-02,2025-03-06,4,2013-01-01,2026-10-03
46_FV5697_S1,46,F,V,5697,1,1|10|20,4602,74,19302.402,13225.429,6076.973,5973,-18382.745,6863631.753,-9904.317,6868428.086,4,6,2016-11-04,2026-03-08,4,2013-01-01,2026-10-03
46_FV5698_S1,46,F,V,5698,1,1,4602,8,1890.49,1890.49,0.0,5973,-11071.813,6871981.431,-9447.11,6872402.106,0,0,,,0,2013-01-01,2026-10-03
46_FV5698_S2,46,F,V,5698,2,1,4602,70,10011.511,10011.511,0.0,5973,-9447.11,6872010.936,-108.246,6872990.808,3,3,2020-03-20,2026-01-21,3,2013-01-01,2026-10-03
46_FV5698_S3,46,F,V,5698,3,1,4602,27,8536.41,8536.41,0.0,5973,-108.246,6872817.077,3665.549,6876219.148,1,2,2023-12-16,2023-12-16,1,2013-01-01,2026-10-03
46_FV5699_S1,46,F,V,5699,1,1,4602,40,9245.303,9245.303,0.0,5973,-26697.986,6861775.755,-19927.202,6866060.292,0,0,,,0,2013-01-01,2026-10-03
46_FV569_S1,46,F,V,569,1,1,4628,72,12007.926,12007.926,0.0,5973,-4940.19,6754611.669,-609.07,6762038.891,19,23,2015-05-19,2026-06-04,18,2013-01-01,2026-10-03
46_FV569_S2,46,F,V,569,2,1,4628,52,8870.327,8870.327,0.0,5973,-4924.47,6762038.891,-595.89,6768596.74,17,23,2021-03-12,2026-02-28,17,2013-01-01,2026-10-03
46_FV569_S3,46,F,V,569,3,1,4628,15,7455.52,7455.52,0.0,5973,-723.09,6768596.74,2243.351,6773584.811,4,6,2021-02-20,2025-02-04,4,2013-01-01,2026-10-03
46_FV569_S4,46,F,V,569,4,1|10,4628|4629,45,10211.643,9537.291,674.352,5973,-1987.201,6773584.811,2438.1,6777605.76,7,12,2016-09-08,2026-03-04,7,2013-01-01,2026-10-03
46_FV569_S5,46,F,V,569,5,1,4629|4631,37,11309.226,11309.226,0.0,5973,-9578.5,6769526.0,-1987.201,6775278.161,13,19,2017-06-09,2026-05-20,13,2013-01-01,2026-10-03
46_FV5704_S1,46,F,V,5704,1,1,4602,88,5960.024,5960.024,0.0,5973,-27104.3,6869061.148,-21918.961,6870057.6,0,0,,,0,2013-01-01,2026-10-03
46_FV5706_S1,46,F,V,5706,1,1,4648,72,5105.327,5105.327,0.0,5973,-30164.41,6896951.115,-25578.266,6897927.3,0,0,,,0,2013-01-01,2026-10-03
46_FV570_S1,46,F,V,570,1,1,4631|4634,35,8453.218,8453.218,0.0,5973,-22448.57,6763105.707,-18737.755,6769881.34,9,14,2017-12-02,2026-02-25,9,2013-01-01,2026-10-03
46_FV570_S2,46,F,V,570,2,1,4634,95,10385.935,10385.935,0.0,5973,-26031.27,6769881.34,-22066.378,6775524.9,0,0,,,0,2013-01-01,2026-10-03
46_FV570_S3,46,F,V,570,3,1|10,4634,72,8824.852,8766.669,58.183,5973,-28709.869,6774061.089,-26031.27,6779643.69,0,0,,,0,2013-01-01,2026-10-03
46_FV570_S4,46,F,V,570,4,1,4634,1,755.0,755.0,0.0,5973,-26348.1,6779616.4,-26019.6,6780325.6,0,0,,,0,2013-01-01,2026-10-03
46_FV570_S5,46,F,V,570,5,1|10,4634,17,2860.36,2733.486,126.874,5973,-26181.68,6780325.6,-25545.925,6782807.527,0,0,,,0,2013-01-01,2026-10-03
46_FV570_S6,46,F,V,570,6,1,4634,62,11870.383,11870.383,0.0,5973,-34560.396,6782807.527,-25567.729,6785997.842,0,0,,,0,2013-01-01,2026-10-03
46_FV570_S7,46,F,V,570,7,1,4635,7,1792.961,1792.961,0.0,5973,-35756.539,6785935.735,-34560.396,6787055.186,0,0,,,0,2013-01-01,2026-10-03
46_FV5710_S1,46,F,V,5710,1,1,4648,33,8038.214,8038.214,0.0,5973,-16908.37,6886777.782,-10511.59,6888081.886,5,13,2014-10-27,2025-03-25,5,2013-01-01,2026-10-03
46_FV5711_S1,46,F,V,5711,1,1,4648,31,9994.918,9994.918,0.0,5973,-20483.477,6880286.804,-16673.132,6884941.355,0,0,,,0,2013-01-01,2026-10-03
46_FV5711_S2,46,F,V,5711,2,1,4648,14,4749.872,4749.872,0.0,5973,-21610.611,6881064.61,-20483.477,6884841.692,0,0,,,0,2013-01-01,2026-10-03
46_FV5711_S3,46,F,V,5711,3,1,4648,30,13019.697,13019.697,0.0,5973,-27715.775,6881191.634,-21195.047,6887547.651,0,0,,,0,2013-01-01,2026-10-03
46_FV5711_S4,46,F,V,5711,4,1,4602|4648,35,9930.482,9930.482,0.0,5973,-29197.5,6879429.31,-26555.803,6884762.295,0,0,,,0,2013-01-01,2026-10-03
46_FV5711_S5,46,F,V,5711,5,1,4602,24,5889.513,5889.513,0.0,5973,-29310.807,6874347.268,-27762.963,6879429.31,0,0,,,0,2013-01-01,2026-10-03
46_FV5712_S1,46,F,V,5712,1,1,4648,8,5247.513,5247.513,0.0,5973,-17907.59,6895760.071,-16492.538,6899453.8,1,2,2025-09-20,2025-09-20,1,2013-01-01,2026-10-03
46_FV5714_S1,46,F,V,5714,1,1|10,4602,13,6512.537,6216.002,296.535,5973,-22020.74,6902909.9,-18038.3,6905378.51,0,0,,,0,2013-01-01,2026-10-03
46_FV5715_S1,46,F,V,5715,1,1,4602,55,9504.153,9504.153,0.0,5973,-20911.59,6905361.4,-17640.61,6910828.968,9,14,2020-02-24,2026-01-14,9,2013-01-01,2026-10-03
46_FV5716_S1,46,F,V,5716,1,1,4602,37,5652.25,5652.25,0.0,5973,-20000.41,6911596.0,-15364.5,6912936.7,6,9,2023-03-24,2024-08-09,6,2013-01-01,2026-10-03
46_FV5716_S2,46,F,V,5716,2,1,4602,27,9618.91,9618.91,0.0,5973,-22038.5,6912936.7,-20000.41,6917485.19,1,2,2020-09-16,2020-09-16,1,2013-01-01,2026-10-03
46_FV5717_S1,46,F,V,5717,1,1,4602,67,10954.878,10954.878,0.0,5973,-17638.41,6911807.3,-14371.09,6915225.59,4,6,2022-12-13,2026-08-09,3,2013-01-01,2026-10-03
46_FV5718_S1,46,F,V,5718,1,1,4602,57,9487.039,9487.039,0.0,5973,-16355.3,6905121.22,-12574.577,6911706.3,2,4,2023-08-14,2023-12-16,2,2013-01-01,2026-10-03
46_FV571_S1,46,F,V,571,1,1,4634,34,10563.125,10563.125,0.0,5973,-25571.312,6782845.663,-18976.528,6788507.846,7,10,2023-08-16,2025-06-18,7,2013-01-01,2026-10-03
46_FV571_S2,46,F,V,571,2,1|10,4634,38,9102.51,7402.555,1699.955,5973,-18976.528,6788298.258,-14230.33,6791591.995,0,0,,,0,2013-01-01,2026-10-03
46_FV571_S3,46,F,V,571,3,1,4635,8,1520.03,1520.03,0.0,5973,-14261.049,6791591.995,-13730.651,6792922.385,0,0,,,0,2013-01-01,2026-10-03
46_FV5720_S1,46,F,V,5720,1,1,4651,14,3851.582,3851.582,0.0,5973,85844.6,6887773.22,87649.325,6890086.0,4,6,2018-04-16,2025-05-07,4,2013-01-01,2026-10-03
46_FV5721_S1,46,F,V,5721,1,1,4651,8,1330.049,1330.049,0.0,5973,60195.508,6890225.417,61424.52,6890507.94,0,0,,,0,2013-01-01,2026-10-03
46_FV5722_S1,46,F,V,5722,1,1|10|20,4651,79,14648.437,10215.881,4432.556,5973,74505.68,6893557.18,82940.52,6895135.72,3,4,2016-12-08,2024-02-22,3,2013-01-01,2026-10-03
46_FV5723_S1,46,F,V,5723,1,1,4651,53,10016.142,10016.142,0.0,5973,71916.4,6880555.882,78243.73,6886897.9,4,7,2023-02-01,2025-03-06,4,2013-01-01,2026-10-03
46_FV5723_S2,46,F,V,5723,2,1,4651,14,4299.966,4299.966,0.0,5973,78243.73,6877054.02,79617.07,6880555.882,4,7,2018-02-15,2025-08-06,4,2013-01-01,2026-10-03
46_FV5724_S1,46,F,V,5724,1,1,4651,54,9972.727,9972.727,0.0,5973,68660.449,6874343.15,70225.66,6883031.815,3,11,2020-11-21,2025-03-05,3,2013-01-01,2026-10-03
46_FV5724_S2,46,F,V,5724,2,1,4651,78,12578.14,12578.14,0.0,5973,66917.6,6863872.311,68660.449,6874458.18,9,12,2013-11-15,2026-03-11,9,2013-01-01,2026-10-03
46_FV5725_S1,46,F,V,5725,1,1,4651,41,9377.15,9377.15,0.0,5973,45664.491,6881709.22,53903.303,6885189.716,2,2,2025-01-14,2025-01-15,2,2013-01-01,2026-10-03
46_FV572_S1,46,F,V,572,1,1|10|20,4620,46,9628.657,9620.657,8.0,5973,55279.383,6733711.9,57630.23,6741907.26,21,33,2015-07-27,2025-01-18,18,2013-01-01,2026-10-03
46_FV572_S2,46,F,V,572,2,1,4620,16,4616.054,4616.054,0.0,5973,51516.62,6733065.34,55296.22,6733882.57,11,12,2021-12-12,2026-05-15,11,2013-01-01,2026-10-03
46_FV5730_S1,46,F,V,5730,1,1|10,4650,54,12919.363,10486.788,2432.575,5973,19878.35,6869633.88,21703.24,6877725.539,6,11,2015-12-06,2023-12-16,5,2013-01-01,2026-10-03
46_FV5731_S1,46,F,V,5731,1,1,4650,67,8236.519,8236.519,0.0,5973,32730.695,6880734.456,37617.458,6886558.7,1,1,2025-06-21,2025-06-21,1,2013-01-01,2026-10-03
46_FV5732_S1,46,F,V,5732,1,1|10,4650,60,7701.774,6733.315,968.459,5973,31318.0,6879376.4,35510.105,6882423.46,0,0,,,0,2013-01-01,2026-10-03
46_FV5733_S1,46,F,V,5733,1,1,4650,37,5634.243,5634.243,0.0,5973,36618.449,6876910.51,40486.194,6879915.322,0,0,,,0,2013-01-01,2026-10-03
46_FV5733_S2,46,F,V,5733,2,1,4650,37,13079.358,13079.358,0.0,5973,40353.17,6867910.99,45421.6,6877348.781,2,3,2023-12-17,2025-03-05,2,2013-01-01,2026-10-03
46_FV5734_S1,46,F,V,5734,1,1,4650,50,7957.892,7957.892,0.0,5973,46117.895,6867904.66,47220.74,6874955.0,7,9,2020-11-18,2026-03-13,7,2013-01-01,2026-10-03
46_FV5735_S1,46,F,V,5735,1,1|10,4650,48,6163.419,6035.196,128.223,5973,47154.97,6872645.98,52454.1,6874413.58,0,0,,,0,2013-01-01,2026-10-03
46_FV5736_S1,46,F,V,5736,1,1,4650,23,4203.409,4203.409,0.0,5973,46344.61,6875169.829,50031.435,6875570.82,0,0,,,0,2013-01-01,2026-10-03
46_FV5738_S1,46,F,V,5738,1,1,4650,47,8916.034,8916.034,0.0,5973,52375.75,6870474.78,57727.08,6874670.72,0,0,,,0,2013-01-01,2026-10-03
46_FV573_S1,46,F,V,573,1,1|10,4601,83,5257.724,5257.724,0.0,5973,-38827.09,6719928.8,-36986.7,6723329.1,1,1,2023-09-03,2023-09-03,1,2013-01-01,2026-10-03
46_FV5742_S1,46,F,V,5742,1,1,4649,16,9038.693,9038.693,0.0,5973,31733.7,6888919.98,39243.72,6891295.6,11,17,2016-08-09,2026-03-09,11,2013-01-01,2026-10-03
46_FV5742_S2,46,F,V,5742,2,1,4649|4651,5,5045.335,5045.335,0.0,5973,39243.72,6889940.48,44103.1,6890310.2,1,1,2024-01-27,2024-01-27,1,2013-01-01,2026-10-03
46_FV5742_S3,46,F,V,5742,3,1|10,4651,19,3241.195,2560.664,680.531,5973,44079.81,6889129.0,46029.9,6890506.53,0,0,,,0,2013-01-01,2026-10-03
46_FV5742_S4,46,F,V,5742,4,1,4651,10,3309.151,3309.151,0.0,5973,45913.7,6887357.41,47118.07,6889244.17,1,1,2026-02-03,2026-02-03,1,2013-01-01,2026-10-03
46_FV5742_S5,46,F,V,5742,5,1|10,4651,78,12708.332,11680.294,1028.038,5973,47118.07,6885119.04,55508.12,6888277.3,2,4,2024-07-08,2024-10-08,2,2013-01-01,2026-10-03
46_FV5742_S6,46,F,V,5742,6,1,4651,21,5426.568,5426.568,0.0,5973,55480.7,6888277.3,59857.37,6890819.77,0,0,,,0,2013-01-01,2026-10-03
46_FV5744_S1,46,F,V,5744,1,1,4649,24,10000.233,10000.233,0.0,5973,33135.511,6896516.61,41502.89,6897980.32,1,1,2023-12-17,2023-12-17,1,2013-01-01,2026-10-03
46_FV5744_S2,46,F,V,5744,2,1,4649,25,9626.815,9626.815,0.0,5973,41502.89,6897535.63,49948.4,6900414.07,10,14,2016-03-14,2025-07-02,10,2013-01-01,2026-10-03
46_FV5745_S1,46,F,V,5745,1,1,4649,38,5305.859,5305.859,0.0,5973,28437.69,6896138.57,33302.709,6896836.48,0,0,,,0,2013-01-01,2026-10-03
46_FV5746_S1,46,F,V,5746,1,1,4649,80,19964.679,19964.679,0.0,5973,14142.9,6893741.557,27871.0,6897238.36,14,23,2014-10-26,2026-08-09,13,2013-01-01,2026-10-03
46_FV5747_S1,46,F,V,5747,1,1,4649,22,3088.842,3088.842,0.0,5973,22646.49,6899319.04,23568.91,6901849.13,0,0,,,0,2013-01-01,2026-10-03
46_FV5747_S2,46,F,V,5747,2,1|10,4649,91,12948.804,12662.477,286.327,5973,14140.2,6899508.21,23553.89,6901850.26,0,0,,,0,2013-01-01,2026-10-03
46_FV574_S1,46,F,V,574,1,1,4601,20,1049.607,1049.607,0.0,5973,-36156.248,6727253.305,-35824.7,6728210.239,0,0,,,0,2013-01-01,2026-10-03
46_FV574_S2,46,F,V,574,2,1,4601,55,3677.142,3677.142,0.0,5973,-37097.59,6728238.993,-36180.421,6731458.2,2,2,2023-09-21,2024-07-01,2,2013-01-01,2026-10-03
46_FV5750_S1,46,F,V,5750,1,1,4649,36,13256.442,13256.442,0.0,5973,-10914.078,6925538.267,-4527.652,6933642.425,3,5,2016-01-24,2026-02-25,3,2013-01-01,2026-10-03
46_FV5750_S2,46,F,V,5750,2,1,4649,18,3711.602,3711.602,0.0,5973,-10613.664,6933642.425,-8329.26,6934674.01,2,6,2014-11-01,2019-08-30,2,2013-01-01,2026-10-03
46_FV5751_S1,46,F,V,5751,1,1,4649,45,5984.317,5984.317,0.0,5973,-4382.901,6925216.327,-2995.47,6929271.817,0,0,,,0,2013-01-01,2026-10-03
46_FV5752_S1,46,F,V,5752,1,1,4649,20,4571.639,4571.639,0.0,5973,-4853.089,6916718.7,-3233.63,6920595.298,1,1,2024-05-27,2024-05-27,1,2013-01-01,2026-10-03
46_FV5753_S1,46,F,V,5753,1,1,4649,29,13451.966,13451.966,0.0,5973,-11885.021,6923848.227,-3923.122,6927570.372,1,2,2025-08-01,2025-08-01,1,2013-01-01,2026-10-03
46_FV575_S1,46,F,V,575,1,1,4617,56,9419.723,9419.723,0.0,5973,-15851.994,6686459.808,-12536.156,6691827.33,1,2,2026-06-09,2026-06-09,1,2013-01-01,2026-10-03
46_FV575_S2,46,F,V,575,2,1,4617,74,10937.17,10937.17,0.0,5973,-12536.156,6687079.297,-4747.294,6692886.969,2,3,2013-11-27,2026-07-25,2,2013-01-01,2026-10-03
46_FV576_S1,46,F,V,576,1,1,4622,46,10127.492,10127.492,0.0,5973,-3466.745,6704417.85,2333.67,6710975.33,22,34,2021-10-25,2026-09-08,19,2013-01-01,2026-10-03
46_FV576_S2,46,F,V,576,2,1,4622,112,9817.172,9817.172,0.0,5973,2333.67,6710975.33,7220.02,6715730.25,3,4,2022-02-04,2023-09-11,3,2013-01-01,2026-10-03
46_FV576_S3,46,F,V,576,3,1,4622,53,9900.008,9900.008,0.0,5973,7220.02,6712679.84,13045.86,6717696.19,8,11,2023-06-18,2026-08-16,7,2013-01-01,2026-10-03
46_FV577_S1,46,F,V,577,1,1|10,4601,98,3794.924,3727.814,67.11,5973,-32334.386,6734011.154,-31483.91,6736717.5,0,0,,,0,2013-01-01,2026-10-03
46_FV578_S1,46,F,V,578,1,1|10|20,4601,201,11106.116,9855.714,1250.402,5973,-33475.5,6737986.1,-30487.8,6742650.3,3,3,2022-05-14,2025-03-15,3,2013-01-01,2026-10-03
46_FV578_S2,46,F,V,578,2,1,4601,19,734.898,734.898,0.0,5973,-30651.18,6742650.3,-30263.318,6743275.364,0,0,,,0,2013-01-01,2026-10-03
46_FV578_S3,46,F,V,578,3,1,4601,39,1229.159,1229.159,0.0,5973,-30241.634,6743220.78,-29056.205,6743430.0,0,0,,,0,2013-01-01,2026-10-03
46_FV5794_S2,46,F,V,5794,2,1,4649,23,6647.436,6647.436,0.0,5973,41281.29,6897771.472,44635.589,6901836.034,0,0,,,0,2013-01-01,2026-10-03
46_FV579_S1,46,F,V,579,1,1|10,4623,60,10181.569,9647.922,533.647,5973,-16850.4,6723881.1,-12905.41,6731743.8,6,8,2022-07-03,2026-02-26,6,2013-01-01,2026-10-03
46_FV579_S2,46,F,V,579,2,1,4623,15,3573.706,3573.706,0.0,5973,-17835.0,6720500.4,-16850.4,6723881.1,1,1,2018-03-08,2018-03-08,1,2013-01-01,2026-10-03
46_FV579_S3,46,F,V,579,3,1,4624,17,4418.752,4418.752,0.0,5973,-21053.354,6717838.11,-17835.0,6720500.4,2,2,2021-12-12,2025-02-10,2,2013-01-01,2026-10-03
46_FV579_S4,46,F,V,579,4,1,4624,77,10144.307,10144.307,0.0,5973,-26433.05,6710749.4,-20972.11,6717949.395,18,22,2014-07-19,2026-03-12,17,2013-01-01,2026-10-03
46_FV57_S1,46,F,V,57,1,1,4631,82,9191.051,9191.051,0.0,5973,-32304.39,6751562.1,-29789.7,6759617.8,7,7,2023-07-30,2026-01-18,7,2013-01-01,2026-10-03
46_FV57_S10,46,F,V,57,10,1|10,4635,13,5163.655,5133.345,30.31,5973,-29181.243,6806208.741,-27981.022,6810776.2,0,0,,,0,2013-01-01,2026-10-03
46_FV57_S11,46,F,V,57,11,1,4635|4637,3,6828.502,6828.502,0.0,5973,-27993.3,6810776.2,-22353.91,6814374.5,0,0,,,0,2013-01-01,2026-10-03
46_FV57_S12,46,F,V,57,12,1,4637,45,10425.147,10425.147,0.0,5973,-22353.91,6814208.05,-16644.02,6818716.42,0,0,,,0,2013-01-01,2026-10-03
46_FV57_S13,46,F,V,57,13,1,4637,42,10008.03,10008.03,0.0,5973,-16644.02,6818275.217,-15013.81,6824783.37,3,5,2024-01-24,2026-09-09,3,2013-01-01,2026-10-03
46_FV57_S14,46,F,V,57,14,1,4637|4646,42,10045.264,10045.264,0.0,5973,-17440.94,6824783.37,-14019.33,6830137.08,0,0,,,0,2013-01-01,2026-10-03
46_FV57_S15,46,F,V,57,15,1,4646,31,7522.768,7522.768,0.0,5973,-15583.59,6830092.41,-14490.27,6835238.5,6,7,2022-01-13,2026-07-25,6,2013-01-01,2026-10-03
46_FV57_S16,46,F,V,57,16,1,4646,69,9121.626,9121.626,0.0,5973,-15126.7,6835238.5,-11611.992,6841255.552,6,8,2021-12-14,2025-03-05,4,2013-01-01,2026-10-03
46_FV57_S17,46,F,V,57,17,1|10,4646,47,10083.236,9951.662,131.574,5973,-11622.51,6839603.661,-3409.726,6842102.59,22,33,2013-10-07,2026-08-06,20,2013-01-01,2026-10-03
46_FV57_S18,46,F,V,57,18,1,4646|4647,60,8097.389,8097.389,0.0,5973,-3409.726,6838518.511,3027.5,6840143.899,12,13,2022-11-24,2026-03-24,11,2013-01-01,2026-10-03
46_FV57_S19,46,F,V,57,19,1,4647,97,11614.877,11614.877,0.0,5973,1665.546,6839174.3,9399.4,6840898.359,9,9,2021-12-17,2024-12-15,8,2013-01-01,2026-10-03
46_FV57_S2,46,F,V,57,2,1,4631,22,8405.828,8405.828,0.0,5973,-32760.974,6759617.8,-29878.7,6767222.207,1,1,2026-09-15,2026-09-15,1,2013-01-01,2026-10-03
46_FV57_S3,46,F,V,57,3,1,4631,66,8938.746,8938.746,0.0,5973,-35472.402,6767222.207,-32077.922,6774066.753,0,0,,,0,2013-01-01,2026-10-03
46_FV57_S4,46,F,V,57,4,1,4631|4632,76,12682.016,12682.016,0.0,5973,-42582.43,6774066.753,-35472.402,6783595.5,0,0,,,0,2013-01-01,2026-10-03
46_FV57_S5,46,F,V,57,5,1,4631|4632,4,2899.237,2899.237,0.0,5973,-42287.09,6783595.5,-40048.09,6784943.7,1,1,2016-07-28,2016-07-28,1,2013-01-01,2026-10-03
46_FV57_S6,46,F,V,57,6,1,4635,1,3378.759,3378.759,0.0,5973,-40048.09,6784943.7,-38317.0,6787764.168,0,0,,,0,2013-01-01,2026-10-03
46_FV57_S7,46,F,V,57,7,1,4635,47,9992.268,9992.268,0.0,5973,-38402.126,6786449.878,-34079.3,6791810.274,5,10,2016-07-27,2026-04-21,4,2013-01-01,2026-10-03
46_FV57_S8,46,F,V,57,8,1,4635,50,10040.937,10040.937,0.0,5973,-34149.866,6791810.274,-30492.387,6798994.42,9,14,2013-11-15,2026-02-07,8,2013-01-01,2026-10-03
46_FV57_S9,46,F,V,57,9,1,4635,45,10041.504,10041.504,0.0,5973,-30492.387,6798921.01,-28673.468,6806208.741,2,3,2022-12-20,2023-03-19,2,2013-01-01,2026-10-03
46_FV5820_S1,46,F,V,5820,1,1,4648,6,59.604,59.604,0.0,5973,-4748.703,6894636.16,-4737.91,6894691.5,0,0,,,0,2013-01-01,2026-10-03
46_FV582_S1,46,F,V,582,1,1,4601,42,2093.624,2093.624,0.0,5973,-33149.0,6724150.2,-31571.842,6725289.917,0,0,,,0,2013-01-01,2026-10-03
46_FV582_S2,46,F,V,582,2,1|10|50|60,4601,210,8639.184,7423.066,1216.118,5973,-32340.7,6725444.7,-30902.94,6732246.681,3,3,2023-03-30,2024-01-24,3,2013-01-01,2026-10-03
46_FV583_S1,46,F,V,583,1,1,4624,50,2637.197,2637.197,0.0,5973,-28113.802,6710175.1,-27417.8,6712633.9,0,0,,,0,2013-01-01,2026-10-03
46_FV584_S1,46,F,V,584,1,1|40,4601,84,3580.672,3212.761,367.911,5973,-32812.919,6731733.7,-30373.41,6733384.447,0,0,,,0,2013-01-01,2026-10-03
46_FV585_S1,46,F,V,585,1,1,4601,207,8197.597,8197.597,0.0,5973,-31804.91,6727897.43,-30096.09,6734360.4,1,1,2023-12-17,2023-12-17,1,2013-01-01,2026-10-03
46_FV585_S2,46,F,V,585,2,1,4601,7,146.789,15.505,131.284,5973,-31945.3,6734268.3,-31866.913,6734392.217,0,0,,,0,2013-01-01,2026-10-03
46_FV587_S1,46,F,V,587,1,1,4601,71,7040.102,7040.102,0.0,5973,-25557.1,6729488.3,-23826.516,6735883.2,4,5,2022-12-29,2025-02-21,4,2013-01-01,2026-10-03
46_FV587_S2,46,F,V,587,2,1,4601,77,8035.623,8035.623,0.0,5973,-31480.8,6725464.4,-25557.1,6729488.3,10,12,2021-08-18,2026-01-21,10,2013-01-01,2026-10-03
46_FV588_S1,46,F,V,588,1,1,4601,10,499.744,499.744,0.0,5973,-32376.91,6733648.4,-32068.3,6733981.8,0,0,,,0,2013-01-01,2026-10-03
46_FV589_S1,46,F,V,589,1,1,4601,5,235.009,235.009,0.0,5973,-32216.41,6733833.8,-32128.8,6734028.5,0,0,,,0,2013-01-01,2026-10-03
46_FV600_S1,46,F,V,600,1,1,4647,30,1572.075,1572.075,0.0,5973,15002.41,6846652.47,15582.2,6847982.273,0,0,,,0,2013-01-01,2026-10-03
46_FV601_S1,46,F,V,601,1,1,4647,123,9987.313,9987.313,0.0,5973,13300.2,6847227.14,21227.98,6852340.13,0,0,,,0,2013-01-01,2026-10-03
46_FV601_S2,46,F,V,601,2,1,4647,48,5626.277,5626.277,0.0,5973,21227.98,6852340.13,25596.78,6855252.886,0,0,,,0,2013-01-01,2026-10-03
46_FV602_S1,46,F,V,602,1,1,4635,71,10680.487,10680.487,0.0,5973,-18845.335,6798347.753,-13637.28,6804559.535,8,19,2016-02-02,2024-06-10,8,2013-01-01,2026-10-03
46_FV602_S2,46,F,V,602,2,1,4635,79,15080.259,15080.259,0.0,5973,-28084.331,6804559.535,-18845.335,6811017.816,1,1,2025-01-14,2025-01-14,1,2013-01-01,2026-10-03
46_FV603_S1,46,F,V,603,1,1,4644,21,5260.971,5260.971,0.0,5973,89365.035,6825343.1,91359.609,6829547.78,1,1,2016-07-23,2016-07-23,1,2013-01-01,2026-10-03
46_FV604_S1,46,F,V,604,1,1,4644,29,9980.286,9980.286,0.0,5973,87154.33,6831842.96,88767.369,6840064.903,4,6,2023-04-16,2026-08-12,2,2013-01-01,2026-10-03
46_FV604_S2,46,F,V,604,2,1,4644,35,9979.387,9979.387,0.0,5973,88119.867,6840064.903,91061.401,6847930.669,19,26,2014-11-25,2026-02-26,17,2013-01-01,2026-10-03
46_FV604_S3,46,F,V,604,3,1|10|20,4644,131,26782.098,17475.803,9306.295,5973,85884.551,6847930.669,94387.41,6862177.49,19,32,2015-01-15,2026-03-19,19,2013-01-01,2026-10-03
46_FV605_S1,46,F,V,605,1,1,4635,33,10909.309,10909.309,0.0,5973,-35514.706,6799629.405,-28785.897,6803567.823,7,9,2022-01-02,2026-02-21,7,2013-01-01,2026-10-03
46_FV605_S2,46,F,V,605,2,1,4635,27,2931.367,2931.367,0.0,5973,-37630.906,6801250.926,-35514.706,6802299.961,0,0,,,0,2013-01-01,2026-10-03
46_FV606_S1,46,F,V,606,1,1|10|20,4635|4636,7,25797.297,12520.963,13276.334,5973,-36185.554,6810776.2,-27689.59,6818227.652,0,0,,,0,2013-01-01,2026-10-03
46_FV606_S2,46,F,V,606,2,1,4636,34,12788.75,12788.75,0.0,5973,-42219.87,6816924.22,-36185.554,6820025.98,0,0,,,0,2013-01-01,2026-10-03
46_FV606_S3,46,F,V,606,3,1,4636,29,9573.483,9573.483,0.0,5973,-46602.554,6813798.401,-42199.45,6818497.94,0,0,,,0,2013-01-01,2026-10-03
46_FV606_S4,46,F,V,606,4,1,4636,52,10119.606,10119.606,0.0,5973,-52558.07,6812118.3,-46602.554,6814204.02,0,0,,,0,2013-01-01,2026-10-03
46_FV607_S1,46,F,V,607,1,1,4637|4638,57,9988.652,9988.652,0.0,5973,-17325.06,6808577.94,-10193.29,6811752.49,1,1,2016-08-08,2016-08-08,1,2013-01-01,2026-10-03
46_FV607_S2,46,F,V,607,2,1,4637,46,8801.622,8801.622,0.0,5973,-19188.99,6810059.578,-17186.069,6816872.7,10,11,2023-01-06,2026-02-07,10,2013-01-01,2026-10-03
46_FV607_S3,46,F,V,607,3,1,4637,42,10042.513,10042.513,0.0,5973,-21502.854,6818443.29,-18019.09,6824304.777,4,5,2022-05-16,2025-02-24,4,2013-01-01,2026-10-03
46_FV607_S4,46,F,V,607,4,1,4637,43,10049.783,10049.783,0.0,5973,-24770.34,6824304.777,-21502.854,6830716.32,4,7,2016-08-09,2024-08-15,4,2013-01-01,2026-10-03
46_FV607_S5,46,F,V,607,5,1,4637|4646,26,6611.658,6611.658,0.0,5973,-25053.3,6830716.32,-22610.35,6835968.02,1,2,2026-08-06,2026-08-06,1,2013-01-01,2026-10-03
46_FV607_S6,46,F,V,607,6,1,4646,38,10038.834,10038.834,0.0,5973,-24987.736,6835772.04,-18469.596,6840274.48,0,0,,,0,2013-01-01,2026-10-03
46_FV607_S7,46,F,V,607,7,1,4646,28,6642.497,6642.497,0.0,5973,-18469.596,6835192.89,-15142.43,6840089.651,16,23,2021-12-21,2026-09-09,15,2013-01-01,2026-10-03
46_FV608_S1,46,F,V,608,1,1|10,4645,57,4407.792,4377.549,30.243,5973,-30172.73,6841586.6,-26942.41,6843116.3,1,1,2022-04-22,2022-04-22,1,2013-01-01,2026-10-03
46_FV608_S2,46,F,V,608,2,1,4645,2,3086.084,3086.084,0.0,5973,-32585.7,6841444.2,-29996.2,6842471.8,0,0,,,0,2013-01-01,2026-10-03
46_FV609_S1,46,F,V,609,1,1,4645|4646,18,6930.263,6930.263,0.0,5973,-18025.455,6841958.0,-11468.5,6842759.94,9,16,2023-06-12,2026-09-09,9,2013-01-01,2026-10-03
46_FV609_S2,46,F,V,609,2,1|10,4645,128,20856.444,20573.712,282.732,5973,-27367.34,6841918.5,-17819.64,6850445.44,21,27,2014-08-17,2026-07-04,20,2013-01-01,2026-10-03
46_FV609_S3,46,F,V,609,3,1,4645,49,10047.573,10047.573,0.0,5973,-23288.597,6849932.97,-16450.186,6853952.74,3,3,2022-01-02,2024-02-14,3,2013-01-01,2026-10-03
46_FV609_S4,46,F,V,609,4,1,4645,14,4084.462,4084.462,0.0,5973,-16450.186,6852097.8,-12903.8,6853702.969,4,6,2022-12-21,2025-09-26,4,2013-01-01,2026-10-03
46_FV609_S5,46,F,V,609,5,1|10,4645|4647,55,10686.735,10048.819,637.916,5973,-12903.8,6848551.16,-3836.69,6852125.7,47,75,2013-11-15,2026-08-15,46,2013-01-01,2026-10-03
46_FV609_S6,46,F,V,609,6,1,4647,26,7402.162,7402.162,0.0,5973,-3836.69,6847170.967,2863.053,6848551.16,16,26,2018-10-13,2026-08-09,16,2013-01-01,2026-10-03
46_FV609_S7,46,F,V,609,7,1|10,4647,38,10656.201,10020.728,635.473,5973,2656.97,6847659.79,10225.51,6851082.908,9,19,2017-10-27,2026-04-29,9,2013-01-01,2026-10-03
46_FV609_S8,46,F,V,609,8,1,4647,50,4871.929,4871.929,0.0,5973,10225.51,6847465.85,12970.67,6850812.58,8,9,2022-02-12,2025-09-21,6,2013-01-01,2026-10-03
46_FV60_S13,46,F,V,60,13,1,4651,60,10221.617,10221.617,0.0,5973,64917.32,6886948.24,71790.7,6891078.5,17,24,2021-12-14,2026-03-15,17,2013-01-01,2026-10-03
46_FV60_S14,46,F,V,60,14,1,4651,92,9990.277,9990.277,0.0,5973,67870.612,6883003.2,72167.86,6886980.5,13,18,2022-01-13,2026-04-07,13,2013-01-01,2026-10-03
46_FV60_S15,46,F,V,60,15,1,4651,44,9994.362,9994.362,0.0,5973,58776.124,6885829.378,67870.612,6888425.73,9,12,2013-04-23,2026-06-23,9,2013-01-01,2026-10-03
46_FV60_S16,46,F,V,60,16,1,4651,59,9977.729,9977.729,0.0,5973,54622.832,6882092.591,59564.2,6888266.82,15,20,2021-12-14,2026-03-17,13,2013-01-01,2026-10-03
46_FV60_S17,46,F,V,60,17,1,4650|4651,61,9998.258,9998.258,0.0,5973,52229.4,6877270.8,54622.832,6882092.591,1,1,2025-01-17,2025-01-17,1,2013-01-01,2026-10-03
46_FV60_S18,46,F,V,60,18,1,4650,41,7051.534,7051.534,0.0,5973,50031.344,6873748.361,52480.09,6877270.8,1,2,2023-07-04,2023-07-04,1,2013-01-01,2026-10-03
46_FV610_S1,46,F,V,610,1,1,4647,20,10004.662,10004.662,0.0,5973,17469.169,6831077.905,26444.468,6832848.085,10,15,2015-01-06,2026-05-29,10,2013-01-01,2026-10-03
46_FV610_S2,46,F,V,610,2,1|10,4647,86,13030.879,11668.379,1362.5,5973,7283.681,6832008.222,17469.169,6834983.129,7,12,2013-11-15,2025-01-17,7,2013-01-01,2026-10-03
46_FV610_S3,46,F,V,610,3,1|10,4647,82,10294.274,10294.274,0.0,5973,3137.706,6833334.79,8537.675,6839216.421,4,6,2023-04-08,2025-03-05,4,2013-01-01,2026-10-03
46_FV611_S1,46,F,V,611,1,1,4647,66,11027.614,11027.614,0.0,5973,-1808.022,6850961.842,7244.871,6854595.35,20,34,2014-11-30,2026-03-25,17,2013-01-01,2026-10-03
46_FV611_S2,46,F,V,611,2,1,4647,46,10809.856,10809.856,0.0,5973,-8995.6,6851135.931,-1781.829,6855231.3,24,33,2014-10-13,2026-01-24,23,2013-01-01,2026-10-03
46_FV611_S3,46,F,V,611,3,1,4602|4647,68,10006.585,10006.585,0.0,5973,-18231.924,6855075.229,-8995.6,6857856.981,8,15,2018-12-07,2026-03-12,8,2013-01-01,2026-10-03
46_FV611_S4,46,F,V,611,4,1,4602,39,6574.12,6574.12,0.0,5973,-21299.947,6857856.981,-18231.924,6861470.635,1,1,2020-03-24,2020-03-24,1,2013-01-01,2026-10-03
46_FV611_S5,46,F,V,611,5,1,4602,33,12123.732,12123.732,0.0,5973,-20574.432,6861298.188,-11450.41,6862845.51,2,3,2018-12-07,2026-01-16,2,2013-01-01,2026-10-03
46_FV611_S6,46,F,V,611,6,1|10,4602,102,12682.178,11337.543,1344.635,5973,-11450.41,6862808.725,-3882.497,6866432.436,0,0,,,0,2013-01-01,2026-10-03
46_FV613_S1,46,F,V,613,1,1,4640,45,10568.555,10568.555,0.0,5973,45158.88,6815933.632,47836.349,6823320.05,19,32,2015-12-05,2026-03-06,17,2013-01-01,2026-10-03
46_FV613_S2,46,F,V,613,2,1,4640,71,20428.878,20428.878,0.0,5973,44673.58,6822477.55,49907.82,6832124.82,26,44,2013-11-16,2026-04-19,26,2013-01-01,2026-10-03
46_FV613_S3,46,F,V,613,3,1,4640|4647,33,11448.844,11448.844,0.0,5973,34773.492,6830127.33,44673.58,6832182.083,0,0,,,0,2013-01-01,2026-10-03
46_FV613_S4,46,F,V,613,4,1,4647,63,10705.384,10705.384,0.0,5973,26440.059,6829763.821,34773.492,6832859.98,6,8,2017-11-09,2024-10-31,6,2013-01-01,2026-10-03
46_FV613_S5,46,F,V,613,5,1,4647,56,10019.435,10019.435,0.0,5973,25576.134,6832859.98,32479.913,6835401.372,2,2,2024-09-05,2024-10-12,2,2013-01-01,2026-10-03
46_FV613_S6,46,F,V,613,6,1,4647,37,10010.819,10010.819,0.0,5973,29378.478,6835401.372,32792.945,6840825.652,3,4,2022-09-24,2025-11-29,3,2013-01-01,2026-10-03
46_FV613_S7,46,F,V,613,7,1,4647,47,10463.201,10463.201,0.0,5973,21128.34,6840825.652,29378.478,6845184.028,4,4,2023-12-17,2024-12-15,4,2013-01-01,2026-10-03
46_FV614_S1,46,F,V,614,1,1,4602,25,10573.247,10573.247,0.0,5973,-15588.44,6869220.622,-10921.499,6872695.35,5,8,2021-12-13,2026-01-17,5,2013-01-01,2026-10-03
46_FV614_S10,46,F,V,614,10,1,4649,3,319.937,319.937,0.0,5973,13990.9,6899413.9,14281.12,6899513.76,0,0,,,0,2013-01-01,2026-10-03
46_FV614_S2,46,F,V,614,2,1,4602|4648,26,13217.918,13217.918,0.0,5973,-18130.01,6872428.571,-15588.44,6882052.394,25,41,2013-03-12,2026-08-21,24,2013-01-01,2026-10-03
46_FV614_S3,46,F,V,614,3,1|10,4648,68,14070.323,13643.664,426.659,5973,-18769.278,6881992.253,-13420.598,6886641.537,6,6,2022-04-22,2026-06-04,6,2013-01-01,2026-10-03
46_FV614_S4,46,F,V,614,4,1,4648,36,3193.166,3193.166,0.0,5973,-13420.598,6886129.256,-10871.01,6886712.419,0,0,,,0,2013-01-01,2026-10-03
46_FV614_S5,46,F,V,614,5,1,4648,27,10049.049,10049.049,0.0,5973,-10969.353,6886288.486,-4568.917,6890395.24,7,10,2023-05-04,2026-03-04,7,2013-01-01,2026-10-03
46_FV614_S6,46,F,V,614,6,1,4648,8,4800.586,4800.586,0.0,5973,-4568.917,6890395.24,-661.5,6892495.57,0,0,,,0,2013-01-01,2026-10-03
46_FV614_S7,46,F,V,614,7,1,4648,20,9948.995,9948.995,0.0,5973,-661.5,6891346.677,8812.487,6892465.8,0,0,,,0,2013-01-01,2026-10-03
46_FV614_S8,46,F,V,614,8,1,4648,24,8362.458,8362.458,0.0,5973,8812.487,6891348.959,13628.904,6895843.7,4,4,2024-01-07,2026-03-03,4,2013-01-01,2026-10-03
46_FV614_S9,46,F,V,614,9,1,4648|4649,3,4418.627,4418.627,0.0,5973,12984.6,6895843.7,13990.9,6899413.9,0,0,,,0,2013-01-01,2026-10-03
46_FV615_S1,46,F,V,615,1,1,4602,36,9985.054,9985.054,0.0,5973,-1122.125,6863287.131,4631.11,6867771.846,6,7,2018-03-27,2026-08-01,6,2013-01-01,2026-10-03
46_FV615_S2,46,F,V,615,2,1,4602|4650,52,10030.222,10030.222,0.0,5973,4631.11,6866932.36,13013.97,6870615.972,5,6,2022-01-03,2026-03-13,5,2013-01-01,2026-10-03
46_FV615_S3,46,F,V,615,3,1,4650,38,10024.695,10024.695,0.0,5973,12720.75,6870615.972,16518.547,6877372.13,1,2,2022-04-20,2022-04-20,1,2013-01-01,2026-10-03
46_FV615_S4,46,F,V,615,4,1,4650,19,6009.397,6009.397,0.0,5973,16518.547,6877309.91,21136.716,6878727.38,10,15,2021-01-12,2026-05-23,10,2013-01-01,2026-10-03
46_FV615_S5,46,F,V,615,5,1,4650,51,10041.923,10041.923,0.0,5973,20920.79,6877724.858,25565.16,6884491.97,11,20,2015-01-15,2026-09-18,10,2013-01-01,2026-10-03
46_FV615_S6,46,F,V,615,6,1,4650,15,4888.178,4888.178,0.0,5973,25564.39,6884491.97,27268.59,6888652.08,5,9,2022-08-15,2026-02-25,5,2013-01-01,2026-10-03
46_FV615_S7,46,F,V,615,7,1,4650,26,10025.236,10025.236,0.0,5973,27268.59,6882732.9,32272.15,6889586.64,13,18,2015-11-27,2026-08-02,11,2013-01-01,2026-10-03
46_FV615_S8,46,F,V,615,8,1,4650,52,5981.731,5981.731,0.0,5973,32211.68,6879490.16,36434.899,6882732.9,0,0,,,0,2013-01-01,2026-10-03
46_FV615_S9,46,F,V,615,9,1,4650,49,3100.441,3100.441,0.0,5973,36434.899,6879780.581,38335.23,6880735.706,2,2,2024-08-06,2024-12-16,2,2013-01-01,2026-10-03
46_FV616_S1,46,F,V,616,1,1,4648,26,10011.947,10011.947,0.0,5973,4297.577,6895732.262,12979.838,6898760.605,11,13,2019-08-02,2026-08-15,11,2013-01-01,2026-10-03
46_FV616_S2,46,F,V,616,2,1,4648,42,10020.743,10020.743,0.0,5973,-2364.003,6897870.549,4297.577,6902032.495,5,9,2013-10-08,2026-03-12,5,2013-01-01,2026-10-03
46_FV616_S3,46,F,V,616,3,1|10,4648,100,20468.78,8615.548,11853.232,5973,-8686.83,6889787.485,-2364.003,6901799.928,2,3,2024-03-22,2025-12-29,2,2013-01-01,2026-10-03
46_FV616_S4,46,F,V,616,4,1,4648,32,7303.263,7303.263,0.0,5973,-14108.8,6897716.279,-8193.8,6899350.2,1,2,2026-07-26,2026-07-26,1,2013-01-01,2026-10-03
46_FV616_S5,46,F,V,616,5,1|10|20|30|40|50|60,4602|4648,42,28297.359,11636.858,16660.501,5973,-23116.912,6898469.152,-14108.8,6906888.5,25,34,2018-09-26,2026-08-02,25,2013-01-01,2026-10-03
46_FV616_S6,46,F,V,616,6,1|10,4648,146,19544.781,14427.796,5116.985,5973,-32638.91,6889785.841,-23116.912,6899012.379,0,0,,,0,2013-01-01,2026-10-03
46_FV617_S1,46,F,V,617,1,1,4602,39,5682.527,5682.527,0.0,5973,-17126.09,6906888.5,-15364.5,6911807.3,7,13,2014-09-08,2026-01-04,7,2013-01-01,2026-10-03
46_FV618_S1,46,F,V,618,1,1,4602|4649,46,10036.27,10036.27,0.0,5973,-12252.41,6904218.8,-9419.7,6910308.857,8,19,2014-12-21,2026-05-10,7,2013-01-01,2026-10-03
46_FV618_S2,46,F,V,618,2,1,4649,42,10025.966,10025.966,0.0,5973,-9419.7,6906678.907,-6651.775,6910781.167,2,2,2021-12-05,2026-06-04,2,2013-01-01,2026-10-03
46_FV618_S3,46,F,V,618,3,1,4649,46,10031.359,10031.359,0.0,5973,-6651.775,6909386.587,-1344.879,6914325.537,4,6,2024-01-13,2026-02-21,4,2013-01-01,2026-10-03
46_FV618_S4,46,F,V,618,4,1|10,4649,71,12159.652,8026.464,4133.188,5973,-3494.41,6912196.848,2289.524,6916718.7,6,10,2023-10-17,2026-02-28,5,2013-01-01,2026-10-03
46_FV619_S1,46,F,V,619,1,1,4649,16,8132.205,8132.205,0.0,5973,-3411.67,6916424.547,1147.305,6918896.91,0,0,,,0,2013-01-01,2026-10-03
46_FV61_S14,46,F,V,61,14,1,4649,44,5507.414,5507.414,0.0,5973,255.756,6904588.177,4105.973,6907840.278,1,1,2017-12-06,2017-12-06,1,2013-01-01,2026-10-03
46_FV620_S2,46,F,V,620,2,1,4649,50,10042.596,10042.596,0.0,5973,1197.055,6911132.458,3616.684,6916519.486,1,1,2025-01-13,2025-01-13,1,2013-01-01,2026-10-03
46_FV620_S3,46,F,V,620,3,1,4649,68,10041.961,10041.961,0.0,5973,-2231.829,6916519.486,3160.052,6923248.836,1,2,2025-10-04,2025-10-04,1,2013-01-01,2026-10-03
46_FV620_S4,46,F,V,620,4,1,4649,40,2868.921,2868.921,0.0,5973,-3923.122,6923248.836,-2231.829,6925216.327,0,0,,,0,2013-01-01,2026-10-03
46_FV630_S1,46,F,V,630,1,1|10,4642,92,11548.577,11498.298,50.279,5973,107219.543,6787864.21,112878.3,6791254.91,16,22,2022-05-21,2025-12-19,16,2013-01-01,2026-10-03
46_FV630_S2,46,F,V,630,2,1,4642,52,7514.52,7514.52,0.0,5973,114561.57,6791400.31,119279.577,6794212.296,0,0,,,0,2013-01-01,2026-10-03
46_FV79_S1,46,F,V,79,1,1,4621,63,10678.023,10678.023,0.0,5973,39688.372,6733448.655,47226.533,6739450.818,47,75,2013-11-10,2026-09-02,43,2013-01-01,2026-10-03
46_FV79_S2,46,F,V,79,2,1|10|30|190,4621|4622,54,12560.451,10295.425,2265.026,5973,31135.05,6730453.91,39688.372,6733448.655,31,43,2015-10-02,2026-05-11,31,2013-01-01,2026-10-03
46_FV79_S3,46,F,V,79,3,1,4622,68,9042.711,9042.711,0.0,5973,24454.53,6728053.34,31135.05,6730455.75,17,25,2021-12-15,2026-01-25,16,2013-01-01,2026-10-03
46_FV79_S4,46,F,V,79,4,1,4622,40,9972.903,9972.903,0.0,5973,19028.39,6725340.03,24454.53,6728053.34,60,71,2014-10-08,2026-10-01,60,2013-01-01,2026-10-03
46_FV79_S5,46,F,V,79,5,1|40,4622,110,11762.467,9117.006,2645.461,5973,13379.86,6724560.86,19028.39,6727014.53,5,8,2022-08-25,2026-06-10,5,2013-01-01,2026-10-03
46_FV79_S6,46,F,V,79,6,1,4622,13,1076.56,1076.56,0.0,5973,12588.155,6725315.72,13379.86,6725877.54,0,0,,,0,2013-01-01,2026-10-03
46_RV13_S20,46,R,V,13,20,1,4618,24,10005.71,10005.71,0.0,5973,35475.84,6646968.966,39430.42,6653989.582,40,56,2015-12-05,2026-02-26,37,2013-01-01,2026-10-03
46_RV13_S21,46,R,V,13,21,1,4618,18,5705.818,5705.818,0.0,5973,38722.26,6653989.582,39372.5,6659341.256,11,15,2022-03-27,2026-02-26,10,2013-01-01,2026-10-03
46_RV13_S25,46,R,V,13,25,1,4618,44,10009.817,10009.817,0.0,5973,29829.15,6673107.07,30791.63,6681801.98,58,76,2019-03-21,2026-09-29,51,2013-01-01,2026-10-03
46_RV13_S26,46,R,V,13,26,1,4618,91,10064.715,10064.715,0.0,5973,30108.5,6681801.98,30832.3,6690764.889,41,73,2013-08-18,2026-08-10,37,2013-01-01,2026-10-03
46_RV13_S27,46,R,V,13,27,1,4618,47,9496.175,9496.175,0.0,5973,30756.21,6690764.889,33322.43,6699349.86,49,71,2013-05-19,2026-09-24,47,2013-01-01,2026-10-03
46_RV13_S28,46,R,V,13,28,1,4618,54,9943.072,9943.072,0.0,5973,33313.874,6699349.86,36845.12,6708254.29,23,30,2016-12-07,2026-06-11,23,2013-01-01,2026-10-03
46_RV13_S29,46,R,V,13,29,1,4618,61,9997.791,9997.791,0.0,5973,36741.77,6708254.29,40165.73,6716836.8,5,6,2018-08-10,2026-09-25,5,2013-01-01,2026-10-03
46_RV13_S30,46,R,V,13,30,1|10|20,4618,82,10309.21,9937.194,372.016,5973,39968.84,6716836.8,44579.5,6723248.27,13,18,2019-07-20,2025-12-21,13,2013-01-01,2026-10-03
46_RV13_S31,46,R,V,13,31,1,4618,37,10029.161,10029.161,0.0,5973,43976.56,6722096.6,49109.678,6729223.399,16,24,2022-11-11,2026-06-02,14,2013-01-01,2026-10-03
46_RV13_S32,46,R,V,13,32,1|10,4618|4619|4620,40,9465.959,9203.993,261.966,5973,49109.678,6729223.399,52048.119,6735978.3,5,9,2022-11-11,2025-07-17,4,2013-01-01,2026-10-03
46_RV13_S33,46,R,V,13,33,1|10,4621,45,12100.394,9997.68,2102.714,5973,45536.53,6735978.3,49765.7,6744088.67,10,15,2014-02-23,2025-02-05,10,2013-01-01,2026-10-03
46_RV13_S34,46,R,V,13,34,1|10,4621,73,17012.312,9974.689,7037.623,5973,38090.22,6743792.03,46514.97,6748147.18,1,1,2024-05-03,2024-05-03,1,2013-01-01,2026-10-03
46_RV13_S35,46,R,V,13,35,1|10,4621,98,9359.762,9119.868,239.894,5973,32495.469,6748147.18,38090.22,6753444.822,2,4,2022-05-20,2024-03-24,2,2013-01-01,2026-10-03
46_RV13_S36,46,R,V,13,36,1,4621,74,10351.277,10351.277,0.0,5973,36305.136,6769539.1,39002.156,6777487.991,70,97,2013-04-19,2026-04-02,62,2013-01-01,2026-10-03
46_RV13_S37,46,R,V,13,37,1,4621,21,10885.755,10885.755,0.0,5973,36941.43,6777487.991,39921.885,6784672.104,18,30,2015-05-02,2024-12-15,17,2013-01-01,2026-10-03
46_RV13_S38,46,R,V,13,38,1,4639,22,9997.824,9997.824,0.0,5973,37063.3,6784672.104,43017.227,6791110.356,15,20,2015-05-30,2026-06-23,15,2013-01-01,2026-10-03
46_RV13_S39,46,R,V,13,39,1,4639,11,10002.153,10002.153,0.0,5973,43017.227,6791110.356,45631.04,6798574.12,13,14,2015-05-06,2026-06-18,13,2013-01-01,2026-10-03
46_RV13_S40,46,R,V,13,40,1,4639,80,6875.495,6875.495,0.0,5973,43992.3,6798408.0,47320.54,6801998.88,1,2,2023-10-16,2023-10-16,1,2013-01-01,2026-10-03
46_RV13_S41,46,R,V,13,41,1|10,4639,50,10349.607,10126.115,223.492,5973,47320.54,6801998.88,51128.55,6811071.23,3,3,2024-01-26,2025-06-25,3,2013-01-01,2026-10-03
46_RV13_S42,46,R,V,13,42,1|10|30,4639|4640,9,15757.15,4391.0,11366.15,5973,46230.754,6811064.305,51074.4,6815933.632,0,0,,,0,2013-01-01,2026-10-03
46_RV13_S43,46,R,V,13,43,1,4640,2,1860.373,1860.373,0.0,5973,47836.349,6814915.2,49390.2,6815933.632,1,2,2018-02-15,2018-02-15,1,2013-01-01,2026-10-03
46_RV13_S44,46,R,V,13,44,1|10,4640,32,10944.093,10944.093,0.0,5973,49383.8,6810971.2,57967.6,6815015.7,18,29,2019-06-07,2026-09-13,17,2013-01-01,2026-10-03
46_RV13_S45,46,R,V,13,45,1,4640,15,1841.244,1841.244,0.0,5973,57967.6,6810803.9,59728.801,6811001.56,0,0,,,0,2013-01-01,2026-10-03
46_RV13_S46,46,R,V,13,46,1,4640,45,3416.768,3416.768,0.0,5973,59728.801,6810227.0,62717.2,6811099.6,1,2,2024-02-03,2024-02-03,1,2013-01-01,2026-10-03
46_RV13_S47,46,R,V,13,47,1|200,4640,64,10061.405,9578.908,482.497,5973,62717.2,6807032.0,70054.3,6810227.0,5,8,2023-02-06,2026-09-26,5,2013-01-01,2026-10-03
46_RV13_S48,46,R,V,13,48,1,4640,47,9746.153,9746.153,0.0,5973,70054.3,6808063.7,76732.8,6813959.7,31,59,2013-11-14,2026-08-21,29,2013-01-01,2026-10-03
46_RV15_S14,46,R,V,15,14,1,4651,18,9840.274,9840.274,0.0,5973,94184.01,6893866.734,101287.728,6897985.943,1,2,2024-04-13,2024-04-13,1,2013-01-01,2026-10-03
46_RV15_S15,46,R,V,15,15,1,4651,36,10713.281,10713.281,0.0,5973,89601.057,6889798.54,94732.301,6893866.734,5,5,2019-07-25,2024-01-27,5,2013-01-01,2026-10-03
46_RV15_S16,46,R,V,15,16,1,4651,67,10020.177,10020.177,0.0,5973,82346.71,6887579.97,89601.057,6890631.45,7,15,2013-11-16,2026-02-07,7,2013-01-01,2026-10-03
46_RV15_S17,46,R,V,15,17,1,4651,46,10012.323,10012.323,0.0,5973,74246.92,6890631.45,82346.71,6893594.89,2,4,2023-03-20,2024-01-28,2,2013-01-01,2026-10-03
46_RV15_S18,46,R,V,15,18,1,4651,83,9453.134,9453.134,0.0,5973,65536.0,6891088.7,74246.92,6893655.64,1,2,2024-12-01,2024-12-01,1,2013-01-01,2026-10-03
46_RV15_S19,46,R,V,15,19,1,4651,59,9970.218,9970.218,0.0,5973,58743.814,6889700.23,65536.0,6893066.772,6,7,2023-01-28,2025-07-04,6,2013-01-01,2026-10-03
46_RV15_S20,46,R,V,15,20,1,4651,17,4159.767,4159.767,0.0,5973,55882.22,6893066.772,58743.814,6895796.15,0,0,,,0,2013-01-01,2026-10-03
46_RV15_S21,46,R,V,15,21,1,4649,34,5420.788,5420.788,0.0,5973,22678.88,6897285.533,27570.864,6899299.89,2,3,2024-04-29,2026-03-07,2,2013-01-01,2026-10-03
46_RV15_S22,46,R,V,15,22,1,4649,61,10028.808,10028.808,0.0,5973,13350.39,6898904.45,22678.88,6899694.81,2,2,2021-12-14,2023-01-29,2,2013-01-01,2026-10-03
46_RV15_S23,46,R,V,15,23,1,4649,46,10042.982,10042.982,0.0,5973,4395.229,6899457.76,13350.39,6902331.22,5,8,2022-10-23,2026-01-26,5,2013-01-01,2026-10-03
46_RV15_S24,46,R,V,15,24,1,4649,48,7056.456,7056.456,0.0,5973,72.365,6902307.17,4395.229,6904594.068,6,7,2023-09-15,2026-03-04,5,2013-01-01,2026-10-03
46_RV15_S25,46,R,V,15,25,1,4602|4649,57,10043.982,10043.982,0.0,5973,-9226.876,6902318.822,72.365,6904569.028,13,17,2022-08-10,2026-03-04,13,2013-01-01,2026-10-03
46_RV15_S26,46,R,V,15,26,1,4602,94,11775.348,11775.348,0.0,5973,-17690.41,6902488.098,-9226.876,6906888.5,5,6,2022-09-10,2026-01-16,5,2013-01-01,2026-10-03
46_RV52_S6,46,R,V,52,6,1,4642,2,403.065,403.065,0.0,5973,129831.153,6779869.654,129899.363,6780265.761,0,0,,,0,2013-01-01,2026-10-03
46_RV52_S7,46,R,V,52,7,1,4642,21,10011.104,10011.104,0.0,5973,123387.025,6780265.761,129831.153,6787033.375,0,0,,,0,2013-01-01,2026-10-03
46_RV52_S8,46,R,V,52,8,1,4642,16,7229.098,7229.098,0.0,5973,120148.52,6787033.375,123387.025,6791458.02,2,2,2025-03-09,2025-03-23,2,2013-01-01,2026-10-03
46_RV555_S1,46,R,V,555,1,1|10|20,4601|4626,148,20717.916,19801.299,916.617,5973,-46070.37,6731452.3,-31580.3,6734229.4,11,14,2023-02-26,2026-06-22,11,2013-01-01,2026-10-03
46_RV580_S1,46,R,V,580,1,1|10,4601,69,9379.108,6301.478,3077.63,5973,-37059.41,6723252.5,-33158.09,6724825.46,0,0,,,0,2013-01-01,2026-10-03
46_RV580_S2,46,R,V,580,2,1,4601,15,1561.08,1561.08,0.0,5973,-38512.41,6723365.6,-37059.41,6723958.9,0,0,,,0,2013-01-01,2026-10-03
46_RV5_S1,46,R,V,5,1,1|10,4642,48,7279.652,6789.167,490.485,5973,94286.23,6793181.0,97169.02,6797410.61,2,2,2023-01-30,2023-08-08,2,2013-01-01,2026-10-03
46_RV5_S10,46,R,V,5,10,1,4640,27,9450.985,9450.985,0.0,5973,60477.0,6835551.477,61525.0,6844183.7,2,3,2022-09-21,2026-03-16,2,2013-01-01,2026-10-03
46_RV5_S11,46,R,V,5,11,1,4640|4647,15,9999.057,9999.057,0.0,5973,54387.217,6844183.7,61002.8,6850457.782,8,8,2017-08-05,2026-02-09,8,2013-01-01,2026-10-03
46_RV5_S12,46,R,V,5,12,1,4647,23,9902.45,9902.45,0.0,5973,47637.414,6850457.782,54387.217,6856053.1,3,4,2016-01-27,2026-07-25,3,2013-01-01,2026-10-03
46_RV5_S14,46,R,V,5,14,1,4647,90,11963.117,11963.117,0.0,5973,7220.269,6847180.37,13384.2,6854599.47,60,84,2014-10-22,2026-08-15,49,2013-01-01,2026-10-03
46_RV5_S15,46,R,V,5,15,1,4602|4647,42,10009.675,10009.675,0.0,5973,3049.178,6854599.47,7877.3,6862026.616,6,9,2022-08-11,2026-06-05,6,2013-01-01,2026-10-03
46_RV5_S16,46,R,V,5,16,1,4602,22,4535.255,4535.255,0.0,5973,-1015.93,6861979.353,3049.178,6863247.24,0,0,,,0,2013-01-01,2026-10-03
46_RV5_S17,46,R,V,5,17,1,4602,64,10041.242,10041.242,0.0,5973,-9174.097,6863247.24,-1015.93,6868365.257,15,18,2022-12-22,2026-06-06,14,2013-01-01,2026-10-03
46_RV5_S18,46,R,V,5,18,1,4602,30,10034.686,10034.686,0.0,5973,-18713.35,6868365.257,-9174.097,6869815.687,34,54,2014-08-26,2026-03-24,32,2013-01-01,2026-10-03
46_RV5_S19,46,R,V,5,19,1,4602,21,3647.579,3647.579,0.0,5973,-22153.03,6869343.771,-18713.35,6869740.266,0,0,,,0,2013-01-01,2026-10-03
46_RV5_S2,46,R,V,5,2,1,4642,26,8924.704,8924.704,0.0,5973,90627.597,6797113.9,95131.1,6803369.9,6,8,2022-09-02,2025-12-28,6,2013-01-01,2026-10-03
46_RV5_S20,46,R,V,5,20,1,4602,63,6777.233,6777.233,0.0,5973,-27707.488,6869740.229,-22153.03,6870699.512,1,2,2022-12-20,2022-12-20,1,2013-01-01,2026-10-03
46_RV5_S3,46,R,V,5,3,1,4640|4642,3,3110.408,3110.408,0.0,5973,88258.3,6803235.253,90627.597,6804816.8,0,0,,,0,2013-01-01,2026-10-03
46_RV5_S4,46,R,V,5,4,1|10|30|40,4640,81,13197.697,10549.516,2648.181,5973,81214.972,6804816.8,88358.834,6810852.31,2,2,2024-01-21,2025-12-27,2,2013-01-01,2026-10-03
46_RV5_S5,46,R,V,5,5,1,4640,34,6343.533,6343.533,0.0,5973,77520.07,6810852.31,81214.972,6813944.921,14,16,2021-10-10,2025-12-27,13,2013-01-01,2026-10-03
46_RV5_S6,46,R,V,5,6,1,4640,37,1597.401,1597.401,0.0,5973,76279.3,6813944.921,77775.672,6814272.1,0,0,,,0,2013-01-01,2026-10-03
46_RV5_S7,46,R,V,5,7,1,4640,36,9995.365,9995.365,0.0,5973,71901.509,6814004.7,76279.3,6820905.439,33,41,2021-12-18,2025-12-03,29,2013-01-01,2026-10-03
46_RV5_S8,46,R,V,5,8,1,4640,25,11774.901,11774.901,0.0,5973,66128.4,6820905.439,72263.5,6828545.0,4,7,2015-01-13,2023-08-15,4,2013-01-01,2026-10-03
46_RV5_S9,46,R,V,5,9,1,4640,9,9999.71,9999.71,0.0,5973,60383.56,6828545.0,66128.4,6835551.477,6,11,2022-02-09,2026-03-17,6,2013-01-01,2026-10-03
46_RV651_S1,46,R,V,651,1,1,4649,24,8474.453,8474.453,0.0,5973,31737.928,6897520.233,36104.08,6902584.39,8,13,2023-10-21,2026-04-22,8,2013-01-01,2026-10-03
46_RV7_S18,46,R,V,7,18,1,4619,1,9.052,9.052,0.0,5973,98166.135,6720495.873,98174.735,6720498.685,0,0,,,0,2013-01-01,2026-10-03
46_RV7_S19,46,R,V,7,19,1,4619,23,11711.219,11711.219,0.0,5973,88200.97,6716031.88,98166.135,6720510.719,2,4,2024-05-27,2024-12-28,2,2013-01-01,2026-10-03
46_RV7_S20,46,R,V,7,20,1,4619,56,11189.171,11189.171,0.0,5973,80062.76,6715852.64,88200.97,6720779.091,3,5,2014-01-14,2024-04-12,3,2013-01-01,2026-10-03
46_RV7_S21,46,R,V,7,21,1,4619,57,7515.945,7515.945,0.0,5973,74367.16,6720736.65,80062.76,6723198.29,1,1,2022-03-10,2022-03-10,1,2013-01-01,2026-10-03
46_RV7_S22,46,R,V,7,22,1,4619,59,11915.658,11915.658,0.0,5973,66834.1,6723198.29,74441.46,6724631.4,19,26,2022-03-18,2025-12-11,17,2013-01-01,2026-10-03
46_RV7_S23,46,R,V,7,23,1,4619,42,6510.713,6510.713,0.0,5973,64435.9,6724631.4,66834.1,6729655.9,9,16,2013-12-14,2026-01-25,9,2013-01-01,2026-10-03
46_RV7_S24,46,R,V,7,24,1,4619,36,9550.352,9550.352,0.0,5973,56266.5,6729369.34,64435.9,6731950.0,47,60,2013-04-15,2026-09-15,43,2013-01-01,2026-10-03
46_RV7_S25,46,R,V,7,25,1,4619,43,5104.409,5104.409,0.0,5973,51477.8,6730964.522,56266.5,6731588.578,4,5,2019-12-29,2026-03-03,4,2013-01-01,2026-10-03
